N,log2_N,family,r,alpha,order,delta_finite,delta_stationary_scale,delta_stationary,H,H_truncation_bound,excess_finite,excess_stationary,excess_scale,saving_vs_stationary_pct,saving_vs_scale_pct,stationary_gain_truncation_bound_pct,scale_gain_truncation_bound_pct,stationary_gain_error_estimate_pct,stationary_sign_resolved,scale_gain_error_estimate_pct,scale_sign_resolved,gain_error_scope
256,8,joint_window,0.0,1.0,96,6.18128695380128767578e-02,0.00000000000000000000e+00,0.00000000000000000000e+00,2.44533173793497621284e-01,7.49786258826540693388e-16,1.56431273546698106081e-02,2.38748120932375240688e-01,2.38748120932375240688e-01,2.46411917094186350141e+01,2.46411917094186350141e+01,4.23326870790145375144e-08,4.23326870790145375144e-08,7.74652946233800321352e-08,True,7.74652946233800321352e-08,True,series tail and order change; rounding and minimizer search are not enclosed
256,8,joint_window,0.05,1.0037445035232364,96,6.35755981622430771383e-02,7.65928565282721295836e-25,7.65928565282721295836e-25,2.45450302751479804142e-01,7.31642702161834853371e-16,1.51195163780788437852e-02,2.39646945976649233812e-01,2.39646945976649233812e-01,2.47964394848724971609e+01,2.47964394848724971609e+01,4.16173402894940607472e-08,4.16173402894940607472e-08,7.60744782724032120313e-08,True,7.60744782724032120313e-08,True,series tail and order change; rounding and minimizer search are not enclosed
256,8,joint_window,0.1,1.0074890070464726,96,6.54314592342308543049e-02,8.42138028591366647684e-13,8.42138028578387828444e-13,2.46367593385454636268e-01,7.13894579297030875413e-16,1.45907617395557992479e-02,2.40546110621050079903e-01,2.40546110621050079903e-01,2.49522031656933513943e+01,2.49522031656933513943e+01,4.09115794965697342412e-08,4.09115794965697342412e-08,7.47029353931338846451e-08,True,7.47029353931338846451e-08,True,series tail and order change; rounding and minimizer search are not enclosed
256,8,joint_window,0.15,1.011233510569709,96,6.73872344939430989452e-02,8.69184031465344306682e-09,8.69183936756378427785e-09,2.47285047264056256910e-01,6.96534424517907765886e-16,1.40565902260714574445e-02,2.41445109020719639314e-01,2.41445109020664183674e-01,2.51084699400973576644e+01,2.51084699400927711110e+01,4.02067298629274413790e-08,4.02067298619895773831e-08,7.33382776729740726296e-08,True,7.33382776729740726296e-08,True,series tail and order change; rounding and minimizer search are not enclosed
256,8,joint_window,0.2,1.0149780140929454,96,6.94501919707942450000e-02,8.83026137630484212352e-07,8.83018615380175631089e-07,2.48202665954863982423e-01,6.79554881095721365338e-16,1.35167250448319734707e-02,2.42293567529210274181e-01,2.42293567087195516052e-01,2.52611126140075654689e+01,2.52611125775301701424e+01,3.86812323976307979364e-08,3.86812252842009906870e-08,7.08108842673027538694e-08,True,7.08108807145890750689e-08,True,series tail and order change; rounding and minimizer search are not enclosed
256,8,joint_window,0.25,1.0187225176161818,96,7.16280930359823181375e-02,1.41282614116089046656e-05,1.41266819907237869942e-05,2.49120451024414268915e-01,6.62948700675866334794e-16,1.29708875058838126598e-02,2.42413777338883279500e-01,2.42413684546972235667e-01,2.53543270776480049733e+01,2.53543194235805451342e+01,2.80065478619065564032e-08,2.80055871408756479610e-08,5.46143184010361437686e-08,True,5.46128084977226535557e-08,True,series tail and order change; rounding and minimizer search are not enclosed
256,8,joint_window,0.3,1.022467021139418,96,7.39291889608328783856e-02,8.97078721797144642549e-05,8.96535322991723272919e-05,2.50038404038207373592e-01,6.46708742632400087789e-16,1.24187991479939828510e-02,2.38905820910362776122e-01,2.38902687943283703609e-01,2.51479862983666926368e+01,2.51477259105113120086e+01,8.68039288403022955502e-09,8.67554927214675056149e-09,1.97254372835686808685e-08,True,1.97149603309298981912e-08,True,series tail and order change; rounding and minimizer search are not enclosed
256,8,joint_window,0.35,1.0262115246626544,64,7.63622034586332598671e-02,3.35904792518867685146e-04,3.35237280412139853833e-04,2.50956526560718984342e-01,6.30827973390217706035e-16,1.18601843725007691233e-02,2.26081551029451155443e-01,2.26045676313726850992e-01,2.41519361606947491339e+01,2.41488682712881477244e+01,1.82273816096678959954e-08,1.81936263549459608725e-08,5.95316826945690991124e-08,True,5.94158500177854875801e-08,True,series tail and order change; rounding and minimizer search are not enclosed
256,8,joint_window,0.4,1.0299560281858908,64,7.89362970890450377226e-02,9.04178604072110206173e-04,8.99863833347396935118e-04,2.51874820155407741495e-01,6.15299465716636406908e-16,1.12947736226017489414e-02,1.98899620387213149630e-01,1.98703573792572113499e-01,2.18405427108408183301e+01,2.18227000614578372506e+01,7.45716919665691601133e-09,7.42754552559176571239e-09,2.24233112078309204662e-08,True,2.23204885685390763683e-08,True,series tail and order change; rounding and minimizer search are not enclosed
256,8,joint_window,0.45,1.0337005317091272,64,8.16610088809153755740e-02,1.95311210572030958046e-03,1.93492075978720745426e-03,2.52793286384725757188e-01,6.00116397984059384076e-16,1.07223072054363089550e-02,1.59035228505601589077e-01,1.58428862274251541775e-01,1.81246036329632431716e+01,1.80638880893852622478e+01,4.08256443608036945232e-09,4.05640851113207466746e-09,1.06473976302368100733e-08,True,1.05536130945438344497e-08,True,series tail and order change; rounding and minimizer search are not enclosed
256,8,joint_window,0.5,1.0374450352323634,64,8.45461701881439903206e-02,3.61663400447493179127e-03,3.55974646787210946206e-03,2.53711926810126553455e-01,5.85272053405368529419e-16,1.01425397191568823774e-02,1.16163873744308990266e-01,1.14978774017857207634e-01,1.36870244286262785494e+01,1.35547695466759776650e+01,2.76714455171584206846e-09,2.74411592287892876496e-09,5.86934589819065877236e-09,True,5.77996317474571696948e-09,True,series tail and order change; rounding and minimizer search are not enclosed
256,8,joint_window,0.55,1.0411895387555998,64,8.76017857803570720865e-02,5.98729472021023931272e-03,5.84409537416611789967e-03,2.54630742992076108955e-01,5.70759819243618038800e-16,9.55524513613138261336e-03,8.05041351225196932795e-02,7.88717567265908997554e-02,9.61182727369767953007e+00,9.41149344509795859892e+00,2.16797462741836730014e-09,2.14785772085917124551e-09,3.52348372700816980796e-09,True,3.43530359714350197464e-09,True,series tail and order change; rounding and minimizer search are not enclosed
256,8,joint_window,0.6,1.0449340422788362,64,9.08378776680534294474e-02,9.11314384733545590489e-03,8.80669696988255548686e-03,2.55549736490059853367e-01,5.56573185997571617819e-16,8.96022248297081470858e-03,5.56846676984104616004e-02,5.38887814238978718473e-02,6.55769404625294427547e+00,6.32157805864199584533e+00,1.86026320311085188490e-09,1.84289415564286309286e-09,2.21590568116880604066e-09,True,2.12929052167964982800e-09,True,series tail and order change; rounding and minimizer search are not enclosed
256,8,joint_window,0.65,1.0486785458020726,64,9.42642883750803156628e-02,1.30028259033756268814e-02,1.24237717108651220949e-02,2.56468908862593325537e-01,5.42705746564547413359e-16,8.35730202965049087660e-03,3.97663145846576179809e-02,3.79919309780323566361e-02,4.51416254243112113897e+00,4.27003412820190053623e+00,1.68583472989713237423e-09,1.67107171534672804496e-09,1.68583472989713237423e-09,True,1.67107171534672804496e-09,True,series tail and order change; rounding and minimizer search are not enclosed
256,8,joint_window,0.7,1.0524230493253088,64,9.78904424940727352356e-02,1.76341198696385453859e-02,1.66414181250826090364e-02,2.57388261667230444640e-01,5.29151195382014976664e-16,7.74635183382231529148e-03,2.95672081085217482166e-02,2.78711604916862983050e-02,3.18652949585148537182e+00,2.94615025356572468596e+00,1.57782550466423358954e-09,1.56544734432552134178e-09,1.57782550466423358954e-09,True,1.56544734432552134178e-09,True,series tail and order change; rounding and minimizer search are not enclosed
256,8,joint_window,0.75,1.0561675528485452,64,1.01725068523788472752e-01,2.29629163628412118203e-02,2.13878010191527294370e-02,2.58307796460573946273e-01,5.15903327549317073114e-16,7.12728441667185436126e-03,2.27664899691581330832e-02,2.11520464199249427772e-02,2.30945766526526874429e+00,2.07600043694834690555e+00,1.50486938170215584905e-09,1.49452763547937010586e-09,1.50486938170215584905e-09,True,1.49452763547937010586e-09,True,series tail and order change; rounding and minimizer search are not enclosed
256,8,joint_window,0.8,1.0599120563717817,64,1.05775887185843797678e-01,2.89311392620483845417e-02,2.65831400597549769027e-02,2.59227514798282321351e-01,5.02956037930866276941e-16,6.50006327696443612918e-03,1.80017083597907717740e-02,1.64614912472134666821e-02,1.71253479400577024450e+00,1.48661377739768219008e+00,1.45117078458071015713e-09,1.44245322250347452154e-09,1.45117078458071015713e-09,True,1.44245322250347452154e-09,True,series tail and order change; rounding and minimizer search are not enclosed
256,8,joint_window,0.85,1.0636565598950178,64,1.10049277430121994481e-01,3.54730824130705529873e-02,3.21469407011381810846e-02,2.60147418235080585269e-01,4.90303320242091150092e-16,5.86470889037235022789e-03,1.45016753479163020002e-02,1.30284732395788346859e-02,1.29428363177692928865e+00,1.07589365946023729492e+00,1.40845886564557489180e-09,1.40097495723848103888e-09,1.40845886564557489180e-09,True,1.40097495723848103888e-09,True,series tail and order change; rounding and minimizer search are not enclosed
256,8,joint_window,0.9,1.0674010634182542,64,1.14549936660164414226e-01,4.25201449672187314910e-02,3.80026889516300869776e-02,2.61067508324768215999e-01,4.77939266119386787133e-16,5.22130380416990953762e-03,1.18171154026799896108e-02,1.04052902300165311944e-02,9.93592193932497091957e-01,7.82579402770972043513e-01,1.37229084011738772657e-09,1.36571552329026951242e-09,1.37229084011738772657e-09,True,1.36571552329026951242e-09,True,series tail and order change; rounding and minimizer search are not enclosed
256,8,joint_window,0.95,1.0711455669414907,64,1.19280556547613089680e-01,5.00041747337099176662e-02,4.40805380541396327199e-02,2.61987786620229423651e-01,4.65858064175278852730e-16,4.56999643549148987232e-03,9.67519900138692247327e-03,8.32064743660981473439e-03,7.72464527373460940751e-01,5.68673837037869445155e-01,1.34021515177728549061e-09,1.33429355740787868143e-09,1.34021515177728549061e-09,True,1.33429355740787868143e-09,True,series tail and order change; rounding and minimizer search are not enclosed
256,8,joint_window,1.0,1.074890070464727,64,1.24241539151535143604e-01,5.78596966631136633286e-02,5.03185540856484619932e-02,2.62908254673440811011e-01,4.54053999039946439147e-16,3.91100322422695267921e-03,7.90376312722241951281e-03,6.60377246610048714015e-03,6.06495003452844905212e-01,4.09837416644443286451e-01,1.31083441025701939967e-09,1.30536997498518209709e-09,1.31083441025701939967e-09,True,1.30536997498518209709e-09,True,series tail and order change; rounding and minimizer search are not enclosed
256,8,joint_window,1.05,1.0786345739879633,64,1.29430778884863317835e-01,6.60252949294195395913e-02,5.66630064800329666386e-02,2.63828914035480310840e-01,4.42521450390239062505e-16,3.24460888250564793989e-03,6.39052081643264047184e-03,5.14364486941700817246e-03,4.79538424066482449337e-01,2.90025556553433760953e-01,1.28332302363291984510e-09,1.27816340300474195801e-09,1.28332302363291984510e-09,True,1.27816340300474195801e-09,True,series tail and order change; rounding and minimizer search are not enclosed
256,8,joint_window,1.1,1.0823790775111997,64,1.34843533402187493175e-01,7.44443778420892654513e-02,6.30680740585164573142e-02,2.64749766256537011344e-01,4.31254891967254091241e-16,2.57116461567155965562e-03,5.06014460384622034861e-03,3.86609840174654759148e-03,3.80630590313965899707e-01,1.98391744976792266941e-01,1.25717537099101205420e-09,1.25220103927745417658e-09,1.25717537099101205420e-09,True,1.25220103927745417658e-09,True,series tail and order change; rounding and minimizer search are not enclosed
256,8,joint_window,1.15,1.086123581034436,64,1.40472400495016191968e-01,8.30655082555574741932e-02,6.94952281688929751624e-02,2.65670812885919704893e-01,4.20248890583529905419e-16,1.89108434896562496719e-03,3.86087162164253788754e-03,2.72043847131993310473e-03,3.02150268189022186416e-01,1.27439499576283254978e-01,1.23207111724790629691e-09,1.22718711987810022386e-09,1.23207111724790629691e-09,True,1.22718711987810022386e-09,True,series tail and order change; rounding and minimizer search are not enclosed
256,8,joint_window,1.2,1.0898680845576725,64,1.46307409091274071011e-01,9.18424387496587640856e-02,7.59124667698177352237e-02,2.66592055472065381228e-01,4.09498105120841553307e-16,1.20483915664734014817e-03,2.75639490742004937551e-03,1.67134169771396279280e-03,2.38688686349301931733e-01,7.18859480320481747384e-02,1.20780091382535157116e-09,1.20293105911997419744e-09,1.20780091382535157116e-09,True,1.20293105911997419744e-09,True,series tail and order change; rounding and minimizer search are not enclosed
256,8,joint_window,1.21,1.0906169852623195,64,1.47498100648185748174e-01,9.36128081984534815563e-02,7.71923201646979861845e-02,2.66776327640307453493e-01,4.07378110342395925339e-16,1.06689539817671555366e-03,2.54445280814028992888e-03,1.47076856729139865410e-03,2.27433939213973451698e-01,6.22693386156746159221e-02,1.20303368833733701323e-09,1.19815886606695146196e-09,1.20303368833733701323e-09,True,1.19815886606695146196e-09,True,series tail and order change; rounding and minimizer search are not enclosed
256,8,joint_window,1.22,1.0913658859669668,64,1.48696441722698108334e-01,9.53874395405192865294e-02,7.84705248154199952459e-02,2.66960607721102527456e-01,4.05268072343954022428e-16,9.28730143232955884791e-04,2.33507536318553962640e-03,1.27287407047409900640e-03,2.16594629843001401648e-01,5.30892887885190331576e-02,1.19829317831964948939e-09,1.19341103710811991449e-09,1.19829317831964948939e-09,True,1.19341103710811991449e-09,True,series tail and order change; rounding and minimizer search are not enclosed
256,8,joint_window,1.23,1.092114786671614,64,1.49902319816412415987e-01,9.71660340327733518251e-02,7.97469032735950988933e-02,2.67144895726825259974e-01,4.03167949702935568473e-16,7.90347844217713368931e-04,2.12810473189833058993e-03,1.07750712409945131887e-03,2.06146634771587872192e-01,4.43226362311896215918e-02,1.19357856427171735514e-09,1.18868684948299411142e-09,1.19357856427171735514e-09,True,1.18868684948299411142e-09,True,series tail and order change; rounding and minimizer search are not enclosed
256,8,joint_window,1.24,1.0928636873762614,64,1.51115619337457374183e-01,9.89483003460568388832e-02,8.10212855005283533183e-02,2.67329191669849530744e-01,4.01077701140171502159e-16,6.51753015470175195434e-04,1.92339273869104182557e-03,8.84526194256218811773e-04,1.96067234613709701074e-01,3.59476143183342991549e-02,1.18888908349897487283e-09,1.18398563310010660585e-09,1.18888908349897487283e-09,True,1.18398563310010660585e-09,True,series tail and order change; rounding and minimizer search are not enclosed
256,8,joint_window,1.25,1.0936125880809087,64,1.52336221722775999599e-01,1.00733954453582366662e-01,8.22935086351409966765e-02,2.67513495562547720663e-01,3.98997285519576501070e-16,5.12950230481076796529e-04,1.72080021388737805510e-03,6.93798638394096944815e-04,1.86335019426898867989e-01,2.79437571021956786266e-02,1.18422402550550321610e-09,1.17930676616896264301e-09,1.18422402550550321610e-09,True,1.17930676616896264301e-09,True,series tail and order change; rounding and minimizer search are not enclosed
256,8,joint_window,1.26,1.094361488785556,64,1.53564005564270356086e-01,1.02522719516831839481e-01,8.35634167665869898034e-02,2.67697807417291211429e-01,3.96926661847820618338e-16,3.73944119089853616034e-04,1.52019638540758228462e-03,5.05200098254443563661e-04,1.76929801287203619653e-01,2.02918115473346809263e-02,1.17958272780495065389e-09,1.17464967123284471932e-09,1.17958272780495065389e-09,True,1.17464967123284471932e-09,True,series tail and order change; rounding and minimizer search are not enclosed
256,8,joint_window,1.27,1.0951103894902032,64,1.54798846738424117353e-01,1.04314325769316484926e-01,8.48308607117085056171e-02,2.67882127246449219804e-01,3.94865789274000722078e-16,2.34739364671356781633e-04,1.32145831690652290624e-03,3.18613939235316834253e-04,1.67832533463248473327e-01,1.29736564021188070794e-02,1.17496457210769025253e-09,1.17001381156186546513e-09,1.17496457210769025253e-09,True,1.17001381156186546513e-09,True,series tail and order change; rounding and minimizer search are not enclosed
256,8,joint_window,1.28,1.0958592901948505,64,1.56040618539015046862e-01,1.06108510398575467404e-01,8.60956977974352694050e-02,2.68066455062390018860e-01,3.92814627089311096654e-16,9.53407013166776562407e-05,1.12447038839253929399e-03,1.33930732220663428755e-04,1.59025235635455619576e-01,5.97222714978395789742e-03,1.17036898084682901392e-09,1.16539868787017461844e-09,1.17036898084682901392e-09,True,1.16539868787017461844e-09,True,series tail and order change; rounding and minimizer search are not enclosed
256,8,joint_window,1.29,1.0966081908994978,64,1.57289191812521989000e-01,1.07905017426760646559e-01,8.73577916482174282597e-02,2.68250790877480993490e-01,3.90773134726714339772e-16,-4.42470889847161596986e-05,9.29123815729862578827e-04,-4.89522257193994447810e-05,1.50490924657136843079e-01,-7.28553466799167844144e-04,1.16579541400968592169e-09,1.16081235884417578801e-09,1.16579541400968592169e-09,True,1.16081235884417578801e-09,True,series tail and order change; rounding and minimizer search are not enclosed
256,8,joint_window,1.3,1.097357091604145,64,1.58544435095834601590e-01,1.09703597590131179951e-01,8.86170119785488763497e-02,2.68435134704087807744e-01,3.88741271760611372100e-16,-1.84019179158109030814e-04,7.35316205764405261824e-04,-2.30131355015743971348e-04,1.42213550400784483063e-01,-7.14383980597656838979e-03,1.16124336624499410098e-09,1.15631205706079338410e-09,1.16124336624499410098e-09,True,1.15631205706079338410e-09,True,series tail and order change; rounding and minimizer search are not enclosed
256,8,joint_window,1.31,1.0981059923087924,64,1.59806214755867481703e-01,1.11504008217749417398e-01,8.98732343906133296363e-02,2.68619486554574182779e-01,3.86718997906511298981e-16,-3.23970699844387116650e-04,5.42951144116451261956e-04,-4.09697204630219552479e-04,1.34177936273884468310e-01,-1.32879229919242274061e-02,1.15671236421921441667e-09,1.15182743316341294498e-09,1.15671236421921441667e-09,True,1.15182743316341294498e-09,True,series tail and order change; rounding and minimizer search are not enclosed
256,8,joint_window,1.32,1.0988548930134396,64,1.61074395130686970345e-01,1.13306013109651937398e-01,9.11263401770779635225e-02,2.68803846441303950776e-01,3.84706273020700877715e-16,-4.64096742186424077170e-04,3.51937812951778894455e-04,-5.87734833113303517527e-04,1.26369724026149654605e-01,-1.91742862629501083227e-02,1.15220196419817906764e-09,1.14735830947119871145e-09,1.15220196419817906764e-09,True,1.14735830947119871145e-09,True,series tail and order change; rounding and minimizer search are not enclosed
256,8,joint_window,1.33,1.099603793718087,64,1.62348838671760364871e-01,1.15109382414743638412e-01,9.23762161290308664308e-02,2.68988214376638168357e-01,3.82703057099914083445e-16,-6.04392360593467015129e-04,1.62190636291238005073e-04,-7.64324162129677991961e-04,1.18775322503532648755e-01,-2.48156563503362410927e-02,1.14771174983276176055e-09,1.14290452135502082223e-09,1.14771174983276176055e-09,True,1.14290452135502082223e-09,True,series tail and order change; rounding and minimizer search are not enclosed
256,8,joint_window,1.34,1.1003526944227342,64,1.63629406086941486809e-01,1.16913892508639732926e-01,9.36227543490444763519e-02,2.69172590372937059477e-01,3.80709310281000442449e-16,-7.44852575481333434304e-04,-2.63710493637880905027e-05,-9.39540304672428772115e-04,1.11381860035171781353e-01,-3.02240512032418730259e-02,1.14324133012946783195e-09,1.13846591612191519713e-09,1.14324133012946783195e-09,True,1.13846591612191519713e-09,True,series tail and order change; rounding and minimizer search are not enclosed
256,8,joint_window,1.35,1.1011015951273815,64,1.64915956483817766065e-01,1.18719325871667294447e-01,9.48658520693426432491e-02,2.69356974442559959915e-01,3.78724992840594400817e-16,-8.85472375983114429188e-04,-2.13823301113972435994e-04,-1.11345386998848092097e-03,1.04177140166434506474e-01,-3.54108243480858314589e-02,1.13879033758880823824e-09,1.13404235200004421041e-09,1.13879033758880823824e-09,True,1.13404235200004421041e-09,True,series tail and order change; rounding and minimizer search are not enclosed
256,8,joint_window,1.36,1.1018504958320288,64,1.66208347513050608280e-01,1.20525470967213818585e-01,9.61054114750149596214e-02,2.69541366597864151533e-01,3.76750065194783016792e-16,-1.02624672262645669218e-03,-4.00237854295777684133e-04,-1.28613124705890050081e-03,9.71496004765471238285e-02,-4.03867061456256240537e-02,1.13435842649606792499e-09,1.12963369721435027351e-09,1.13435842649606792499e-09,True,1.12963369721435027351e-09,True,series tail and order change; rounding and minimizer search are not enclosed
256,8,joint_window,1.37,1.102599396536676,64,1.67506435511349360823e-01,1.22332122120594230519e-01,9.73413395322624136474e-02,2.69725766851206305574e-01,3.74784487898774244762e-16,-1.16717054997389491078e-03,-5.85682387351637440132e-04,-1.45763486831602950833e-03,9.02882742412353667127e-02,-4.51618421862695490487e-02,1.12994527135059737723e-09,1.12523982914412490719e-09,1.12994527135059737723e-09,True,1.12523982914412490719e-09,True,series tail and order change; rounding and minimizer search are not enclosed
256,8,joint_window,1.38,1.103348297241323,64,1.68810075643735763018e-01,1.24139079398595142401e-01,9.85735478215527538559e-02,2.69910175214941150390e-01,3.72828221646565662977e-16,-1.30823876922337226092e-03,-7.70220768469713490401e-04,-1.62802345513415533396e-03,8.35827547221967975810e-02,-4.97458290436998892825e-02,1.12555056542118324539e-09,1.12086063355463488024e-09,1.12555056542118324539e-09,True,1.12086063355463488024e-09,True,series tail and order change; rounding and minimizer search are not enclosed
256,8,joint_window,1.39,1.1040971979459706,64,1.70119122044768644741e-01,1.25946148489840370477e-01,9.98019523756853987884e-02,2.70094591701422526153e-01,3.70881227270608517421e-16,-1.44944627076486198813e-03,-9.53913285401571109379e-04,-1.79735224649769237404e-03,7.70231618823420394193e-02,-5.41477475884204473289e-02,1.12117401941624322091e-09,1.11649600389575700886e-09,1.12117401941624322091e-09,True,1.11649600389575700886e-09,True,series tail and order change; rounding and minimizer search are not enclosed
256,8,joint_window,1.4,1.1048460986506177,64,1.71433427958400219637e-01,1.27753140586093189013e-01,1.01026473522632609381e-01,2.70279016323002663214e-01,3.68943465741482020856e-16,-1.59078792669043594943e-03,-1.13681685973853613403e-03,-1.96567321213009932324e-03,7.06001113439272270922e-02,-5.83761940456045680392e-02,1.11681536025873680743e-09,1.11214584066132966741e-09,1.11681536025873680743e-09,True,1.11214584066132966741e-09,True,series tail and order change; rounding and minimizer search are not enclosed
256,8,joint_window,1.41,1.105594999355265,64,1.72752845876181809759e-01,1.29559872264635694838e-01,1.02247035733126073742e-01,2.70463449092032848231e-01,3.67014898167551825362e-16,-1.73225859325668377076e-03,-1.31898524682690782006e-03,-2.13303525126174939319e-03,6.43046854209212426223e-02,-6.24393089666179929020e-02,1.11247432995658567426e-09,1.10781005080348058374e-09,1.11247432995658567426e-09,True,1.10781005080348058374e-09,True,series tail and order change; rounding and minimizer search are not enclosed
256,8,joint_window,1.42,1.1063439000599122,64,1.74077227673508361239e-01,1.31366165371797932737e-01,1.03463567472848405604e-01,2.70647890020862480487e-01,3.65095485794643581826e-16,-1.87385311329426110238e-03,-1.50046922239464516902e-03,-2.29948437811158118427e-03,5.81284060715460543234e-02,-6.63448042695530121327e-02,1.10815068456040499148e-09,1.10348854719692130667e-09,1.10815068456040499148e-09,True,1.10348854719692130667e-09,True,series tail and order change; rounding and minimizer search are not enclosed
256,8,joint_window,1.43,1.1070928007645595,64,1.75406424743651839782e-01,1.33171846907755103695e-01,1.04676001059189130449e-01,2.70832339121840404150e-01,3.63185190005706490773e-16,-2.01556631856535453662e-03,-1.68131675688194814899e-03,-2.46506389507221423951e-03,5.20632096290082474477e-02,-7.00999884911821663502e-02,1.10384419320099586237e-09,1.09918124814853891097e-09,1.10384419320099586237e-09,True,1.09918124814853891097e-09,True,series tail and order change; rounding and minimizer search are not enclosed
256,8,joint_window,1.44,1.1078417014692068,64,1.76740288129322881128e-01,1.34976748912662175561e-01,1.05884272522440717190e-01,2.71016796407313076411e-01,3.61283972320480501667e-16,-2.15739303206568741600e-03,-1.86157317837907024249e-03,-2.62981455450449902456e-03,4.61014231804587892860e-02,-7.37117903814834690701e-02,1.09955463719985588363e-09,1.09488807694819846086e-09,1.09955463719985588363e-09,True,1.09488807694819846086e-09,True,series tail and order change; rounding and minimizer search are not enclosed
256,8,joint_window,1.45,1.108590602173854,64,1.78078668651527216582e-01,1.36780708354199947996e-01,1.07088321471350250702e-01,2.71201261889627232016e-01,3.59391794395162279624e-16,-2.29932807026977589770e-03,-2.04128132500608697186e-03,-2.79377470997444268819e-03,4.02357424741499880572e-02,-7.71867809612028499267e-02,1.09528180924655629802e-09,1.09060896145701902996e-09,1.09528180924655629802e-09,True,1.09060896145701902996e-09,True,series tail and order change; rounding and minimizer search are not enclosed
256,8,joint_window,1.46,1.1093395028785014,64,1.79421417035502406279e-01,1.38583567016600822663e-01,1.08288090962925923066e-01,2.71385735581126719129e-01,3.57508618022071615853e-16,-2.44136624531823484552e-03,-2.22048168749777383169e-03,-2.95698045769712120068e-03,3.44592112449528947815e-02,-8.05311941531709624131e-02,1.09102551263741074884e-09,1.08634383372976699245e-09,1.09102551263741074884e-09,True,1.08634383372976699245e-09,True,series tail and order change; rounding and minimizer search are not enclosed
256,8,joint_window,1.47,1.1100884035831486,64,1.80768384033540868705e-01,1.40385171391207180802e-01,1.09483527376395786690e-01,2.71570217494154941829e-01,3.55634405129316901334e-16,-2.58350236714618292089e-03,-2.39921254269919934088e-03,-3.11946576889328766602e-03,2.87652018565329702093e-02,-8.37509460896912472094e-02,1.08678556057037184332e-09,1.08209262966833724317e-09,1.08678556057037184332e-09,True,1.08209262966833724317e-09,True,series tail and order change; rounding and minimizer search are not enclosed
256,8,joint_window,1.48,1.110837304287796,64,1.82119420544509830195e-01,1.42185372568610940425e-01,1.10674580291226079543e-01,2.71754707641053749878e-01,3.53769117780461340042e-16,-2.72573124555143889158e-03,-2.57751007861848832614e-03,-3.28126261370422639407e-03,2.31473971668597622298e-02,-8.68516531897299548515e-02,1.08256177549156012306e-09,1.07785528870357590026e-09,1.08256177549156012306e-09,True,1.07785528870357590026e-09,True,series tail and order change; rounding and minimizer search are not enclosed
256,8,joint_window,1.49,1.1115862049924432,64,1.83474377729921950264e-01,1.43984026132417647359e-01,1.11861202369085879771e-01,2.71939206034163771797e-01,3.51912718174187929586e-16,-2.86804769220207200764e-03,-2.75540851163327826789e-03,-3.44240107726372437935e-03,1.75997735309401590054e-02,-8.98386490928897302188e-02,1.07835398848923659890e-09,1.07363175350297639016e-09,1.07835398848923659890e-09,True,1.07363175350297639016e-09,True,series tail and order change; rounding and minimizer search are not enclosed
256,8,joint_window,1.5,1.1123351056970905,64,1.84833107126406326337e-01,1.45780992054669600311e-01,1.13043349239667231809e-01,2.72123712685824858948e-01,3.50065168643965329307e-16,-3.01044652258313297222e-03,-2.93294019640193137644e-03,-3.60290946847649160012e-03,1.21165848611558112785e-02,-9.27170005299773475338e-02,1.07416203873140575438e-09,1.06942196970200539439e-09,1.07416203873140575438e-09,True,1.06942196970200539439e-09,True,series tail and order change; rounding and minimizer search are not enclosed
256,8,joint_window,1.51,1.1130840064017378,64,1.86195460754454644725e-01,1.47576134592955710012e-01,1.14220979390252538876e-01,2.72308227608374697759e-01,3.48226431657712939526e-16,-3.15292255788122630089e-03,-3.11013572898532347777e-03,-3.76281442201052349072e-03,6.69234767188373134289e-03,-9.54915222041727018709e-02,1.06998577294358457856e-09,1.06522588565701841713e-09,1.06998577294358457856e-09,True,1.06522588565701841713e-09,True,series tail and order change; rounding and minimizer search are not enclosed
256,8,joint_window,1.52,1.113832907106385,64,1.87561291223341447543e-01,1.49369322189235820275e-01,1.15394054058931244677e-01,2.72492750814149808924e-01,3.46396469817465931474e-16,-3.29547062680849919825e-03,-3.28702404364798056458e-03,-3.92214099397215562592e-03,1.32182704079365494036e-03,-9.81667907507928760857e-02,1.06582504492356022074e-09,1.06104345221794372863e-09,1.06582504492356022074e-09,True,1.06104345221794372863e-09,True,series tail and order change; rounding and minimizer search are not enclosed
256,8,joint_window,1.53,1.1145818078110323,64,1.88930451832123313949e-01,1.51160427370393757318e-01,1.16562537131363316845e-01,2.72677282315485935982e-01,3.44575245859040523759e-16,-3.43808556736434692280e-03,-3.46363250377059936347e-03,-4.08091275169598921568e-03,-3.99997657603519927993e-03,-1.00747157838889614401e-01,1.06172264511623730725e-09,1.05687462251903958467e-09,1.06172264511623730725e-09,True,1.05687462251903958467e-09,True,series tail and order change; rounding and minimizer search are not enclosed
256,8,joint_window,1.54,1.1153307085156796,64,1.90302796666649537416e-01,1.52949326650537675842e-01,1.17726395040991582697e-01,2.72861822124717434690e-01,3.42762722651698617863e-16,-3.58076222853595874107e-03,-3.63998698727410752163e-03,-4.23915185805076241699e-03,-9.27783973304530454329e-03,-1.03236762473023033215e-01,1.05764883746792938492e-09,1.05271935178623579683e-09,1.05764883746792938492e-09,True,1.05271935178623579683e-09,True,series tail and order change; rounding and minimizer search are not enclosed
256,8,joint_window,1.55,1.116079609220327,64,1.91678180692524180451e-01,1.54735900435056222824e-01,1.18885596672604065827e-01,2.73046370254177217518e-01,3.40958863197812729483e-16,-3.72349547193805835432e-03,-3.81611196692415929888e-03,-4.39687915062947354272e-03,-1.45163276416740184838e-02,-1.05639542548916859355e-01,1.05358930933185758383e-09,1.04857759715965241275e-09,1.05358930933185758383e-09,True,1.04857759715965241275e-09,True,series tail and order change; rounding and minimizer search are not enclosed
256,8,joint_window,1.56,1.1168285099249742,64,1.93056459843975403157e-01,1.56520032926434626841e-01,1.20040113269148429609e-01,2.73230926716196809156e-01,3.39163630632530673335e-16,-3.86628017339220309001e-03,-3.99203058585843525985e-03,-4.55411421616752284947e-03,-1.97198051240704622100e-02,-1.07959245713197246608e-01,1.04954399260050950406e-09,1.04444931753006776336e-09,1.04954399260050950406e-09,True,1.04444931753006776336e-09,True,series tail and order change; rounding and minimizer search are not enclosed
256,8,joint_window,1.57,1.1175774106296215,64,1.94437491108629290082e-01,1.58301612031839206152e-01,1.21189918341704366833e-01,2.73415491523106568561e-01,3.37376988223440149359e-16,-4.00911122444492368233e-03,-4.16776472865283340030e-03,-4.71087546050524483277e-03,-2.48924469201414165498e-02,-1.10199439573603910625e-01,1.04551282145590590402e-09,1.04033447338817761754e-09,1.04551282145590590402e-09,True,1.04033447338817761754e-09,True,series tail and order change; rounding and minimizer search are not enclosed
256,8,joint_window,1.58,1.1183263113342687,64,1.95821132608109266249e-01,1.60080529272462468438e-01,1.22334987582517665250e-01,2.73600064687236077532e-01,3.35598899370233328927e-16,-4.15198353382913512566e-03,-4.34333508822135755389e-03,-4.86718017438848501999e-03,-3.00382473901709516617e-02,-1.12363521301976604372e-01,1.04149573220573746192e-09,1.03623302668561188203e-09,1.04149573220573746192e-09,True,1.03623302668561188203e-09,True,series tail and order change; rounding and minimizer search are not enclosed
256,8,joint_window,1.59,1.1190752120389158,64,1.97207243674572374470e-01,1.61856679694631855337e-01,1.23475298781005549120e-01,2.73784646220912752934e-01,3.33829327604371588953e-16,-4.29489202886395443626e-03,-4.51876122881970238021e-03,-5.02304459538010020236e-03,-3.51610296531014790422e-02,-1.14454726670777107156e-01,1.03749266313153701509e-09,1.03214494070676441307e-09,1.03749266313153701509e-09,True,1.03214494070676441307e-09,True,series tail and order change; rounding and minimizer search are not enclosed
256,8,joint_window,1.6,1.119824112743563,64,1.98595684923082660411e-01,1.63629961782674804294e-01,1.24610831742642036435e-01,2.73969236136463345499e-01,3.32068236588748175252e-16,-4.43783165679924318514e-03,-4.69406164540704662347e-03,-5.17848396613487457762e-03,-4.02644541966326735549e-02,-1.16476138559190395272e-01,1.03350355434795380388e-09,1.02807017995055747400e-09,1.03350355434795380388e-09,True,1.02807017995055747400e-09,True,series tail and order change; rounding and minimizer search are not enclosed
256,8,joint_window,1.61,1.1205730134482104,64,1.99986318319916450692e-01,1.65400277373525972369e-01,1.25741568210632453928e-01,2.74153834446213440224e-01,3.30315590117355599061e-16,-4.58079738610211312233e-03,-4.86925381959832717649e-03,-5.33351258927199783910e-03,-4.53520269934586245375e-02,-1.18430694963607488490e-01,1.02952834767227606985e-09,1.02400871002137383557e-09,1.02952834767227606985e-09,True,1.02400871002137383557e-09,True,series tail and order change; rounding and minimizer search are not enclosed
256,8,joint_window,1.62,1.1213219141528576,64,2.01379007246812763432e-01,1.67167531573074262807e-01,1.26867491790293801524e-01,2.74338441162486956770e-01,3.28571352114947511529e-16,-4.72378420768820861397e-03,-5.04435427242628728339e-03,-5.48814387906415915297e-03,-5.04271071552621560907e-02,-1.20321196544246875049e-01,1.02556698650340584667e-09,1.01996049752841226329e-09,1.02556698650340584667e-09,True,1.01996049752841226329e-09,True,series tail and order change; rounding and minimizer search are not enclosed
256,8,joint_window,1.63,1.122070814857505,64,2.02773616561216812881e-01,1.68931632674233195290e-01,1.27988587876052634096e-01,2.74523056297606649068e-01,3.26835486636703881572e-16,-4.86678713609900448489e-03,-5.21937861411444353754e-03,-5.64239041014419351328e-03,-5.54929141536736267315e-02,-1.22150313737249285873e-01,1.02161941570956671053e-09,1.01592550999281415978e-09,1.02161941570956671053e-09,True,1.01592550999281415978e-09,True,series tail and order change; rounding and minimizer search are not enclosed
256,8,joint_window,1.64,1.1228197155621522,64,2.04170012652583249269e-01,1.70692492076717966532e-01,1.29104843580980316320e-01,2.74707679863894438377e-01,3.25107957867895138340e-16,-5.00980121062347127925e-03,-5.39434159104915794680e-03,-5.79626396341925351208e-03,-6.05525346359971211596e-02,-1.23920593460480871206e-01,1.01768558152409308492e-09,1.01190371576196455136e-09,1.01768558152409308492e-09,True,1.01190371576196455136e-09,True,series tail and order change; rounding and minimizer search are not enclosed
256,8,joint_window,1.65,1.1235686162667995,64,2.05568063494759867282e-01,1.72450024208517266322e-01,1.30216247668780232827e-01,2.74892311873670414091e-01,3.23388730123546116472e-16,-5.15282149637062703018e-03,-5.56925713012621295683e-03,-5.94977556936619397798e-03,-6.56089288603734777094e-02,-1.25634465437582276692e-01,1.01376543144868298948e-09,1.00789508393039811186e-09,1.01376543144868298948e-09,True,1.00789508393039811186e-09,True,series tail and order change; rounding and minimizer search are not enclosed
256,8,joint_window,1.66,1.1243175169714468,64,2.06967638694605493566e-01,1.74204146449041114009e-01,1.31322790488153318122e-01,2.75076952339253610891e-01,3.21677767848100642298e-16,-5.29584308528797259585e-03,-5.74413838063400974954e-03,-6.10293554887278780208e-03,-7.06649367749231371860e-02,-1.27294248165330331490e-01,1.00985891416356395067e-09,1.00389958426682011912e-09,1.00985891416356395067e-09,True,1.00389958426682011912e-09,True,series tail and order change; rounding and minimizer search are not enclosed
256,8,joint_window,1.67,1.125066417676094,64,2.08368609536831533857e-01,1.75954779053922705234e-01,1.32424463909461026523e-01,2.75261601272962397324e-01,3.19975035615085380489e-16,-5.43886109713129922705e-03,-5.91899775382562567949e-03,-6.25575355177478489854e-03,-7.57232837623432325502e-02,-1.28902154545554231690e-01,1.00596597944406025650e-09,9.99917187146758443488e-10,1.00596597944406025650e-09,True,9.99917187146758443488e-10,True,series tail and order change; rounding and minimizer search are not enclosed
256,8,joint_window,1.68,1.1258153183807413,64,2.09770849025210398553e-01,1.77701845081460862996e-01,1.33521261263613161274e-01,2.75446258687112699448e-01,3.18280498126774223043e-16,-5.58187068038601408304e-03,-6.09384696032086101147e-03,-6.40823859323281716516e-03,-8.07865860706507288302e-02,-1.30460297202863062527e-01,1.00208657808309109620e-09,9.95947863490437320714e-10,1.00208657808309109620e-09,True,9.95947863490437320714e-10,True,series tail and order change; rounding and minimizer search are not enclosed
256,8,joint_window,1.69,1.1265642190853886,64,2.11174231920217364555e-01,1.79445270320674921116e-01,1.34613177283103929716e-01,2.75630924594020443319e-01,3.16594120213852481059e-16,-5.72486701314051105172e-03,-6.26869704546979822357e-03,-6.56039908807875410401e-03,-8.58573559493077675953e-02,-1.31970693507220848684e-01,9.98220661819162006376e-10,9.91991584705461593733e-10,9.98220661819162006376e-10,True,9.91991584705461593733e-10,True,series tail and order change; rounding and minimizer search are not enclosed
256,8,joint_window,1.7,1.127313119790036,64,2.12578634773208235975e-01,1.81184983220956274952e-01,1.35700208045130332746e-01,2.75815599005999778637e-01,3.14915866835080879298e-16,-5.86784530391391140336e-03,-6.44355842280137230960e-03,-6.71224288325630163987e-03,-9.09380065085240718581e-02,-1.33435270319464338584e-01,9.94368183269460435077e-10,9.88048322633966488964e-10,9.94368183269460435077e-10,True,9.88048322633966488964e-10,True,series tail and order change; rounding and minimizer search are not enclosed
256,8,joint_window,1.75,1.1310576233132723,64,2.19611756678693537115e-01,1.89825536056365484772e-01,1.41062033071470527279e-01,2.76739099072877636765e-01,3.06645250433092259824e-16,-6.58230065134867564636e-03,-7.31835878711874915359e-03,-7.46694997882301272907e-03,-1.16567548094468578790e-01,-1.40132511607454407487e-01,9.75305751867150237978e-10,9.68526302041609575629e-10,9.75305751867150237978e-10,True,9.68526302041609575629e-10,True,series tail and order change; rounding and minimizer search are not enclosed
256,8,joint_window,1.8,1.1348021268365085,64,2.26652935016962181480e-01,1.98363961489363221924e-01,1.46301820716601582717e-01,2.77662813612962633414e-01,2.98572564254975375199e-16,-7.29560497487716924647e-03,-8.19469108809411581062e-03,-8.21463926791113352444e-03,-1.42756469557777432300e-01,-1.45928454236156912582e-01,9.56572563797885182371e-10,9.49325650128998121045e-10,9.56572563797885182371e-10,True,9.49325650128998121045e-10,True,series tail and order change; rounding and minimizer search are not enclosed
256,8,joint_window,1.85,1.138546630359745,64,2.33688882675833708991e-01,2.06793923421507208626e-01,1.51420297415301080557e-01,2.78586744164154298531e-01,2.90693570217181290294e-16,-8.00719751929717532546e-03,-9.07330861077167843964e-03,-8.95580932371667359781e-03,-1.69718505815731807163e-01,-1.50985080433466534178e-01,9.38163381222760463899e-10,9.30443103796867889544e-10,9.38163381222760463899e-10,True,9.30443103796867889544e-10,True,series tail and order change; rounding and minimizer search are not enclosed
256,8,joint_window,1.9,1.1422911338829813,64,2.40707538078601790410e-01,2.15110296340633000423e-01,1.56418693639162942333e-01,2.79510892263602206409e-01,2.83004107767802809278e-16,-8.71654071758856674457e-03,-9.95474697452956511223e-03,-9.69077395628974852526e-03,-1.97631250382351325579e-01,-1.55432783372879107509e-01,9.20073198811075205554e-10,9.11875434994585473366e-10,9.20073198811075205554e-10,True,9.11875434994585473366e-10,True,series tail and order change; rounding and minimizer search are not enclosed
256,8,joint_window,1.95,1.1460356374062175,64,2.47698051345689201908e-01,2.23309010680722536124e-01,1.61298640359362366326e-01,2.80435259447713303160e-01,2.75500092840879638836e-16,-9.42312109587944285449e-03,-1.08393719068753703605e-02,-1.04197073131717318772e-02,-2.26643161063414144696e-01,-1.59377038837088397250e-01,9.02297172679445403107e-10,8.93619403771636167991e-10,9.02297172679445403107e-10,True,8.93619403771636167991e-10,True,series tail and order change; rounding and minimizer search are not enclosed
256,8,joint_window,2.0,1.149780140929454,64,2.54650746048271869881e-01,2.31386916142874154989e-01,1.66062083022501832952e-01,2.81359847252161843212e-01,2.68177516812944310793e-16,-1.01264497847163154054e-02,-1.17274163447712263808e-02,-1.11426784755159075102e-02,-2.56879033305684345567e-01,-1.62903559532615122007e-01,8.84830571869642413400e-10,8.75671729867897384494e-10,8.84830571869642413400e-10,True,8.75671729867897384494e-10,True,series tail and order change; rounding and minimizer search are not enclosed
256,8,joint_window,2.05,1.1535246444526903,64,2.61557063505515663415e-01,2.39341661126088955935e-01,1.70711210186885370410e-01,2.82284657211896772289e-01,2.61032445462307867957e-16,-1.08260627074901194522e-02,-1.26190094140940893552e-02,-1.18596780993832640050e-02,-2.88444309206253801658e-01,-1.66082301932837933522e-01,8.67668745730877408693e-10,8.58029077039075378128e-10,8.67668745730877408693e-10,True,8.58029077039075378128e-10,True,series tail and order change; rounding and minimizer search are not enclosed
256,8,joint_window,2.1,1.1572691479759267,64,2.68409495485537719084e-01,2.47171586537696386099e-01,1.75248394419523889631e-01,2.83209690861150498176e-01,2.54061017931549459239e-16,-1.15215205070041334934e-02,-1.35141991810030330512e-02,-1.25706389925505299110e-02,-3.21428494704120826242e-01,-1.68970599167019230880e-01,8.50807102526468381878e-10,8.40688046067195542343e-10,8.50807102526468381878e-10,True,8.40688046067195542343e-10,True,series tail and order change; rounding and minimizer search are not enclosed
256,8,joint_window,2.15,1.161013651499163,64,2.75201510062941134827e-01,2.54875632390700379570e-01,1.79676143440238827997e-01,2.84134949733446939835e-01,2.47259445693665312583e-16,-1.22124082620757787310e-02,-1.44129705937856324172e-02,-1.32754520400798145530e-02,-3.55907888526076243707e-01,-1.71615623884064760762e-01,8.34241095938748172850e-10,8.23645173613145631470e-10,8.34241095938748172850e-10,True,8.23645173613145631470e-10,True,series tail and order change; rounding and minimizer search are not enclosed
256,8,joint_window,2.2,1.1647581550223993,64,2.81927474353078078018e-01,2.62453255738198221181e-01,1.83997059826134429228e-01,2.85060435361610520211e-01,2.40624011522301788730e-16,-1.28983350379937786179e-02,-1.53152596865849775776e-02,-1.39739785433723520680e-02,-3.91947776190772811944e-01,-1.74056334290546316224e-01,8.17966217095938062721e-10,8.06896934909550457557e-10,8.17966217095938062721e-10,True,8.06896934909550457557e-10,True,series tail and order change; rounding and minimizer search are not enclosed
256,8,joint_window,2.25,1.1685026585456357,64,2.88582576933623546900e-01,2.69904358636117169823e-01,1.88213807865085208659e-01,2.85986149277773771260e-01,2.34151068466486667765e-16,-1.35789333076342944029e-02,-1.62209648604380619885e-02,-1.46660597805560247164e-02,-4.29604205398811223038e-01,-1.76325019262117577146e-01,8.01977990418230475080e-10,7.90439748884640555012e-10,8.01977990418230475080e-10,True,7.90439748884640555012e-10,True,series tail and order change; rounding and minimizer search are not enclosed
256,8,joint_window,2.3,1.1722471620688721,64,2.95162751996677907851e-01,2.77229224960518771947e-01,1.92329086378090208242e-01,2.86912093013386160223e-01,2.27837038830237617518e-16,-1.42538582740216884792e-02,-1.71299558666989128197e-02,-1.53515244051490931665e-02,-4.68925431708689832710e-01,-1.78448530776110336760e-01,7.86271972061792140215e-10,7.74269984727981852530e-10,7.86271972061792140215e-10,True,7.74269984727981852530e-10,True,series tail and order change; rounding and minimizer search are not enclosed
256,8,joint_window,2.35,1.1759916655921083,64,3.01664606649173328012e-01,2.84428465031989818890e-01,1.96345606523974536284e-01,2.87838268099222360785e-01,2.21678413157423464865e-16,-1.49227871199851258588e-02,-1.80420809752129956971e-02,-1.60301941569744726968e-02,-5.09953102895469578826e-01,-1.80449271264524702119e-01,7.70843750085884770947e-10,7.58383969208720809771e-10,7.70843750085884770947e-10,True,7.58383969208720809771e-10,True,series tail and order change; rounding and minimizer search are not enclosed
256,8,joint_window,2.4,1.1797361691153447,64,3.08085352284592939309e-01,2.91502967115980393675e-01,2.00266073761830282196e-01,2.88764676065390468729e-01,2.15671749222222903539e-16,-1.55854182062078877591e-02,-1.89571727018059688064e-02,-1.67018882514522321037e-02,-5.52723234948034103375e-01,-1.82345987957652500011e-01,7.55688945718649819785e-10,7.42777994271390111978e-10,7.55688945718649819785e-10,True,7.42777994271390111978e-10,True,series tail and order change; rounding and minimizer search are not enclosed
256,8,joint_window,2.45,1.1834806726385811,64,3.14422740568169711839e-01,2.98453854973846688381e-01,2.04093173281830908561e-01,2.89691318441339773493e-01,2.09813671025517432750e-16,-1.62414702352564541132e-02,-1.98750523876402851453e-02,-1.73664267315070466879e-02,-5.97267020957667038594e-01,-1.84154414539797944839e-01,7.40803215278631257501e-10,7.27448324587919183664e-10,7.40803215278631257501e-10,True,7.27448324587919183664e-10,True,series tail and order change; rounding and minimizer search are not enclosed
256,8,joint_window,2.5,1.1872251761618173,64,3.20675004292200083178e-01,3.05282450734955912441e-01,2.07829558327967761633e-01,2.90618196755869306891e-01,2.04100867797525861896e-16,-1.68906813960552348863e-02,-2.07955338601762615425e-02,-1.80236330037535710802e-02,-6.43611505216363899429e-01,-1.85887791490826320695e-01,7.26182252440782474095e-10,7.12391204854268404613e-10,7.26182252440782474095e-10,True,7.12391204854268404613e-10,True,series tail and order change; rounding and minimizer search are not enclosed
256,8,joint_window,2.55,1.1909696796850537,64,3.26840803150345859951e-01,3.11990242445899790269e-01,2.11477840930509919382e-01,2.91545312537137057962e-01,1.98530093006979951293e-16,-1.75328085005974354527e-02,-2.17184263570649183084e-02,-1.86733357325339979771e-02,-6.91780147991075566871e-01,-1.87557289643180691296e-01,7.11821790631308834911e-10,6.97602866698392249135e-10,7.11821790631308834911e-10,True,6.97602866698392249135e-10,True,series tail and order change; rounding and minimizer search are not enclosed
256,8,joint_window,2.6,1.1947141832082901,64,3.32919174333250966757e-01,3.18578855729292786947e-01,2.15040584644663912428e-01,2.92472667312666301243e-01,1.93098163377124340684e-16,-1.81676261224434157371e-02,-2.26435368567594191846e-02,-1.93153702282257769274e-02,-7.41793301144941574776e-01,-1.89172356214287462617e-01,6.97717605404912072617e-10,6.83079535121651570144e-10,6.97717605404912072617e-10,True,6.83079535121651570144e-10,True,series tail and order change; rounding and minimizer search are not enclosed
256,8,joint_window,2.65,1.1984586867315266,64,3.38909487749030458037e-01,3.25050029052545708108e-01,2.18520298957630948467e-01,2.93400262609355033661e-01,1.87801957908798427222e-16,-1.87949257446480416656e-02,-2.35706719303707540325e-02,-1.99495794373859836046e-02,-7.93668610670424490294e-01,-1.90740998503074077330e-01,6.83865516707953341226e-10,6.68817434434642959879e-10,6.83865516707953341226e-10,True,6.68817434434642959879e-10,True,series tail and order change; rounding and minimizer search are not enclosed
256,8,joint_window,2.7,1.202203190254763,64,3.44811405609445231768e-01,3.31405592167111406887e-01,2.21919435081134541754e-01,2.94328099953483635076e-01,1.82638416910854082874e-16,-1.94145149231562189063e-02,-2.44996392063513770965e-02,-2.05758146197927427323e-02,-8.47421358992772488783e-01,-1.92270017276404692197e-01,6.70261390966956359985e-10,6.54812793675337744636e-10,6.70261390966956359985e-10,True,6.54812793675337744636e-10,True,series tail and order change; rounding and minimizer search are not enclosed
256,8,joint_window,2.75,1.2059476937779992,64,3.50624846086736829953e-01,3.37647447331826777717e-01,2.25240382892399532144e-01,2.95256180870723194953e-01,1.77604541038140939148e-16,-2.00262164703554693124e-02,-2.54302485215257279005e-02,-2.11939357798087424367e-02,-9.03064757389106187446e-01,-1.93765199404118015902e-01,6.56901142967412310378e-10,6.41061851515620420600e-10,6.56901142967412310378e-10,True,6.41061851515620420600e-10,True,series tail and order change; rounding and minimizer search are not enclosed
256,8,joint_window,2.8,1.2096921973012356,64,3.56349950729796749460e-01,3.43777552980796319293e-01,2.28485468824941584387e-01,2.96184506886143505966e-01,1.72697390337277507077e-16,-2.06298676623388951845e-02,-2.63623128176865353933e-02,-2.18038119056257126416e-02,-9.60610196887928036169e-01,-1.95231477370515660308e-01,6.43780737505858869919e-10,6.27560860674315729976e-10,6.43780737505858869919e-10,True,6.27560860674315729976e-10,True,series tail and order change; rounding and minimizer search are not enclosed
256,8,joint_window,2.85,1.213436700824472,64,3.61987055325813156248e-01,3.49797909537492568433e-01,2.31656954542662690821e-01,2.97113079524221113115e-01,1.67914083300417575052e-16,-2.12253194724997054643e-02,-2.72956488316102308112e-02,-2.24053210589992765622e-02,-1.02006746444329365886e+00,-1.96673061768815576889e-01,6.30896190810709014989e-10,6.14306091862298276170e-10,6.30896190810709014989e-10,True,6.14306091862298276170e-10,True,series tail and order change; rounding and minimizer search are not enclosed
256,8,joint_window,2.9,1.2171812043477082,64,3.67536663900687732287e-01,3.55710547113006869679e-01,2.34757036257675077984e-01,2.98041900308847362844e-01,1.63251795927198597999e-16,-2.18124358332845921793e-02,-2.82300776172758269289e-02,-2.29983503494156846236e-02,-1.08144492993218732657e+00,-1.98093551688221458651e-01,6.18243571735757873442e-10,6.01293837289602973589e-10,6.18243571735757873442e-10,True,6.01293837289602973589e-10,True,series tail and order change; rounding and minimizer search are not enclosed
256,8,joint_window,2.95,1.2209257078709446,64,3.72999425564771724950e-01,3.61517514858237742903e-01,2.37787844574838258538e-01,2.98970970763336951759e-01,1.58707760795053491270e-16,-2.23910929272974970616e-02,-2.91654249318024291759e-02,-2.35827958197418890984e-02,-1.14474970852455970594e+00,-1.99496026951233335067e-01,6.05819002735887958835e-10,5.88520413766549669322e-10,6.05819002735887958835e-10,True,5.88520413766549669322e-10,True,series tail and order change; rounding and minimizer search are not enclosed
256,8,joint_window,3.0,1.224670211394181,64,3.78376113927679169624e-01,3.67220871767780676631e-01,2.40751444764938843379e-01,2.99900292410434698986e-01,1.54279266138054670132e-16,-2.29611785084121791667e-02,-3.01015215107734504518e-02,-2.41585622649267764417e-02,-1.20998780217523660419e+00,-2.00883125404673179570e-01,5.93618660637950836520e-10,5.75982165431449071414e-10,5.93618660637950836520e-10,True,5.75982165431449071414e-10,True,series tail and order change; rounding and minimizer search are not enclosed
256,8,fixed_power,0.13352905048620542,1.01,96,6.67314923843709550955e-02,8.89030870783047040376e-10,8.89030859748090814317e-10,2.46982802406764012648e-01,7.02210792393058841393e-16,1.42331717340631203755e-02,2.41149213196300310491e-01,2.41149213196299644357e-01,2.50569545892174474488e+01,2.50569545892173906054e+01,4.04427610451676019304e-08,4.04427610451566169719e-08,7.37926626470652990974e-08,True,7.37926661997789778979e-08,True,series tail and order change; rounding and minimizer search are not enclosed
256,8,fixed_power,0.26705810097241084,1.02,96,7.23988655686547133428e-02,2.86903264877213845367e-05,2.86841787357967439626e-05,2.49433602775279067432e-01,6.57367441407962136636e-16,1.27832523616816084305e-02,2.41865173186442766751e-01,2.41864813106037246371e-01,2.53376459240190037292e+01,2.53376161884134027957e+01,2.07252898073107165810e-08,2.07228858158171885263e-08,4.26916457740844634827e-08,True,4.26875423897854489041e-08,True,series tail and order change; rounding and minimizer search are not enclosed
256,8,fixed_power,0.40058715145861623,1.03,64,7.89674004930107781286e-02,9.13411442080404008606e-04,9.09013631898211238794e-04,2.51885604726352130278e-01,6.15119179317306829544e-16,1.12880925697306511157e-02,1.98492493146294551876e-01,1.98293220997031061081e-01,2.18045014558401284432e+01,2.17863480014860186884e+01,7.39328888447145238328e-09,7.36370895451684504267e-09,2.22021689921803044854e-08,True,2.20994778032945760060e-08,True,series tail and order change; rounding and minimizer search are not enclosed
256,8,fixed_power,0.6676452524310271,1.05,64,9.55207022704350344755e-02,1.45544472101400926972e-02,1.38470565024270790555e-02,2.56793332426625109388e-01,5.37886872588731785396e-16,8.14261698308534238866e-03,3.56574170696728059982e-02,3.39084147438162356036e-02,3.97960575820734963060e+00,3.73608971705148107390e+00,1.64222087427661609017e-09,1.62833162186266275707e-09,1.64222087427661609017e-09,True,1.62833162186266275707e-09,True,series tail and order change; rounding and minimizer search are not enclosed
256,8,fixed_power,1.001467878646539,1.075,64,1.24390647218205793734e-01,5.80952896668537818736e-02,5.05035378848362956350e-02,2.62935280264485649049e-01,4.53711590116804997635e-16,3.89154339441492858054e-03,7.85610004794615526813e-03,6.55768339523254105428e-03,6.02275843828845913741e-01,4.05827296480880783669e-01,1.31000317856972916342e-09,1.30454967791032508183e-09,1.31000317856972916342e-09,True,1.30454967791032508183e-09,True,series tail and order change; rounding and minimizer search are not enclosed
256,8,fixed_power,1.3352905048620543,1.1,64,1.63025569495523853236e-01,1.16063931192650182656e-01,9.30361202314286123150e-02,2.69085757582120721487e-01,3.81647087259406181161e-16,-6.78682717934458307196e-04,6.22892320457715809034e-05,-8.57188831332178491351e-04,1.14839564681082334507e-01,-2.77052579650767308306e-02,1.14534422999728759301e-09,1.14055439289016354840e-09,1.14534422999728759301e-09,True,1.14055439289016354840e-09,True,series tail and order change; rounding and minimizer search are not enclosed
256,8,fixed_power,2.002935757293078,1.15,64,2.55057611119626492791e-01,2.31857402815325880363e-01,1.66338193807252343603e-01,2.81414141449873145273e-01,2.67753125767527484985e-16,-1.01676347416917306488e-02,-1.17796674862314237897e-02,-1.11849426459932066447e-02,-2.58694714163434924536e-01,-1.63099196807473645343e-01,8.83814535675859199550e-10,8.74627442875168531420e-10,8.83814535675859199550e-10,True,8.74627442875168531420e-10,True,series tail and order change; rounding and minimizer search are not enclosed
256,8,fixed_power,2.670581009724105,1.2,64,3.41349550623995523502e-01,3.27680000000000026805e-01,2.19929072016202736828e-01,2.93782149799831859838e-01,1.85660647477735116084e-16,-1.90509052877131657144e-02,-2.39528426478311448622e-02,-2.02083242739739613048e-02,-8.15566183144895817669e-01,-1.91374820903638359626e-01,6.78235990761357043812e-10,6.63021879087343248845e-10,6.78235990761357043812e-10,True,6.63021879087343248845e-10,True,series tail and order change; rounding and minimizer search are not enclosed
256,8,fixed_power,3.338226262155132,1.25,64,4.12562483148486314199e-01,4.03237402439117431641e-01,2.59180357765401492287e-01,3.06193425614168013293e-01,1.27158890281189772502e-16,-2.65857399035003827414e-02,-3.64414433951898361630e-02,-2.78196534575183562765e-02,-1.70236112429174113458e+00,-2.10004618037634621652e-01,5.16694736595978094890e-10,4.97068436302941584559e-10,5.16694736595978094890e-10,True,4.97068436302941584559e-10,True,series tail and order change; rounding and minimizer search are not enclosed
256,8,fixed_power,4.005871514586159,1.3,64,4.70022906874911106101e-01,4.63033551265942477926e-01,2.88789010916076727131e-01,3.18651592588365506487e-01,8.59502543425497381873e-17,-3.25136984635692738443e-02,-4.88741381143010730770e-02,-3.38156124860613943595e-02,-2.93625933002888794832e+00,-2.27509901722281110414e-01,3.90319457272374490171e-10,3.68291597710470326425e-10,3.90319457272374490171e-10,True,3.68291597710470326425e-10,True,series tail and order change; rounding and minimizer search are not enclosed
256,8,fixed_power,5.34116201944821,1.4,64,5.54969939529765698971e-01,5.50334077948180566686e-01,3.30145309393032881928e-01,3.43723018532124391378e-01,3.75641078659009409959e-17,-3.95797179522273528951e-02,-7.27354910366733997673e-02,-4.10133173557047231439e-02,-6.43177221141207855482e+00,-2.61977673477289452197e-01,2.15699402156867558362e-10,1.94078252742311276742e-10,2.15699402156867558362e-10,True,1.94078252742311276742e-10,True,series tail and order change; rounding and minimizer search are not enclosed
256,8,fixed_power,6.676452524310264,1.5,64,6.13843427438695687925e-01,6.10351562500000000000e-01,3.57509534293642405878e-01,3.69025157164765693629e-01,1.52863260928892972912e-17,-4.10115446168200364907e-02,-9.46671292172150818933e-02,-4.25711280907261624407e-02,-1.12541786834784822702e+01,-2.94896761604210078112e-01,1.12486472901569969691e-10,9.55414321286156896286e-11,1.12486472901569969691e-10,True,9.55414321286156896286e-11,True,series tail and order change; rounding and minimizer search are not enclosed
1024,10,joint_window,0.0,1.0,96,3.09064347690064383789e-02,0.00000000000000000000e+00,0.00000000000000000000e+00,2.44533173793497621284e-01,7.49786258826540693388e-16,7.77425999251845408627e-03,2.38748120932375240688e-01,2.38748120932375240688e-01,2.55102814868252742997e+01,2.55102814868252742997e+01,4.25268471950284445084e-08,4.25268471950284445084e-08,7.68738956935521855485e-08,True,7.68738956935521855485e-08,True,series tail and order change; rounding and minimizer search are not enclosed
1024,10,joint_window,0.05,1.0029956028185891,96,3.17891304097059970712e-02,7.30448019910885764280e-31,7.30448019910916855590e-31,2.45266864076018803464e-01,7.35239537963178572466e-16,7.52066780277223147916e-03,2.39467153892721801300e-01,2.39467153892721801300e-01,2.56161766530727064151e+01,2.56161766530727064151e+01,4.19449794217290216671e-08,4.19449794217290216671e-08,7.57855751487568340963e-08,True,7.57855751487568340963e-08,True,series tail and order change; rounding and minimizer search are not enclosed
1024,10,joint_window,0.1,1.0059912056371783,96,3.27231029523952776650e-02,8.22404065432440699636e-16,8.22404065432417329632e-16,2.46000657630329383485e-01,7.20946856640306272405e-16,7.26396741705389800692e-03,2.40186403840969120438e-01,2.40186403840969120438e-01,2.57223825843606732633e+01,2.57223825843606732633e+01,4.13694605175382151583e-08,4.13694605175382151583e-08,7.47090851405118883122e-08,True,7.47090851405118883122e-08,True,series tail and order change; rounding and minimizer search are not enclosed
1024,10,joint_window,0.15,1.0089868084557672,96,3.37128699403992024286e-02,8.55555112701621767923e-11,8.55555111572541299044e-11,2.46734555259732174504e-01,7.06904375626774552416e-16,7.00395146278664972733e-03,2.40905852318969465609e-01,2.40905852318969410097e-01,2.58289201813017399445e+01,2.58289201813017328391e+01,4.07999089668785257564e-08,4.07999089668780691527e-08,7.36438643400560977170e-08,True,7.36438678927697765175e-08,True,series tail and order change; rounding and minimizer search are not enclosed
1024,10,joint_window,0.2,1.0119824112743563,96,3.47634314784729045456e-02,2.75948117037651916146e-08,2.75948027077053444795e-08,2.47468557767097058209e-01,6.93108300428859247509e-16,6.74039967208715090630e-03,2.41619087978330621125e-01,2.41619087976220420222e-01,2.59352889489770035425e+01,2.59352889488044269228e+01,4.01275538254050860910e-08,4.01275537896840457266e-08,7.24379027872146252776e-08,True,7.24379027872146252776e-08,True,series tail and order change; rounding and minimizer search are not enclosed
1024,10,joint_window,0.25,1.0149780140929454,96,3.58803218197790430022e-02,8.83026137630484212352e-07,8.83018615380175631089e-07,2.48202665954863982423e-01,6.79554881095721365338e-16,6.47307817226203032618e-03,2.42137818319333508743e-01,2.42137816551398932230e-01,2.60261372928234635538e+01,2.60261371483927348436e+01,3.64044697968058789331e-08,3.64044434715191263141e-08,6.69208830572642909829e-08,True,6.69208581882685393794e-08,True,series tail and order change; rounding and minimizer search are not enclosed
1024,10,joint_window,0.3,1.0179736169115345,96,3.70696639060512783681e-02,8.90026673276500814263e-06,8.89961701829897467418e-06,2.48936880625045930948e-01,6.66240412015615718174e-16,6.20173883855758365652e-03,2.40976438349328137001e-01,2.40976286649629528602e-01,2.59800572921881069988e+01,2.59800448664456915537e+01,1.84078806377445624855e-08,1.84070299837204604796e-08,3.86117733341961866245e-08,True,3.86102847471647692146e-08,True,series tail and order change; rounding and minimizer search are not enclosed
1024,10,joint_window,0.35,1.0209692197301234,96,3.83382256965711515351e-02,4.63593406373473911389e-05,4.63439361837250651810e-05,2.49671202579231588103e-01,6.53161231703252677045e-16,5.92611875144933002851e-03,2.33115039389439948625e-01,2.33111590627393783226e-01,2.53798635430369365906e+01,2.53795760528157252622e+01,4.26271136785195604294e-09,4.26132122919614032144e-09,1.00206634101596137043e-08,True,1.00174162298571900465e-08,True,series tail and order change; rounding and minimizer search are not enclosed
1024,10,joint_window,0.4,1.0239648225487126,64,3.96934764122459302071e-02,1.59840546660640678680e-04,1.59677345431990109744e-04,2.50405632618589391036e-01,6.40313722578676614302e-16,5.64593981426452298789e-03,2.10020499108831748547e-01,2.09988558260144064782e-01,2.34534835152127634217e+01,2.34506776401746108718e+01,9.48576957459577863058e-09,9.47651078715556491543e-09,3.27622586837605922483e-08,True,3.27308136149895290146e-08,True,series tail and order change; rounding and minimizer search are not enclosed
1024,10,joint_window,0.45,1.0269604253673017,64,4.11436398665253957874e-02,4.18581773066413953197e-04,4.17569885594055837958e-04,2.51140171543869750170e-01,6.27694310738043632163e-16,5.36090859571738877903e-03,1.67161496812240906173e-01,1.67016207336637828584e-01,1.95437226752976584976e+01,1.95296006329911939758e+01,3.82887854628336094710e-09,3.82056839882370085945e-09,1.34649909000472689513e-08,True,1.34363133952319913078e-08,True,series tail and order change; rounding and minimizer search are not enclosed
1024,10,joint_window,0.5,1.0299560281858908,64,4.26977408115520803977e-02,9.04178604072110206173e-04,8.99863833347396935118e-04,2.51874820155407741495e-01,6.15299465716636406908e-16,5.07071649705458614432e-03,1.14593986431066052756e-01,1.14239342042463526417e-01,1.41380627136792256238e+01,1.40987370424807298974e+01,1.95400640820792756512e-09,1.94641444253331758609e-09,6.85787604481902235420e-09,True,6.82988954281427140813e-09,True,series tail and order change; rounding and minimizer search are not enclosed
1024,10,joint_window,0.55,1.03295163100448,64,4.43656386697395196950e-02,1.69790738340407153066e-03,1.68388943544242977203e-03,2.52609579253127713994e-01,6.03125700244479517783e-16,4.77504033085049579832e-03,7.08132041529748734732e-02,7.02946744220518671131e-02,9.04338975551633517114e+00,8.97875699819249284417e+00,1.19382734239056576540e-09,1.18682314784267575323e-09,3.92307875074493495049e-09,True,3.89372445397384581156e-09,True,series tail and order change; rounding and minimizer search are not enclosed
1024,10,joint_window,0.6,1.0359472338230689,64,4.61580411623089895135e-02,2.87053708004155177375e-03,2.83339021402630392502e-03,2.53344449636544399862e-01,5.91169569994889441820e-16,4.47354344659160740871e-03,4.34344102256422684438e-02,4.28808896141101292265e-02,5.54834190545203398415e+00,5.47383089372871811662e+00,8.37761142900987674363e-10,8.31308376961278521873e-10,2.36676189757645261125e-09,True,2.33600161436697817408e-09,True,series tail and order change; rounding and minimizer search are not enclosed
1024,10,joint_window,0.65,1.038942836641658,64,4.80864882765211429372e-02,4.47638305717236017339e-03,4.39221203140254413261e-03,2.54079432104767521938e-01,5.79427673326285901577e-16,4.16587753405187055655e-03,2.81133529413592590795e-02,2.75829365250139894872e-02,3.48968024861986680918e+00,3.41502636213590182734e+00,6.52487825887229910398e-10,6.46584891133839856377e-10,1.47716505694006627891e-09,True,1.44636391752328563598e-09,True,series tail and order change; rounding and minimizer search are not enclosed
1024,10,joint_window,0.7,1.0419384394602471,64,5.01632949432496005882e-02,6.55125455630847612631e-03,6.38257831399471637496e-03,2.54814527456503792102e-01,5.67896651017599535887e-16,3.85168524878907493625e-03,1.93118009093966244705e-02,1.88100596852065655995e-02,2.28433890724608756884e+00,2.21184294066428455139e+00,5.47895101764956234074e-10,5.42547919357566136229e-10,9.50262979415583686205e-10,True,9.20568066220539549249e-10,True,series tail and order change; rounding and minimizer search are not enclosed
1024,10,joint_window,0.75,1.0449340422788362,64,5.24014391115107808217e-02,9.11314384733545590489e-03,8.80669696988255548686e-03,2.55549736490059853367e-01,5.56573185997571617819e-16,3.53060379786282289849e-03,1.39164572490021350160e-02,1.34402879813529021330e-02,1.54840533511360867180e+00,1.47846382484496818854e+00,4.84776767151365890126e-10,4.79989683330381900849e-10,6.28256779933167308627e-10,True,6.00341776291202222637e-10,True,series tail and order change; rounding and minimizer search are not enclosed
1024,10,joint_window,0.8,1.0479296450974254,64,5.48143812100798724640e-02,1.21644792777361315794e-02,1.16502556569302861966e-02,2.56285060003346276680e-01,5.45454003068264223861e-16,3.20226959953840394080e-03,1.03993856904531032509e-02,9.94582976938351501217e-03,1.07970370854476205302e+00,1.01235055453419153793e+00,4.44415596233287647123e-10,4.40180813907268235891e-10,4.44415596233287647123e-10,True,4.40180813907268235891e-10,True,series tail and order change; rounding and minimizer search are not enclosed
1024,10,joint_window,0.85,1.0509252479160143,64,5.74158021027583800877e-02,1.56950407204714537102e-02,1.48866157183696560390e-02,2.57020498793879392796e-01,5.34535868623074507775e-16,2.86632408081228737262e-03,7.97781925287680687697e-03,7.54448817850178476974e-03,7.70364254702004425113e-01,7.05516772045782558642e-01,4.17164881093635556573e-10,4.13453199003923986023e-10,4.17164881093635556573e-10,True,4.13453199003923986023e-10,True,series tail and order change; rounding and minimizer search are not enclosed
1024,10,joint_window,0.9,1.0539208507346034,64,6.02192505319911197681e-02,1.96849534694270751622e-02,1.84809032333979501861e-02,2.57756053658785233562e-01,5.23815590359535589947e-16,2.52242059620762237859e-03,6.22507750334006394050e-03,5.81007815155235550486e-03,5.60057460090796821461e-01,4.97597730570670582217e-01,3.97741402150765540685e-10,3.94501348630437110113e-10,3.97741402150765540685e-10,True,3.94501348630437110113e-10,True,series tail and order change; rounding and minimizer search are not enclosed
1024,10,joint_window,0.95,1.0569164535531925,64,6.32376985695286136790e-02,2.41074340921874144539e-02,2.23935544977072534256e-02,2.58491725394801863391e-01,5.13290016987200969754e-16,2.17023234004729351221e-03,4.89573515032886569243e-03,4.49761695760658199161e-03,4.13487621697038010282e-01,3.53302268504804228844e-01,3.83122956106869296814e-10,3.80288465516388149693e-10,3.83122956106869296814e-10,True,3.80288465516388149693e-10,True,series tail and order change; rounding and minimizer search are not enclosed
1024,10,joint_window,1.0,1.0599120563717817,64,6.64830151237501693062e-02,2.89311392620483845417e-02,2.65831400597549769027e-02,2.59227514798282321351e-01,5.02956037930866276941e-16,1.80946098951169885571e-03,3.84205644899055041158e-03,3.45978073340927772678e-03,3.09160865190908351607e-01,2.51162184159897217128e-01,3.71530395862478539234e-10,3.69031583096863683694e-10,3.71530395862478539234e-10,True,3.69031583096863683694e-10,True,series tail and order change; rounding and minimizer search are not enclosed
1024,10,joint_window,1.05,1.0629076591903708,64,6.99653824545142660751e-02,3.41220779604588728140e-02,3.10084602970312796233e-02,2.59963422665198118366e-01,4.92810583029409097889e-16,1.43984567425810283670e-03,2.97161038891094724662e-03,2.60453367263082258970e-03,2.33519971501674944436e-01,1.77657961131497676988e-01,3.61895361988245980071e-10,3.59667013767790451714e-10,3.61895361988245980071e-10,True,3.59667013767790451714e-10,True,series tail and order change; rounding and minimizer search are not enclosed
1024,10,joint_window,1.1,1.0659032620089597,64,7.36926968320008035640e-02,3.96451078838439621710e-02,3.56299954216368827686e-02,2.60699449791141457666e-01,4.82850622230500101113e-16,1.06117174663931598810e-03,2.22463829265466279256e-03,1.87250384578120133983e-03,1.77747627792868845287e-01,1.24017300037324557094e-01,3.53565078754768151279e-10,3.51550870530264947612e-10,3.53565078754768151279e-10,True,3.51550870530264947612e-10,True,series tail and order change; rounding and minimizer search are not enclosed
1024,10,joint_window,1.15,1.0688988648275488,64,7.76700083565567828137e-02,4.54650656169174258170e-02,4.04108286526081370016e-02,2.61435596971329231586e-01,4.73073165281433262938e-16,6.73278755676120013729e-04,1.56141418196557944104e-03,1.22434778127953388521e-03,1.35954156005460236045e-01,8.44001927341270635763e-02,3.46133047164489342321e-10,3.44286318029769469244e-10,3.46133047164489342321e-10,True,3.44286318029769469244e-10,True,series tail and order change; rounding and minimizer search are not enclosed
1024,10,joint_window,1.2,1.071894467646138,64,8.18990620948907982468e-02,5.15475899003779644558e-02,4.53171648600838375409e-02,2.62171865000604353835e-01,4.63475261416330882878e-16,2.76067034537809743999e-04,9.54901735634899537231e-04,6.33408939315797253622e-04,1.04112728218583916462e-01,5.48324854403479527987e-02,3.39340532049641239271e-10,3.37623276203908522765e-10,3.39340532049641239271e-10,True,3.37623276203908522765e-10,True,series tail and order change; rounding and minimizer search are not enclosed
1024,10,joint_window,1.21,1.0724935882098556,64,8.27749835816680989975e-02,5.27926710666203474753e-02,4.63107532418824061060e-02,2.62319133178270103013e-01,4.61576970107188794269e-16,1.95502246517180108820e-04,8.38642691233926554362e-04,5.20358508019704707470e-04,9.86751153521789881040e-02,4.98660761319482462306e-02,3.38042781062941645603e-10,3.36347512161470869525e-10,3.38042781062941645603e-10,True,3.36347512161470869525e-10,True,series tail and order change; rounding and minimizer search are not enclosed
1024,10,joint_window,1.22,1.0730927087735735,64,8.36608796537689075601e-02,5.40466738598593329779e-02,4.73079056083282045719e-02,2.62466406228033521941e-01,4.59685721227610019644e-16,1.14563174333821501949e-04,7.23764645137504186723e-04,4.08727381786211374504e-04,9.35026458064837917572e-02,4.51713251725230011124e-02,3.36762655595781821845e-10,3.35088191870512493932e-10,3.36762655595781821845e-10,True,3.35088191870512493932e-10,True,series tail and order change; rounding and minimizer search are not enclosed
1024,10,joint_window,1.23,1.0736918293372912,64,8.45567116611719848951e-02,5.53093452305271279790e-02,4.83084000324923851233e-02,2.62613684156247972901e-01,4.57801491733996429724e-16,3.32499784054425540081e-05,6.10155967497100909513e-04,2.98406921363243704537e-04,8.85784997978682209219e-02,4.07318566013202959519e-02,3.35499200511380562859e-10,3.33844407223553288184e-10,3.35499200511380562859e-10,True,3.33844407223553288184e-10,True,series tail and order change; rounding and minimizer search are not enclosed
1024,10,joint_window,1.24,1.0742909499010092,64,8.54624350146230837844e-02,5.65804351462840249276e-02,4.93120199434314010478e-02,2.62760966969266207549e-01,4.55924258644704565534e-16,-4.84370708995571913613e-05,4.97712410403547064752e-04,1.89295861741337057005e-04,8.38869421429217915209e-02,3.65323801461228253595e-02,3.34251532390662140786e-10,3.32615319619129001006e-10,3.34251532390662140786e-10,True,3.32615319619129001006e-10,True,series tail and order change; rounding and minimizer search are not enclosed
1024,10,joint_window,1.25,1.074890070464727,64,8.63779992264627066723e-02,5.78596966631136633286e-02,5.03185540856484619932e-02,2.62908254673440811011e-01,4.54053999039946439147e-16,-1.30497593206425205326e-04,3.86336571213372753641e-04,8.12997748873243997192e-05,7.94132428299871157007e-02,3.25586115761139771596e-02,3.33018833340577861215e-10,3.31400153867082298150e-10,3.33018833340577861215e-10,True,3.31400153867082298150e-10,True,series tail and order change; rounding and minimizer search are not enclosed
1024,10,joint_window,1.26,1.0754891910284448,64,8.73033479658046202010e-02,5.91468859884236794477e-02,5.13277964723090965315e-02,2.63055547275123036144e-01,4.52190690061684812396e-16,-2.12931098226893170122e-04,2.75937400002103025431e-04,-2.56694234128124892935e-05,7.51436040792010512268e-02,2.87971995515804331245e-02,3.31800345391570622122e-10,3.30198192684352936581e-10,3.31800345391570622122e-10,True,3.30198192684352936581e-10,True,series tail and order change; rounding and minimizer search are not enclosed
1024,10,joint_window,1.27,1.0760883115921627,64,8.82384191278130225466e-02,6.04417625366028762879e-02,5.23395463328255178270e-02,2.63202844780664468871e-01,4.50334308913527588125e-16,-2.95736985997325022013e-04,1.66429747086551532709e-04,-1.31693926655726545327e-04,7.10650933026697601003e-02,2.52356583816400505127e-02,3.30595365424228321397e-10,3.29008771719768138368e-10,3.30595365424228321397e-10,True,3.29008771719768138368e-10,True,series tail and order change; rounding and minimizer search are not enclosed
1024,10,joint_window,1.28,1.0766874321558804,64,8.91831449167375389653e-02,6.17440889774629950160e-02,5.33536080553708574881e-02,2.63350147196415140805e-01,4.48484832860628610925e-16,-3.78914547259898149001e-04,5.77339469710388270007e-05,-2.36850454309614488757e-04,6.71655814355943403537e-02,2.18623061602443991003e-02,3.29403240571519380878e-10,3.27831275053024487081e-10,3.29403240571519380878e-10,True,3.27831275053024487081e-10,True,series tail and order change; rounding and minimizer search are not enclosed
1024,10,joint_window,1.29,1.0772865527195983,64,9.01374519423310399668e-02,6.30536312779947510920e-02,5.43697911248889748093e-02,2.63497454528725194578e-01,4.46642239229578508508e-16,-4.62462963983943306512e-04,-5.02245645657636852199e-05,-3.41210635368502379627e-04,6.34336861608551794145e-02,1.86662078028729493118e-02,3.28223364048650144791e-10,3.26665131118998857328e-10,3.28223364048650144791e-10,True,3.26665131118998857328e-10,True,series tail and order change; rounding and minimizer search are not enclosed
1024,10,joint_window,1.3,1.077885673283316,64,9.11012613291092981926e-02,6.43701587378183309740e-02,5.53879100570749752230e-02,2.63644766783944273225e-01,4.44806505408306281312e-16,-5.46381310023111646523e-04,-1.57515603195549497295e-04,-4.44841361722901271203e-04,5.98587195969083954439e-02,1.56371225531784438512e-02,3.27055171367687459770e-10,3.25509809013859393574e-10,3.27055171367687459770e-10,True,3.25509809013859393574e-10,True,series tail and order change; rounding and minimizer search are not enclosed
1024,10,joint_window,1.31,1.0784847938470339,64,9.20744888379920189969e-02,6.56934440187235818565e-02,5.64077843288179822667e-02,2.63792083968420632001e-01,4.42977608845969207096e-16,-6.30668551905083293874e-04,-2.64204561243191332620e-04,-5.47805114008910118417e-04,5.64306400600228935671e-02,1.27654555705984090047e-02,3.25898136898565049242e-10,3.24364815144129344932e-10,3.25898136898565049242e-10,True,3.24364815144129344932e-10,True,series tail and order change; rounding and minimizer search are not enclosed
1024,10,joint_window,1.32,1.0790839144107518,64,9.30570449996438314733e-02,6.70232631686469293442e-02,5.74292383055238220280e-02,2.63939406088502859227e-01,4.41155527052853986811e-16,-7.15323549749083409388e-04,-3.70352707770393516085e-04,-6.50160262337466307581e-04,5.31400075496916493578e-02,1.00422132472972897715e-02,3.24751770742166366259e-10,3.23229690184083197070e-10,3.24751770742166366259e-10,True,3.23229690184083197070e-10,True,series tail and order change; rounding and minimizer search are not enclosed
1024,10,joint_window,1.33,1.0796830349744695,64,9.40488352588947640331e-02,6.83593956404409119898e-02,5.84521011657397962513e-02,2.64086733150538210957e-01,4.39340237600269459518e-16,-8.00345058306379739110e-04,-4.76017465714764081985e-04,-7.51961344074450130370e-04,4.99779426389061059988e-02,7.45896193615760028789e-03,3.23615615884744342272e-10,3.22104006310552815178e-10,3.23615615884744342272e-10,True,3.22104006310552815178e-10,True,series tail and order change; rounding and minimizer search are not enclosed
1024,10,joint_window,1.34,1.0802821555381874,64,9.50497601295188093706e-02,6.97016243057595741295e-02,5.94762068234424914892e-02,2.64234065160874220801e-01,4.37531718120440352679e-16,-8.85731728119102182384e-04,-5.81252668048050022409e-04,-8.53259320634892209911e-04,4.69360884814929366082e-02,5.00778980158507729809e-03,3.22489245606164815578e-10,3.20987364687543682902e-10,3.22489245606164815578e-10,True,3.20987364687543682902e-10,True,series tail and order change; rounding and minimizer search are not enclosed
1024,10,joint_window,1.35,1.080881276101905,64,9.60597153585936586184e-02,7.10497354643688100451e-02,6.05013938483495022913e-02,2.64381402125856868057e-01,4.35729946306406899614e-16,-9.71482106792017144348e-04,-6.86108794733646457087e-04,-9.54101815068159400668e-04,4.40065756751463754703e-02,2.68127153179820859608e-03,3.21372261117321020568e-10,3.19879393176003913741e-10,3.21372261117321020568e-10,True,3.19879393176003913741e-10,True,series tail and order change; rounding and minimizer search are not enclosed
1024,10,joint_window,1.36,1.081480396665623,64,9.70785920996979079245e-02,7.24035188491889969420e-02,6.15275053845723354784e-02,2.64528744051832354067e-01,4.33934899911914842706e-16,-1.05759464037137249082e-03,-7.90633192095990811055e-04,-1.05453333204579870197e-03,4.11819897429791595411e-02,4.72435675153149911825e-04,3.20264289404604670880e-10,3.18779744246679441115e-10,3.20264289404604670880e-10,True,3.18779744246679441115e-10,True,series tail and order change; rounding and minimizer search are not enclosed
1024,10,joint_window,1.37,1.0820795172293407,64,9.81062770940628325889e-02,7.37627676273381743810e-02,6.25543890679052388970e-02,2.64676090945145714439e-01,4.32146556751315248061e-16,-1.14406767482581016304e-03,-8.94870276063827047031e-04,-1.15459546171228777389e-03,3.84553410184088687029e-02,-1.62526561478720625586e-03,3.19164981261624108362e-10,3.17693291991964021933e-10,3.19164981261624108362e-10,True,3.17693291991964021933e-10,True,series tail and order change; rounding and minimizer search are not enclosed
1024,10,joint_window,1.38,1.0826786377930586,64,9.91426528588861405433e-02,7.51272783974610280922e-02,6.35818969420355178945e-02,2.64823442812141984781e-01,4.30364894699454311509e-16,-1.23089945762347788283e-03,-9.98861720617161621960e-04,-1.25432706872687614597e-03,3.58200367372374997577e-02,-3.61798462166942891294e-03,3.18074009490355718055e-10,3.16615666875705205258e-10,3.18074009490355718055e-10,True,3.16615666875705205258e-10,True,series tail and order change; rounding and minimizer search are not enclosed
1024,10,joint_window,1.39,1.0832777583567763,64,1.00187597881917223042e-01,7.64968511835804887422e-02,6.46098853739135031704e-02,2.64970799659165257012e-01,4.28589891691572778833e-16,-1.31808813939857973063e-03,-1.10264663264326816250e-03,-1.35376446770141094234e-03,3.32698551587741128688e-02,-5.51150407463641724137e-03,3.16991067255765677748e-10,3.15545090353063078665e-10,3.16991067255765677748e-10,True,3.15545090353063078665e-10,True,series tail and order change; rounding and minimizer search are not enclosed
1024,10,joint_window,1.4,1.0838768789204942,64,1.01240986821463124778e-01,7.78712894257309051760e-02,6.56382149685325044786e-02,2.65118161492559178960e-01,4.26821525723195505243e-16,-1.40563177570313807552e-03,-1.20626171430221126868e-03,-1.45294158613257229362e-03,3.07989215534777184546e-02,-7.31126128497057957423e-03,3.15915866579520111273e-10,3.14481317133042734767e-10,3.15915866579520111273e-10,True,3.14481317133042734767e-10,True,series tail and order change; rounding and minimizer search are not enclosed
1024,10,joint_window,1.41,1.0844759994842121,64,1.02302690710933674723e-01,7.92503999675874398756e-02,6.66667504833150931232e-02,2.65265528318666454766e-01,4.25059774850030283964e-16,-1.49352832883598019009e-03,-1.30974141390010311026e-03,-1.55189011582653781096e-03,2.84016859089562812013e-02,-9.02237055947878278939e-03,3.14848136959882006145e-10,3.13424117157037092396e-10,3.14848136959882006145e-10,True,3.13424117157037092396e-10,True,series tail and order change; rounding and minimizer search are not enclosed
1024,10,joint_window,1.42,1.0850751200479298,64,1.03372577167070128779e-01,8.06339930413195599135e-02,6.76953607423156633605e-02,2.65412900143830066124e-01,4.23304617187859673690e-16,-1.58177566974478621409e-03,-1.41311806618283491987e-03,-1.65063965372791617015e-03,2.60729022191941231523e-02,-1.06496440258355886538e-02,3.13787624106155223543e-10,3.12373274477138398024e-10,3.13787624106155223543e-10,True,3.12373274477138398024e-10,True,series tail and order change; rounding and minimizer search are not enclosed
1024,10,joint_window,1.43,1.0856742406116477,64,1.04450510600998344724e-01,8.20218822498711697122e-02,6.87239185504076310895e-02,2.65560276974391440419e-01,4.21556030912433664188e-16,-1.67037157999400803776e-03,-1.51642202288124368359e-03,-1.74921783298273049445e-03,2.38076092333738033313e-02,-1.21976109935432921322e-02,3.12734088777211197201e-10,3.11328586228024585671e-10,3.12734088777211197201e-10,True,3.11328586228024585671e-10,True,series tail and order change; rounding and minimizer search are not enclosed
1024,10,joint_window,1.44,1.0862733611753654,64,1.05536352431270949448e-01,8.34138845468558182139e-02,6.97523006076256613106e-02,2.65707658816692171566e-01,4.19813994259367617426e-16,-1.75931375379368565293e-03,-1.61968177426651330220e-03,-1.84765044499445724169e-03,2.16011125515512200645e-02,-1.36705359634690347403e-02,3.11687305714658122478e-10,3.10289861683820195086e-10,3.11687305714658122478e-10,True,3.10289861683820195086e-10,True,series tail and order change; rounding and minimizer search are not enclosed
1024,10,joint_window,1.45,1.0868724817390834,64,1.06629961298077655107e-01,8.48098202142662516145e-02,7.07803874238073643665e-02,2.65855045677073020816e-01,4.18078485524031136790e-16,-1.84859980008253085848e-03,-1.72292406241015931545e-03,-1.94596155316618252273e-03,1.94489679636126212847e-02,-1.50724353895017541133e-02,3.10647062662133502462e-10,3.09256921392182613425e-10,3.10647062662133502462e-10,True,3.09256921392182613425e-10,True,series tail and order change; rounding and minimizer search are not enclosed
1024,10,joint_window,1.46,1.087471602302801,64,1.07731193277845679890e-01,8.62095128381541730977e-02,7.18080632336669244520e-02,2.66002437561874138794e-01,4.16349483061446649154e-16,-1.93822724466011231392e-03,-1.82617398678196381223e-03,-2.04417359896257207208e-03,1.73469659371164562633e-02,-1.64070932869309592250e-02,3.09613159463040919900e-10,3.08229596378636320247e-10,3.09613159463040919900e-10,True,3.08229596378636320247e-10,True,series tail and order change; rounding and minimizer search are not enclosed
1024,10,joint_window,1.47,1.088070722866519,64,1.08839902097462207231e-01,8.76127892824627718671e-02,7.28352159124314862959e-02,2.66149834477435009994e-01,4.14626965286178126187e-16,-2.02819353236302971077e-03,-1.92945510276742310252e-03,-2.14230750087241773871e-03,1.52911171672133194832e-02,-1.76780757743706731788e-02,3.08585407229777754733e-10,3.07207727414848452365e-10,3.08585407229777754733e-10,True,3.07207727414848452365e-10,True,series tail and order change; rounding and minimizer search are not enclosed
1024,10,joint_window,1.48,1.0886698434302367,64,1.09955939347397127492e-01,8.90194796611523953000e-02,7.38617368921379718882e-02,2.66297236430095007886e-01,4.12910910672229074783e-16,-2.11849602927791785811e-03,-2.03278951363540690001e-03,-2.24038274680248006288e-03,1.32776391090025439046e-02,-1.88887446290004583360e-02,3.07563627578186248012e-10,3.06191164345167300423e-10,3.07563627578186248012e-10,True,3.06191164345167300423e-10,True,series tail and order change; rounding and minimizer search are not enclosed
1024,10,joint_window,1.49,1.0892689639939546,64,1.11079154693047327251e-01,9.04294173087801800293e-02,7.48875210786973249943e-02,2.66444643426192395719e-01,4.11201297752931159753e-16,-2.20913202498850338995e-03,-2.13619795644479949781e-03,-2.33841748039107996671e-03,1.13029434195031537602e-02,-2.00422699280120922283e-02,3.06547651921533394094e-10,3.05179765466269626519e-10,3.06547651921533394094e-10,True,3.05179765466269626519e-10,True,series tail and order change; rounding and minimizer search are not enclosed
1024,10,joint_window,1.5,1.0898680845576725,64,1.12209396083648535458e-01,9.18424387496587640856e-02,7.59124667698177352237e-02,2.66592055472065381228e-01,4.09498105120841553307e-16,-2.30009873484917845565e-03,-2.23969988233615850681e-03,-2.43642858168772319383e-03,9.36362424198283922749e-03,-2.11416418436617924159e-02,3.05537320818888763152e-10,3.04173396955283402349e-10,3.05537320818888763152e-10,True,3.04173396955283402349e-10,True,series tail and order change; rounding and minimizer search are not enclosed
1024,10,joint_window,1.51,1.0904672051213902,64,1.13346509958155747255e-01,9.32583836657353004718e-02,7.69364755738453642842e-02,2.66739472574050839881e-01,4.07801311427634269461e-16,-2.39139330228194113559e-03,-2.34331353161984501376e-03,-2.53443174260978634771e-03,7.45644727114053509909e-03,-2.21896816534620441863e-02,3.04532483373229371879e-10,3.03171932342167295072e-10,3.04532483373229371879e-10,True,3.03171932342167295072e-10,True,series tail and order change; rounding and minimizer search are not enclosed
1024,10,joint_window,1.52,1.091066325685108,64,1.14490341447553850562e-01,9.46770948633122305660e-02,7.79594523296279623414e-02,2.66886894738486091239e-01,4.06110895383990857501e-16,-2.48301280109093636117e-03,-2.44705600403821894873e-03,-2.63244153755403526018e-03,5.57833954222290272912e-03,-2.31890520225467786086e-02,3.03532996675044450976e-10,3.02175252022534994128e-10,3.03532996675044450976e-10,True,3.02175252022534994128e-10,True,series tail and order change; rounding and minimizer search are not enclosed
1024,10,joint_window,1.53,1.0916654462488258,64,1.15640734573038056476e-01,9.60984182387167318318e-02,7.89813050274230515901e-02,2.67034321971707344634e-01,4.04426835759498096578e-16,-2.57495423779027787781e-03,-2.55094332454761964224e-03,-2.73047148950894026653e-03,3.72637989208796441276e-03,-2.41422666103134585247e-02,3.02538725287611038655e-10,3.01183242807482842368e-10,3.02538725287611038655e-10,True,3.01183242807482842368e-10,True,series tail and order change; rounding and minimizer search are not enclosed
1024,10,joint_window,1.54,1.0922645668125437,64,1.16797532439662107850e-01,9.75222027430433791029e-02,8.00019447309387177203e-02,2.67181754280049976735e-01,4.02749111382535139301e-16,-2.66721455394141812589e-03,-2.65499050494120807098e-03,-2.82853413198874692469e-03,1.89779004393126455273e-03,-2.50516990496801594812e-02,3.01549540770442770338e-10,3.00195797507265697853e-10,3.01549540770442770338e-10,True,3.00195797507265697853e-10,True,series tail and order change; rounding and minimizer search are not enclosed
1024,10,joint_window,1.55,1.0928636873762614,64,1.17960577424983767414e-01,9.89483003460568388832e-02,8.10212855005283533183e-02,2.67329191669849530744e-01,4.01077701140171502159e-16,-2.75979062849436573845e-03,-2.75921160160511741433e-03,-2.92664106708223972775e-03,8.99262713348554417738e-05,-2.59195913434386582264e-02,3.00565321237756945997e-10,2.99212814545996152833e-10,3.00565321237756945997e-10,True,2.99212814545996152833e-10,True,series tail and order change; rounding and minimizer search are not enclosed
1024,10,joint_window,1.56,1.0934628079399793,64,1.19129711362365733884e-01,1.00376565999366451631e-01,8.20392443175990415671e-02,2.67476634147440439637e-01,3.99412583978054603539e-16,-2.85267928013077307070e-03,-2.86361976968027391599e-03,-3.02480301988810804104e-03,-1.69972839917928832468e-03,-2.67480617185108134060e-02,2.99591087084520807886e-10,2.98234197604764851380e-10,2.99591087084520807886e-10,True,2.98234197604764851380e-10,True,series tail and order change; rounding and minimizer search are not enclosed
1024,10,joint_window,1.57,1.094061928503697,64,1.20304775718586706712e-01,1.01806857598946615129e-01,8.30557410102530924156e-02,2.67624081719156692305e-01,3.97753738900306718766e-16,-2.94587726960339121862e-03,-2.96822731387854851781e-03,-3.12302988958676995546e-03,-3.47357148493515795196e-03,-2.75391119761914937580e-02,2.98621781208487473429e-10,2.97259855290845895954e-10,2.98621781208487473429e-10,True,2.97259855290845895954e-10,True,series tail and order change; rounding and minimizer search are not enclosed
1024,10,joint_window,1.58,1.094661049067415,64,1.21485611765497325543e-01,1.03239035947107454794e-01,8.40706981802035735463e-02,2.67771534391331778036e-01,3.96101144969412764646e-16,-3.03938130206960269164e-03,-3.07304573618505903754e-03,-3.22133079738004535209e-03,-5.23388787810098645575e-03,-2.82946343732335472976e-02,2.97657034076747746091e-10,2.96289700830835380814e-10,2.97657034076747746091e-10,True,2.96289700830835380814e-10,True,series tail and order change; rounding and minimizer search are not enclosed
1024,10,joint_window,1.59,1.0952601696311328,64,1.22672060745465549836e-01,1.04672964713975635842e-01,8.50840411309780192406e-02,2.67918992170298908562e-01,3.94454781306116514949e-16,-3.13318802941445206933e-03,-3.17808578065854191452e-03,-3.31971413151080016468e-03,-6.98285624316782611160e-03,-2.90164180661186092702e-02,2.96696753458061397218e-10,2.95323651785787656448e-10,2.96696753458061397218e-10,True,2.95323651785787656448e-10,True,series tail and order change; rounding and minimizer search are not enclosed
1024,10,joint_window,1.6,1.0958592901948505,64,1.23863964030429665741e-01,1.06108510398575467404e-01,8.60956977974352694050e-02,2.68066455062390018860e-01,3.92814627089311096654e-16,-3.22729405256134971314e-03,-3.28335747552741842592e-03,-3.41818758956119808645e-03,-8.72255501064602561945e-03,-2.97061551484491433162e-02,2.95740851499250763389e-10,2.94361629786569387447e-10,2.95740851499250763389e-10,True,2.94361629786569387447e-10,True,series tail and order change; rounding and minimizer search are not enclosed
1024,10,joint_window,1.61,1.0964584107585684,64,1.25061163274397257883e-01,1.07545542289576190331e-01,8.71055986766107320785e-02,2.68213923073937376973e-01,3.91180661555928795944e-16,-3.32169592376645519960e-03,-3.38887017276323643244e-03,-3.51675821821104475640e-03,-1.04549679946844623069e-02,-3.03654463091726396773e-02,2.94789244465345575899e-10,2.93403560287811473968e-10,2.94789244465345575899e-10,True,2.93403560287811473968e-10,True,series tail and order change; rounding and minimizer search are not enclosed
1024,10,joint_window,1.62,1.0970575313222861,64,1.26263500559267688450e-01,1.08983932425762361507e-01,8.81136767598938164259e-02,2.68361396211271863166e-01,3.89552864000837816034e-16,-3.41639014889430492339e-03,-3.49463258529969164612e-03,-3.61543245062452209271e-03,-1.21819896600787926783e-02,-3.09958061371522382299e-02,2.93841852497630305144e-10,2.92449372338994572037e-10,2.93841852497630305144e-10,True,2.92449372338994572037e-10,True,series tail and order change; rounding and minimizer search are not enclosed
1024,10,joint_window,1.63,1.097656651886004,64,1.27470818533909124870e-01,1.10423555556304509029e-01,8.91198674665553136620e-02,2.68508874480724413214e-01,3.87931213776728631894e-16,-3.51137318967215811272e-03,-3.60065282205359812884e-03,-3.71421614162300781081e-03,-1.39054300623989591373e-02,-3.15986680960504279225e-02,2.92898599388185021124e-10,2.91498998371304967309e-10,2.92898599388185021124e-10,True,2.91498998371304967309e-10,True,series tail and order change; rounding and minimizer search are not enclosed
1024,10,joint_window,1.64,1.0982557724497217,64,1.28682960546431135462e-01,1.11864289100871497351e-01,9.01241085786167323013e-02,2.68656357888625185737e-01,3.86315690294011093211e-16,-3.60664146592043488582e-03,-3.70693842089160618958e-03,-3.81311460078721797817e-03,-1.56270194831086284282e-02,-3.21753891913387907175e-02,2.91959412369659508718e-10,2.90552373999047431760e-10,2.91959412369659508718e-10,True,2.90552373999047431760e-10,True,series tail and order change; rounding and minimizer search are not enclosed
1024,10,joint_window,1.65,1.0988548930134396,64,1.29899770769648620350e-01,1.13306013109651937398e-01,9.11263401770779635225e-02,2.68803846441303950776e-01,3.84706273020700877715e-16,-3.70219135775746652217e-03,-3.81349637967761355417e-03,-3.91213262362445288178e-03,-1.73484127801158787008e-02,-3.27272543500279275430e-02,2.91024221919096787164e-10,2.89609437834474174413e-10,2.91024221919096787164e-10,True,2.89609437834474174413e-10,True,series tail and order change; rounding and minimizer search are not enclosed
1024,10,joint_window,1.66,1.0994540135771573,64,1.31121094319741199330e-01,1.14748610223320418600e-01,9.21265045794813497437e-02,2.68951340145089479172e-01,3.83102941482316101104e-16,-3.79801920777573381871e-03,-3.92033318552387731459e-03,-4.01127452092421218910e-03,-1.90711934725679432834e-02,-3.32554805319931270913e-02,2.90092961574753187928e-10,2.88670131315014573634e-10,2.90092961574753187928e-10,True,2.88670131315014573634e-10,True,series tail and order change; rounding and minimizer search are not enclosed
1024,10,joint_window,1.67,1.1000531341408752,64,1.32346777368162776822e-01,1.16191965633010180214e-01,9.31245462788310995883e-02,2.69098839006310652788e-01,3.81505675261763967585e-16,-3.89412132318862555524e-03,-4.02745484236227170582e-03,-4.11054414641925242035e-03,-2.07968775774555643399e-02,-3.37612205905796700089e-02,2.89165567764923098008e-10,2.87734398541952572104e-10,2.89165567764923098008e-10,True,2.87734398541952572104e-10,True,series tail and order change; rounding and minimizer search are not enclosed
1024,10,joint_window,1.68,1.1006522547045932,64,1.33576667246855407267e-01,1.17635967040320685295e-01,9.41204118838383368972e-02,2.69246343031295187753e-01,3.79914453999236344418e-16,-3.99049397794503171721e-03,-4.13486689694176484666e-03,-4.20994492285832813683e-03,-2.25269172143030653455e-02,-3.42455668988086575633e-02,2.88241979647879614798e-10,2.86802186129697463708e-10,2.88241979647879614798e-10,True,2.86802186129697463708e-10,True,series tail and order change; rounding and minimizer search are not enclosed
1024,10,joint_window,1.69,1.1012513752683109,64,1.34810612546867908401e-01,1.19080504617411209178e-01,9.51140500605055505545e-02,2.69393852226370689174e-01,3.78329257392099370692e-16,-4.08713341481070982497e-03,-4.24257446335242136004e-03,-4.30947986659126203168e-03,-2.42627039931226362590e-02,-3.47095547564312059685e-02,2.87322138962104862494e-10,2.85873443064852479686e-10,2.87322138962104862494e-10,True,2.85873443064852479686e-10,True,series tail and order change; rounding and minimizer search are not enclosed
1024,10,joint_window,1.7,1.1018504958320288,64,1.36048463210484166241e-01,1.20525470967213818585e-01,9.61054114750149596214e-02,2.69541366597864151533e-01,3.76750065194783016792e-16,-4.18403584741548414949e-03,-4.35058224616828408127e-03,-4.40915161075966163806e-03,-2.60055721996019888198e-02,-3.51541655919658524443e-02,2.86405989886053771845e-10,2.84948120574355167955e-10,2.86405989886053771845e-10,True,2.84948120574355167955e-10,True,series tail and order change; rounding and minimizer search are not enclosed
1024,10,joint_window,1.75,1.1048460986506177,64,1.42291149838979835707e-01,1.27753140586093189013e-01,1.01026473522632609381e-01,2.70279016323002663214e-01,3.68943465741482020856e-16,-4.67235863422568037384e-03,-4.89526305365432443106e-03,-4.90963033014801819576e-03,-3.48691848917188004786e-02,-3.71175080575468427369e-02,2.81878819808608168715e-10,2.80371251583930487242e-10,2.81878819808608168715e-10,True,2.80371251583930487242e-10,True,series tail and order change; rounding and minimizer search are not enclosed
1024,10,joint_window,1.8,1.1078417014692068,64,1.48609871886719868694e-01,1.34976748912662175561e-01,1.05884272522440717190e-01,2.71016796407313076411e-01,3.61283972320480501667e-16,-5.16667501596846864831e-03,-5.44795451053751642045e-03,-5.41373873724467977175e-03,-4.40817899223723691504e-02,-3.87174582451956933449e-02,2.77436761210148244360e-10,2.75873673494001871621e-10,2.77436761210148244360e-10,True,2.75873673494001871621e-10,True,series tail and order change; rounding and minimizer search are not enclosed
1024,10,joint_window,1.85,1.110837304287796,64,1.54987799619180827149e-01,1.42185372568610940425e-01,1.10674580291226079543e-01,2.71754707641053749878e-01,3.53769117780461340042e-16,-5.66649026608191663801e-03,-6.00889543429290740040e-03,-5.92148630547232462940e-03,-5.37608057236422312575e-02,-4.00312631447474198687e-02,2.73074922996199465689e-10,2.71451192741801504971e-10,2.73074922996199465689e-10,True,2.71451192741801504971e-10,True,series tail and order change; rounding and minimizer search are not enclosed
1024,10,joint_window,1.9,1.113832907106385,64,1.61409348878508218661e-01,1.49369322189235820275e-01,1.15394054058931244677e-01,2.72492750814149808924e-01,3.46396469817465931474e-16,-6.17130478397903692311e-03,-6.57818973342208165866e-03,-6.43276380938703762347e-03,-6.40040974915046106952e-02,-4.11188020020710684466e-02,2.68789233622919863099e-10,2.67100355695657724070e-10,2.68789233622919863099e-10,True,2.67100355695657724070e-10,True,series tail and order change; rounding and minimizer search are not enclosed
1024,10,joint_window,1.95,1.1168285099249742,64,1.67860233434988709300e-01,1.56520032926434626841e-01,1.20040113269148429609e-01,2.73230926716196809156e-01,3.39163630632530673335e-16,-6.68061858837625671681e-03,-7.15583847571809109067e-03,-6.94737506293484352593e-03,-7.48941462634884203009e-02,-4.20267279460221562792e-02,2.64576262030490865810e-10,2.62818282162837438032e-10,2.64576262030490865810e-10,True,2.62818282162837438032e-10,True,series tail and order change; rounding and minimizer search are not enclosed
1024,10,joint_window,2.0,1.119824112743563,64,1.74327468291485959684e-01,1.63629961782674804294e-01,1.24610831742642036435e-01,2.73969236136463345499e-01,3.32068236588748175252e-16,-7.19393516552587278245e-03,-7.74176454699553040495e-03,-7.46506114415367710846e-03,-8.65011949450516792748e-02,-4.27915692146515827532e-02,2.60433082265878087000e-10,2.58602540034542038134e-10,2.60433082265878087000e-10,True,2.58602540034542038134e-10,True,series tail and order change; rounding and minimizer search are not enclosed
1024,10,joint_window,2.05,1.1228197155621522,64,1.80799337421229416867e-01,1.70692492076717966532e-01,1.29104843580980316320e-01,2.74707679863894438377e-01,3.25107957867895138340e-16,-7.71076470449473527768e-03,-8.33583172104361558308e-03,-7.98551895117403931490e-03,-9.88856410172312683127e-02,-4.34420635918175146450e-02,2.56357169999032394455e-10,2.54451049877363969353e-10,2.56357169999032394455e-10,True,2.54451049877363969353e-10,True,series tail and order change; rounding and minimizer search are not enclosed
1024,10,joint_window,2.1,1.1258153183807413,64,1.87265337203126963628e-01,1.77701845081460862996e-01,1.33521261263613161274e-01,2.75446258687112699448e-01,3.18280498126774223043e-16,-8.23062676488264463592e-03,-8.93785947879655040538e-03,-8.50841544843264352416e-03,-1.12099871137472203997e-01,-4.40009245882879290734e-02,2.52346322647873649616e-10,2.50362011632606697113e-10,2.52346322647873649616e-10,True,2.50362011632606697113e-10,True,series tail and order change; rounding and minimizer search are not enclosed
1024,10,joint_window,2.15,1.1288109211993305,64,1.93716104515686743381e-01,1.84652998693031505928e-01,1.37859604501803623133e-01,2.76184973394423216586e-01,3.11583594153394890745e-16,-8.75305243002101607264e-03,-9.54763456969581758571e-03,-9.03339861391359508214e-03,-1.26189679776598506766e-01,-4.44861843184917379879e-02,2.48398597199874418188e-10,2.46333847843313447256e-10,2.48398597199874418188e-10,True,2.46333847843313447256e-10,True,series tail and order change; rounding and minimizer search are not enclosed
1024,10,joint_window,2.2,1.1318065240179196,64,2.00143336329530685536e-01,1.91541612868236177381e-01,1.42119738538856371646e-01,2.76923824773814386546e-01,3.05015015523130333043e-16,-9.27758600199710473100e-03,-1.01649200589324813226e-02,-9.56010584609488789365e-03,-1.41195375967388375704e-01,-4.49122194955384468340e-02,2.44512261447210594351e-10,2.42365159375538152532e-10,2.44512261447210594351e-10,True,2.42365159375538152532e-10,True,series tail and order change; rounding and minimizer search are not enclosed
1024,10,joint_window,2.25,1.1348021268365085,64,2.06539705824635377862e-01,1.98363961489363221924e-01,1.46301820716601582717e-01,2.77662813612962633414e-01,2.98572564254975375199e-16,-9.80378629495912493064e-03,-1.07894624223050725198e-02,-1.00881704047367098953e-02,-1.57152654762102828023e-01,-4.52905390790249370858e-02,2.40685755489291481697e-10,2.38454690677051926926e-10,2.40685755489291481697e-10,True,2.38454690677051926926e-10,True,series tail and order change; rounding and minimizer search are not enclosed
1024,10,joint_window,2.3,1.1377977296550976,64,2.12898778585956710563e-01,2.05116870269469592225e-01,1.50406254255855936774e-01,2.78401940699233463317e-01,2.92254074468023041995e-16,-1.03312275810272524712e-02,-1.14209971163416988682e-02,-1.06172263232759064855e-02,-1.74093290052862115225e-01,-4.56303918100251365564e-02,2.36917661162341027350e-10,2.34601302378190787184e-10,2.36917661162341027350e-10,True,2.34601302378190787184e-10,True,series tail and order change; rounding and minimizer search are not enclosed
1024,10,joint_window,2.35,1.1407933324736867,64,2.19214931281584785028e-01,2.11797660288789380001e-01,1.54433648319359378975e-01,2.79141206819685683271e-01,2.86057412038285264139e-16,-1.08595002395639808612e-02,-1.20592529516376154031e-02,-1.11469121288988448626e-02,-1.92045690861233603330e-01,-4.59392370119685103380e-02,2.33206677635482774968e-10,2.30803949586373387685e-10,2.33206677635482774968e-10,True,2.30803949586373387685e-10,True,series tail and order change; rounding and minimizer search are not enclosed
1024,10,joint_window,2.4,1.1437889352922759,64,2.25483274359560642575e-01,2.18404096747106174492e-01,1.58384783537170281686e-01,2.79880612761072844474e-01,2.79980474255961164638e-16,-1.13882111561343993267e-02,-1.27039555226103918761e-02,-1.16768736299009689983e-02,-2.11035352546912913230e-01,-4.62231111165873551072e-02,2.29551601835676311593e-10,2.27061664623998060806e-10,2.29551601835676311593e-10,True,2.27061664623998060806e-10,True,series tail and order change; rounding and minimizer search are not enclosed
1024,10,joint_window,2.45,1.146784538110865,64,2.31699579661424875932e-01,2.24934342522779412432e-01,1.62260582275719933421e-01,2.80620159309847183593e-01,2.74021189483268986286e-16,-1.19169839127005600110e-02,-1.33548298903819750993e-02,-1.22067659719970467158e-02,-2.31085226540659355310e-01,-4.64869143078829663573e-02,2.25951312676250459554e-10,2.23373543253138499401e-10,2.25951312676250459554e-10,True,2.23373543253138499401e-10,True,series tail and order change; rounding and minimizer search are not enclosed
1024,10,joint_window,2.5,1.149780140929454,64,2.37860213395274078252e-01,2.31386916142874154989e-01,1.66062083022501832952e-01,2.81359847252161843212e-01,2.68177516812944310793e-16,-1.24454588057389611833e-02,-1.40116026724985617835e-02,-1.27362551210190508288e-02,-2.52216026413165983477e-01,-4.67346356965806578043e-02,2.22404758297129062273e-10,2.19738733649553444797e-10,2.22404758297129062273e-10,True,2.19738733649553444797e-10,True,series tail and order change; rounding and minimizer search are not enclosed
1024,10,joint_window,2.55,1.152775743748043,64,2.43962074594860717225e-01,2.37760653787740916520e-01,1.69790418339043985840e-01,2.82099677373873536368e-01,2.62447445727504409762e-16,-1.29732927242878007257e-02,-1.46740036602317110159e-02,-1.32650188954583567180e-02,-2.74446483790600825881e-01,-4.69695309827999341046e-02,2.18910945700917404561e-10,2.16156427553649657246e-10,2.18910945700917404561e-10,True,2.16156427553649657246e-10,True,series tail and order change; rounding and minimizer search are not enclosed
1024,10,joint_window,2.6,1.1557713465666322,64,2.50002538979340493963e-01,2.44054674975336671761e-01,1.73446795906023326639e-01,2.82839650460545599664e-01,2.56828995759382314820e-16,-1.35001589155503282091e-02,-1.53417670587776035218e-02,-1.37927476460399933700e-02,-2.97793564424157830572e-01,-4.71942632333108638698e-02,2.15468932303067199580e-10,2.12625853151602066873e-10,2.15468932303067199580e-10,True,2.12625853151602066873e-10,True,series tail and order change; rounding and minimizer search are not enclosed
1024,10,joint_window,2.65,1.1587669493852213,64,2.55979407992510676895e-01,2.50268351594176319264e-01,1.77032482246912287183e-01,2.83579767297450380248e-01,2.51320216152015557350e-16,-1.40257466616749149058e-02,-1.60146324259312598792e-02,-1.43191446590923351923e-02,-3.22272652323818742381e-01,-4.74110148986160370721e-02,2.12077819017160295361e-10,2.09146269336038124673e-10,2.12077819017160295361e-10,True,2.09146269336038124673e-10,True,series tail and order change; rounding and minimizer search are not enclosed
1024,10,joint_window,2.7,1.1617625522038102,64,2.61890862719070582898e-01,2.56401279977878759908e-01,1.80548788771227736172e-01,2.84320028669572122393e-01,2.45919185521987347280e-16,-1.45497608877475509415e-02,-1.66923453694083727405e-02,-1.48439263445171443223e-02,-3.47897708064330069000e-01,-4.76215773084530252790e-02,2.08736744575816840876e-10,2.05716961069950152164e-10,2.08736744575816840876e-10,True,2.05716961069950152164e-10,True,series tail and order change; rounding and minimizer search are not enclosed
1024,10,joint_window,2.75,1.1647581550223993,64,2.67735422332521566524e-01,2.62453255738198221181e-01,1.83997059826134429228e-01,2.85060435361610520211e-01,2.40624011522301788730e-16,-1.50719217178530429102e-02,-1.73746580508968712087e-02,-1.53668222566331891255e-02,-3.74681406011709627890e-01,-4.78274224571798578509e-02,2.05444880849476247877e-10,2.02337235635129523484e-10,2.05444880849476247877e-10,True,2.02337235635129523484e-10,True,series tail and order change; rounding and minimizer search are not enclosed
1024,10,joint_window,2.8,1.1677537578409884,64,2.73511906712609609293e-01,2.68424251096591626187e-01,1.87378662486622882266e-01,2.85800988157981827875e-01,2.35432830506882618918e-16,-1.55919639932906792246e-02,-1.80613295353886510464e-02,-1.58875749862853674066e-02,-4.02635254186287094846e-01,-4.80297608044530088822e-02,2.02201428973580834810e-10,1.99006419591404850967e-10,2.02201428973580834810e-10,True,1.99006419591404850967e-10,True,series tail and order change; rounding and minimizer search are not enclosed
1024,10,joint_window,2.85,1.1707493606595776,64,2.79219402871023925083e-01,2.74314394476539380463e-01,1.90694977850508179396e-01,2.86541687842822745402e-01,2.30343807196368341359e-16,-1.61096367646260327233e-02,-1.87521260167905871874e-02,-1.64059399547871256897e-02,-4.31769699692108877009e-01,-4.82295879881466313388e-02,1.99005616132596401595e-10,1.95723856308239058485e-10,1.99005616132596401595e-10,True,1.95723856308239058485e-10,True,series tail and order change; rounding and minimizer search are not enclosed
1024,10,joint_window,2.9,1.1737449634781667,64,2.84857234836095263297e-01,2.80123952139699539110e-01,1.93947393635717169058e-01,2.87282535199993027675e-01,2.25355134345285449764e-16,-1.66247027671967625984e-02,-1.94468209448057198496e-02,-1.69216851340516782898e-02,-4.62094222039904245491e-01,-4.84277227118873263012e-02,1.95856692879229569168e-10,1.92488903958036338845e-10,1.95856692879229569168e-10,True,1.92488903958036338845e-10,True,series tail and order change; rounding and minimizer search are not enclosed
1024,10,joint_window,2.95,1.1767405662967556,64,2.90424936666089483772e-01,2.85853311668510856602e-01,1.97137297904399211301e-01,2.88023531013077593865e-01,2.20465032410672367135e-16,-1.71369378879330513943e-02,-2.01451950732757997797e-02,-1.74345907123136106831e-02,-4.93617416225918426154e-01,-4.86248375801594939771e-02,1.92753930890897521261e-10,1.89300933882474247567e-10,1.92753930890897521261e-10,True,1.89300933882474247567e-10,True,series tail and order change; rounding and minimizer search are not enclosed
1024,10,joint_window,3.0,1.1797361691153447,64,2.95922228283312882535e-01,2.91502967115980393675e-01,2.00266073761830282196e-01,2.88764676065390468729e-01,2.15671749222222903539e-16,-1.76461306298561701467e-02,-2.08470364463306870317e-02,-1.79444487208855474325e-02,-5.26347067070226271035e-01,-4.88214842771374848973e-02,1.89696621084356999400e-10,1.86159329260612222141e-10,1.89696621084356999400e-10,True,1.86159329260612222141e-10,True,series tail and order change; rounding and minimizer search are not enclosed
1024,10,fixed_power,0.16691131310775678,1.01,96,3.40611289563679600634e-02,8.89030870783047040376e-10,8.89030859748090814317e-10,2.46982802406764012648e-01,7.02210792393058841393e-16,6.91521842424996403820e-03,2.41149057069973471457e-01,2.41149057069970890188e-01,2.58650187630443753051e+01,2.58650187630441621423e+01,4.06055811570093774008e-08,4.06055811569649941979e-08,7.32818747906094358768e-08,True,7.32818747906094358768e-08,True,series tail and order change; rounding and minimizer search are not enclosed
1024,10,fixed_power,0.33382262621551356,1.02,96,3.79186745653369294828e-02,2.86903264877213845367e-05,2.86841787357967439626e-05,2.49433602775279067432e-01,6.57367441407962136636e-16,6.01578008385223426957e-03,2.36884787459049589442e-01,2.36883382871515141277e-01,2.56767489684047163223e+01,2.56766328640294609897e+01,6.84953525499798412288e-09,6.84811177131200695591e-09,1.59457655968253675383e-08,True,1.59425859180828410899e-08,True,series tail and order change; rounding and minimizer search are not enclosed
1024,10,fixed_power,0.5007339393232703,1.03,64,4.27213754273957149743e-02,9.13411442080404008606e-04,9.09013631898211238794e-04,2.51885604726352130278e-01,6.15119179317306829544e-16,5.06641679644304239460e-03,1.13848626937351427024e-01,1.13490808608348481279e-01,1.40560993973717707206e+01,1.40163449768857741873e+01,1.93762316592703921119e-09,1.93004047923322813333e-09,6.79764511346547806170e-09,True,6.76964617696285131387e-09,True,series tail and order change; rounding and minimizer search are not enclosed
1024,10,fixed_power,0.8345565655387839,1.05,64,5.65913653309188663387e-02,1.45544472101400926972e-02,1.38470565024270790555e-02,2.56793332426625109388e-01,5.37886872588731785396e-16,2.97092069441002182978e-03,8.63915139775540616429e-03,8.19979734113862601674e-03,8.53164984520651148436e-01,7.87555549872747673312e-01,4.24557784495481696549e-10,4.20689079619608389459e-10,4.24557784495481696549e-10,True,4.20689079619608389459e-10,True,series tail and order change; rounding and minimizer search are not enclosed
1024,10,fixed_power,1.251834848308174,1.075,64,8.65470554916926981814e-02,5.80952896668537818736e-02,5.05035378848362956350e-02,2.62935280264485649049e-01,4.53711590116804997635e-16,-1.45594967398831806604e-04,3.66009429594705767985e-04,6.15981318006792594177e-05,7.86149363079630125739e-02,3.18529223031464372995e-02,3.32794216230942157197e-10,3.31178643395901991427e-10,3.32794216230942157197e-10,True,3.31178643395901991427e-10,True,series tail and order change; rounding and minimizer search are not enclosed
1024,10,fixed_power,1.6691131310775678,1.1,64,1.32237903116182470287e-01,1.16063931192650182656e-01,9.30361202314286123150e-02,2.69085757582120721487e-01,3.81647087259406181161e-16,-3.88558733766651565045e-03,-4.01794289857175350444e-03,-4.10173497920672883166e-03,-2.06436768683660419599e-02,-3.37172482242210636016e-02,2.89247660775117996692e-10,2.87817242747224913164e-10,2.89247660775117996692e-10,True,2.87817242747224913164e-10,True,series tail and order change; rounding and minimizer search are not enclosed
1024,10,fixed_power,2.503669696616348,1.15,64,2.38310086054488279306e-01,2.31857402815325880363e-01,1.66338193807252343603e-01,2.81414141449873145273e-01,2.67753125767527484985e-16,-1.24842244786794454026e-02,-1.40600307685788232515e-02,-1.27750916811045153731e-02,-2.53809998470034103857e-01,-4.67522761491653143784e-02,2.22146551984587482857e-10,2.19474038396817497708e-10,2.22146551984587482857e-10,True,2.19474038396817497708e-10,True,series tail and order change; rounding and minimizer search are not enclosed
1024,10,fixed_power,3.3382262621551315,1.2,64,3.31265131289850189855e-01,3.27680000000000026805e-01,2.19929072016202736828e-01,2.93782149799831859838e-01,1.85660647477735116084e-16,-2.09966045255512989698e-02,-2.56707811194995944026e-02,-2.12994578420547392428e-02,-7.79901337478471012865e-01,-5.01661494987038214521e-02,1.70157663452460232791e-10,1.66080020946675687874e-10,1.70157663452460232791e-10,True,1.66080020946675687874e-10,True,series tail and order change; rounding and minimizer search are not enclosed
1024,10,fixed_power,4.172782827693915,1.25,64,4.05633681466857298759e-01,4.03237402439117431641e-01,2.59180357765401492287e-01,3.06193425614168013293e-01,1.27158890281189772502e-16,-2.83623736939549037084e-02,-3.78928190881109086541e-02,-2.86778008832695996411e-02,-1.65031701840189271024e+00,-5.37623190183642157836e-02,1.29516294892143269760e-10,1.24402818411005382696e-10,1.29516294892143269760e-10,True,1.24402818411005382696e-10,True,series tail and order change; rounding and minimizer search are not enclosed
1024,10,fixed_power,5.007339393232699,1.3,64,4.64813307280737608718e-01,4.63033551265942477926e-01,2.88789010916076727131e-01,3.18651592588365506487e-01,8.59502543425497381873e-17,-3.42099810425509909262e-02,-5.01711678336722796678e-02,-3.45397912280529795215e-02,-2.87128801044163139977e+00,-5.77074669797666001125e-02,9.77886442871988518107e-11,9.21240322682879686279e-11,9.77886442871988518107e-11,True,9.21240322682879686279e-11,True,series tail and order change; rounding and minimizer search are not enclosed
1024,10,fixed_power,6.676452524310263,1.4,64,5.51505444671772537824e-01,5.50334077948180566686e-01,3.30145309393032881928e-01,3.43723018532124391378e-01,3.75641078659009409959e-17,-4.12297214006287493504e-02,-7.38609492045133597671e-02,-4.15904254277545543106e-02,-6.34386767664225015295e+00,-6.59850750982590161797e-02,5.40101406945850914523e-11,4.85159184930811288215e-11,5.40101406945850914523e-11,True,4.85159184930811288215e-11,True,series tail and order change; rounding and minimizer search are not enclosed
1024,10,fixed_power,8.34556565538783,1.5,64,6.11231067604659727976e-01,6.10351562500000000000e-01,3.57509534293642405878e-01,3.69025157164765693629e-01,1.52863260928892972912e-17,-4.26793277804740078807e-02,-9.56981377156501111791e-02,-4.30707639549846726945e-02,-1.11447168770308717711e+01,-7.40854339566531655548e-02,2.81640607558680348970e-11,2.38853407037547114218e-11,2.81640607558680348970e-11,True,2.38853407037547114218e-11,True,series tail and order change; rounding and minimizer search are not enclosed
4096,12,joint_window,0.0,1.0,96,1.54532173845032191895e-02,0.00000000000000000000e+00,0.00000000000000000000e+00,2.44533173793497621284e-01,7.49786258826540693388e-16,3.87523655412805095519e-03,2.38748120932375240688e-01,2.38748120932375240688e-01,2.59409154340275023287e+01,2.59409154340275023287e+01,4.26472824394434279104e-08,4.26472824394434279104e-08,7.65071099806391430320e-08,True,7.65071099806391430320e-08,True,series tail and order change; rounding and minimizer search are not enclosed
4096,12,joint_window,0.05,1.0024963356821575,96,1.58950108523249998560e-02,6.96610545323237000866e-37,6.96610545323227145046e-37,2.45144575212313753365e-01,7.37646245466534559192e-16,3.75136268090392075922e-03,2.39347300039244537118e-01,2.39347300039244537118e-01,2.60194838961602030736e+01,2.60194838961602030736e+01,4.21572829143417343083e-08,4.21572829143417343083e-08,7.56130482670869241701e-08,True,7.56130482670869241701e-08,True,series tail and order change; rounding and minimizer search are not enclosed
4096,12,joint_window,0.1,1.0049926713643151,96,1.63640306733847731846e-02,8.03131344127528343223e-19,8.03131344127522661729e-19,2.45756048254653663987e-01,7.25683095044238654202e-16,3.62579551052324283722e-03,2.39946629652885323747e-01,2.39946629652885323747e-01,2.60982173082410575660e+01,2.60982173082410575660e+01,4.16717727723762351810e-08,4.16717727723762351810e-08,7.47270298973035096424e-08,True,7.47270298973035096424e-08,True,series tail and order change; rounding and minimizer search are not enclosed
4096,12,joint_window,0.15,1.0074890070464726,96,1.68629419364235283441e-02,8.42138028591366647684e-13,8.42138028578387828444e-13,2.46367593385454636268e-01,7.13894579297030875413e-16,3.49841011172994037839e-03,2.40546109883470748958e-01,2.40546109883470748958e-01,2.61771292370892112444e+01,2.61771292370892112444e+01,4.11907171828937764562e-08,4.11907171828937764562e-08,7.38489802643016446382e-08,True,7.38489802643016446382e-08,True,series tail and order change; rounding and minimizer search are not enclosed
4096,12,joint_window,0.2,1.0099853427286303,96,1.73947488126093285921e-02,8.62342966615112038662e-10,8.62342956218559230313e-10,2.46979211069444870574e-01,7.02278491567537833521e-16,3.36907111825832019519e-03,2.41144936365329659589e-01,2.41144936365319917382e-01,2.62561688891456448403e+01,2.62561688891448525851e+01,4.07002116916232181799e-08,4.07002116914553733075e-08,7.29596010273780848365e-08,True,7.29595974746644060360e-08,True,series tail and order change; rounding and minimizer search are not enclosed
4096,12,joint_window,0.25,1.0124816784107877,96,1.79628444948159785022e-02,5.51895417834124109159e-08,5.51895071191979487262e-08,2.47590901771143512278e-01,6.90832646727043854595e-16,3.23763162652720200979e-03,2.41693719158168146555e-01,2.41693719125630368527e-01,2.63313349054245371406e+01,2.63313349027776553157e+01,3.93736625591045948835e-08,3.93736620216365340167e-08,7.09103709084502042970e-08,True,7.09103709084502042970e-08,True,series tail and order change; rounding and minimizer search are not enclosed
4096,12,joint_window,0.3,1.0149780140929454,96,1.85710686084724074796e-02,8.83026137630484212352e-07,8.83018615380175631089e-07,2.48202665954863982423e-01,6.79554881095721365338e-16,3.10393198163810531479e-03,2.41516054114467054736e-01,2.41516047063838890097e-01,2.63476421047859226121e+01,2.63476415308969365014e+01,2.85990710586036350985e-08,2.85989956393013514693e-08,5.50670442578393704025e-08,True,5.50669234655742911855e-08,True,series tail and order change; rounding and minimizer search are not enclosed
4096,12,joint_window,0.35,1.0174743497751029,96,1.92237728862663520557e-02,6.39817401878699142185e-06,6.39782980277816522372e-06,2.48814504084713478127e-01,6.68443052359829291467e-16,2.96779844875960912426e-03,2.36999859212722874258e-01,2.36999544214495844185e-01,2.60091737924919961245e+01,2.60091478902510999660e+01,7.71837579308206590319e-09,7.71797559667129173011e-09,1.78762284974709473317e-08,True,1.78753651880469988100e-08,True,series tail and order change; rounding and minimizer search are not enclosed
4096,12,joint_window,0.4,1.0199706854572606,64,1.99258957547959227041e-02,2.82564182702051181243e-05,2.82504474370677996866e-05,2.49426416624594721183e-01,6.57495039485949086169e-16,2.82904177192993969495e-03,2.18558589549895126991e-01,2.18553661343259125749e-01,2.44919918351872603068e+01,2.44915693623162304959e+01,1.32852805070147575417e-08,1.32825187979383691475e-08,4.63240539261278172489e-08,True,4.63147493690030387370e-08,True,series tail and order change; rounding and minimizer search are not enclosed
4096,12,joint_window,0.45,1.022467021139418,64,2.06830461685229387292e-02,8.97078721797144642549e-05,8.96535322991723272919e-05,2.50038404038207373592e-01,6.46708742632400087789e-16,2.68745562793801153617e-03,1.75168376837235989507e-01,1.75135008378246720406e-01,2.06100071077532653874e+01,2.06068415057726213035e+01,4.27458267204334212343e-09,4.27210030012704486566e-09,1.59100750352081377059e-08,True,1.59016444456483441172e-08,True,series tail and order change; rounding and minimizer search are not enclosed
4096,12,joint_window,0.5,1.0249633568215757,64,2.15015964535935008572e-02,2.26047999423651096301e-04,2.25732822597307951004e-04,2.50650466789049064520e-01,6.36082083057901752960e-16,2.54281499896882087070e-03,1.13805795397493941801e-01,1.13702878840322083032e-01,1.43570539960107108612e+01,1.43456790545462169462e+01,1.76873533904967551883e-09,1.76644701177468224871e-09,7.21769488620793708833e-09,True,7.20938686527006211691e-09,True,series tail and order change; rounding and minimizer search are not enclosed
4096,12,joint_window,0.55,1.0274596925037331,64,2.23887829650930812730e-02,4.81497249398405249322e-04,4.80179142022499241393e-04,2.51262605340416833588e-01,6.25613003027615984050e-16,2.39487449488569358394e-03,6.25835472526739960974e-02,6.24258522141418401019e-02,8.32250956026777899410e+00,8.30251485574020264835e+00,8.80316234990003310540e-10,8.78177294421943861457e-10,3.79437992137354740407e-09,True,3.78533648870416072896e-09,True,series tail and order change; rounding and minimizer search are not enclosed
4096,12,joint_window,0.6,1.0299560281858908,64,2.33528118509540826009e-02,9.04178604072110206173e-04,8.99863833347396935118e-04,2.51874820155407741495e-01,6.15299465716636406908e-16,2.24336668646061459034e-03,3.41226856620625504379e-02,3.39605006628040245742e-02,4.59224983552545218402e+00,4.56995458864512471564e+00,5.07956612326840933802e-10,5.05965503966786373074e-10,2.12190265358458418632e-09,True,2.11222239698827252141e-09,True,series tail and order change; rounding and minimizer search are not enclosed
4096,12,joint_window,0.65,1.0324523638680483,64,2.44029649548608458531e-02,1.54103514447186877405e-03,1.52933460831923941428e-03,2.52487111696921062709e-01,6.05139455111052295749e-16,2.08800053514219445885e-03,2.01176638371165471264e-02,1.99646609072666285367e-02,2.65278698298057324934e+00,2.63086722218551960495e+00,3.32039801956217226802e-10,3.30192053684483053504e-10,1.24369892162690121040e-09,True,1.23396137752251888742e-09,True,series tail and order change; rounding and minimizer search are not enclosed
4096,12,joint_window,0.7,1.034948699550206,64,2.55496976697006765444e-02,2.43383224386025569588e-03,2.40646281736374336585e-03,2.53099480427658729553e-01,5.95130975906648873559e-16,1.92846004464935615735e-03,1.27844956348899148335e-02,1.26401316355032218575e-02,1.61602444752954466090e+00,1.59487722766126616136e+00,2.40458499684437164616e-10,2.38744265603142692965e-10,7.62439889001598203322e-10,True,7.52983231322446044942e-10,True,series tail and order change; rounding and minimizer search are not enclosed
4096,12,joint_window,0.75,1.0374450352323634,64,2.68047162140060066249e-02,3.61663400447493179127e-03,3.55974646787210946206e-03,2.53711926810126553455e-01,5.85272053405368529419e-16,1.76440330597955798847e-03,8.61939163992877371845e-03,8.48256576536884562834e-03,1.02763035572313321531e+00,1.00732542577653361171e+00,1.88807560712139698731e-10,1.87219012199737078568e-10,4.85664619631620553264e-10,True,4.76635397816949080152e-10,True,series tail and order change; rounding and minimizer search are not enclosed
4096,12,joint_window,0.8,1.039941370914521,64,2.81810163599871370266e-02,5.11465493387407588860e-03,5.00722546525931254402e-03,2.54324451306636334369e-01,5.75560733409592314545e-16,1.59546216050558296515e-03,6.08310688971279087123e-03,5.95292421608052159387e-03,6.75859746870195787771e-01,6.56382333967955533538e-01,1.57697953541713225633e-10,1.56230956597797246510e-10,3.19033688356284983456e-10,True,3.10498404765269242489e-10,True,series tail and order change; rounding and minimizer search are not enclosed
4096,12,joint_window,0.85,1.0424377065966786,64,2.96928594816278056123e-02,6.94417199083135518178e-03,6.75668029663971381193e-03,2.54937054379305472196e-01,5.65995082114357383777e-16,1.42124275996794759147e-03,4.44166164416446782037e-03,4.31739478351729315253e-03,4.56388119545686699041e-01,4.37693465624956368210e-01,1.37910648527267467445e-10,1.36563800990674089452e-10,2.14726569858214588749e-10,True,2.06718919759651953427e-10,True,series tail and order change; rounding and minimizer search are not enclosed
4096,12,joint_window,0.9,1.0449340422788362,64,3.13556559626890080095e-02,9.11314384733545590489e-03,8.80669696988255548686e-03,2.55549736490059853367e-01,5.56573185997571617819e-16,1.24132734679857290039e-03,3.31855192803314456851e-03,3.19961198567715382132e-03,3.14660804242293923316e-01,2.96697076494651656997e-01,1.24726397423644065863e-10,1.23499081891022715406e-10,1.47349799028972938686e-10,True,1.39889821948457893086e-10,True,series tail and order change; rounding and minimizer search are not enclosed
4096,12,joint_window,0.95,1.0474303779609937,64,3.31857225134610106521e-02,1.16222325921690149142e-02,1.11482090971654762557e-02,2.56162498100633684306e-01,5.47293151708333500211e-16,1.05527759665409188311e-03,2.50840524309831015490e-03,2.39432483916023237935e-03,2.20572218630205540979e-01,2.03291001931214104781e-01,1.15570587167428261898e-10,1.14460878244059240014e-10,1.15570587167428261898e-10,True,1.14460878244059240014e-10,True,series tail and order change; rounding and minimizer search are not enclosed
4096,12,joint_window,1.0,1.0499267136431514,64,3.51998818805576013657e-02,1.44659994042185113122e-02,1.37662095232516344667e-02,2.56775339672571989436e-01,5.38153105953415328888e-16,8.62639835175215557994e-04,1.89319350173085352435e-03,1.78361872280334825963e-03,1.56703247649982446710e-01,1.40064935535029605473e-01,1.08960682224828450317e-10,1.07963836335537103270e-10,1.08960682224828450317e-10,True,1.07963836335537103270e-10,True,series tail and order change; rounding and minimizer search are not enclosed
4096,12,joint_window,1.05,1.0524230493253088,64,3.74148845668852564339e-02,1.76341198696385453859e-02,1.66414181250826090364e-02,2.57388261667230444640e-01,5.29151195382014976664e-16,6.62952339501864627846e-04,1.40199109831467064180e-03,1.29668000747549085408e-03,1.12552115389807957935e-01,9.65292149500529689243e-02,1.04004739299105851853e-10,1.03112745212617103522e-10,1.04004739299105851853e-10,True,1.03112745212617103522e-10,True,series tail and order change; rounding and minimizer search are not enclosed
4096,12,joint_window,1.1,1.0549193850074665,64,3.98466556288632478555e-02,2.11125247948240890583e-02,1.97517771974077688268e-02,2.58001264545777875270e-01,5.20285586468830632031e-16,4.55754746403518040676e-04,9.90517957801298563197e-04,8.89343773314118374307e-04,8.15595274160270250485e-02,6.61391303454192114319e-02,1.00147945867313251735e-10,9.93501332157500204027e-11,1.00147945867313251735e-10,True,9.93501332157500204027e-11,True,series tail and order change; rounding and minimizer search are not enclosed
4096,12,joint_window,1.15,1.057415720689624,64,4.25094054661258671790e-02,2.48844163650416942690e-02,2.30737119841564024270e-02,2.58614348769196034095e-01,5.11554465395558705632e-16,2.40599317916393058703e-04,6.30213024970362710453e-04,5.33170419308343600251e-04,5.95032275471966548563e-02,4.46891498213803778361e-02,9.70368378223654631684e-11,9.63211052453956217071e-11,9.70368378223654631684e-11,True,9.63211052453956217071e-11,True,series tail and order change; rounding and minimizer search are not enclosed
4096,12,joint_window,1.2,1.0599120563717817,64,4.54146861263462486846e-02,2.89311392620483845417e-02,2.65831400597549769027e-02,2.59227514798282321351e-01,5.02956037930866276941e-16,1.70634985678843470458e-05,3.02138544826712797386e-04,2.09351791298626431492e-04,4.35950763481104744401e-02,2.94098433168601125498e-02,9.44423015159301669790e-11,9.37963980985964685533e-11,9.44423015159301669790e-11,True,9.37963980985964685533e-11,True,series tail and order change; rounding and minimizer search are not enclosed
4096,12,joint_window,1.21,1.060411323508213,64,4.60256220716822456174e-02,2.97717351155888654279e-02,2.73054171821005622900e-02,2.59350157861316821251e-01,5.01252119150351862609e-16,-2.86839534950128136059e-05,2.39180616100879810115e-04,1.47271979360689801719e-04,4.09737918731030437147e-02,2.69188101409087131299e-02,9.39711067086234438653e-11,9.33377575754016088373e-11,9.39711067086234438653e-11,True,9.33377575754016088373e-11,True,series tail and order change; rounding and minimizer search are not enclosed
4096,12,joint_window,1.22,1.0609105906446445,64,4.66466383171941015306e-02,3.06223724670741451193e-02,2.80340510803129515371e-02,2.59472804218687347344e-01,4.99553422956606277205e-16,-7.47850138503149478031e-05,1.76904826459797596960e-04,8.58859434118147690995e-05,3.85095786150383978530e-02,2.45867399405130145074e-02,9.35134694986673973857e-11,9.28922244832919758571e-11,9.35134694986673973857e-11,True,9.28922244832919758571e-11,True,series tail and order change; rounding and minimizer search are not enclosed
4096,12,joint_window,1.23,1.0614098577810762,64,4.72777727275371859039e-02,3.14828887217982397728e-02,2.87688557860796279009e-02,2.59595453874077231049e-01,4.97859935275493676998e-16,-1.21242452279793182235e-04,1.15236102730256924354e-04,2.51197769865416087320e-05,3.61915050640925634040e-02,2.24028771618605196392e-02,9.30685375269991563590e-11,9.24589566740047169017e-11,9.30685375269991563590e-11,True,9.24589566740047169017e-11,True,series tail and order change; rounding and minimizer search are not enclosed
4096,12,joint_window,1.24,1.0619091249175077,64,4.79190560200426080018e-02,3.23531207600544004621e-02,2.95096469656567356177e-02,2.59718106831170469917e-01,4.96171642063749698136e-16,-1.68058949897320966671e-04,5.41046003961695443074e-05,-3.50951835111634746767e-05,3.40094130364036462133e-02,2.03572422560011900838e-02,9.26355236012137877134e-11,9.20371776676133155883e-11,9.26355236012137877134e-11,True,9.20371776676133155883e-11,True,series tail and order change; rounding and minimizer search are not enclosed
4096,12,joint_window,1.25,1.062408392053939,64,4.85705116424430816124e-02,3.32329050845293211269e-02,3.02562420403418158577e-02,2.59840763093649673721e-01,4.94488529308937181830e-16,-2.15237095667149616607e-04,-6.55469721465035820573e-06,-9.48227598236072929949e-05,3.19538571221833281322e-02,1.84405710725213806134e-02,9.22137002334296458424e-11,9.16261710708369342207e-11,9.22137002334296458424e-11,True,9.16261710708369342207e-11,True,series tail and order change; rounding and minimizer search are not enclosed
4096,12,joint_window,1.26,1.0629076591903708,64,4.92321556746307814612e-02,3.41220779604588728140e-02,3.10084602970312796233e-02,2.59963422665198118366e-01,4.92810583029409097889e-16,-2.62779383070023062063e-04,-6.68023447943132467342e-05,-1.54122297937250851696e-04,3.00160493611338237419e-02,1.66442594781848959840e-02,9.18023946527867133455e-11,9.12252754804368887576e-11,9.18023946527867133455e-11,True,9.12252754804368887576e-11,True,series tail and order change; rounding and minimizer search are not enclosed
4096,12,joint_window,1.27,1.0634069263268022,64,4.99039967551503371723e-02,3.50204755487712598994e-02,3.17661229893083790765e-02,2.60086085549498025049e-01,4.91137789274270876613e-16,-3.10688206927770861621e-04,-1.26694769376325781784e-04,-2.13049002667588249782e-04,2.81878086424882448591e-02,1.49603126979384378620e-02,9.14009842506353524514e-11,9.08338798300043306087e-11,9.14009842506353524514e-11,True,9.08338798300043306087e-11,True,series tail and order change; rounding and minimizer search are not enclosed
4096,12,joint_window,1.28,1.0639061934632337,64,5.05860360328946878639e-02,3.59279340324431886722e-02,3.25290534295100894346e-02,2.60208751750231781497e-01,4.89470134123335246509e-16,-3.58965860397503395973e-04,-1.86284576157096960769e-04,-2.71654243770983079564e-04,2.64615143806546798677e-02,1.33812989294012398001e-02,9.10088924203933606374e-11,9.04514191421082270530e-11,9.10088924203933606374e-11,True,9.04514191421082270530e-11,True,series tail and order change; rounding and minimizer search are not enclosed
4096,12,joint_window,1.29,1.0644054605996651,64,5.12782671442899573577e-02,3.68442897362833143848e-02,3.32970770721974923534e-02,2.60331421271081442370e-01,4.87807603687085946684e-16,-4.07614532143837395017e-04,-2.45620828536405495790e-04,-3.29985836300720168646e-04,2.48300640646278887591e-02,1.19003068290504578769e-02,9.06255847575434933557e-11,9.00773706510471911487e-11,9.06255847575434933557e-11,True,9.00773706510471911487e-11,True,series tail and order change; rounding and minimizer search are not enclosed
4096,12,joint_window,1.3,1.0649047277360968,64,5.19806762160328478251e-02,3.77693792403691330772e-02,3.40700215894603614109e-02,2.60454094115728729264e-01,4.86150184106635917219e-16,-4.56636303698107308413e-04,-3.04749304811722729336e-04,-3.88088297639836363184e-04,2.32868343212391144814e-02,1.05109065103438040906e-02,9.02505655883499514007e-11,8.97112502643830576822e-11,9.02505655883499514007e-11,True,8.97112502643830576822e-11,True,series tail and order change; rounding and minimizer search are not enclosed
4096,12,joint_window,1.31,1.0654039948725282,64,5.26932418932370347231e-02,3.87030394873507377351e-02,3.48477169384624890780e-02,2.60576770287855086217e-01,4.84497861553690124101e-16,-5.06033147011634119872e-04,-3.63712733707473659384e-04,-4.46003083390026158761e-04,2.18256451694523595508e-02,9.20711373109491665323e-03,8.98833747986726470127e-11,8.93526093341024183363e-11,8.98833747986726470127e-11,True,8.93526093341024183363e-11,True,series tail and order change; rounding and minimizer search are not enclosed
4096,12,joint_window,1.32,1.0659032620089597,64,5.34159353926411950564e-02,3.96451078838439621710e-02,3.56299954216368827686e-02,2.60699449791141457666e-01,4.82850622230500101113e-16,-5.55806922209594982121e-04,-4.22551010696826413737e-04,-5.03768804072322537446e-04,2.04407271758125057282e-02,7.98335698034702626047e-03,8.95235849367671213361e-11,8.90010317106644525487e-11,8.95235849367671213361e-11,True,8.90010317106644525487e-11,True,series tail and order change; rounding and minimizer search are not enclosed
4096,12,joint_window,1.33,1.0664025291453914,64,5.41487205803380389213e-02,4.05954223961169230472e-02,3.64166917399139158928e-02,2.60822132629268899073e-01,4.81208452369827366406e-16,-6.05959375550409878874e-04,-4.81301396873408220134e-04,-5.61421424395071484714e-04,1.91266912504782053694e-02,6.83444720433176548802e-03,8.91707985662377731626e-11,8.86561310554116692141e-11,8.91707985662377731626e-11,True,8.86561310554116692141e-11,True,series tail and order change; rounding and minimizer search are not enclosed
4096,12,joint_window,1.34,1.0669017962818228,64,5.48915540732670126367e-02,4.15538216402845383968e-02,3.72076430393652318740e-02,2.60944818805917633231e-01,4.79571338234903683633e-16,-6.56492137595049776722e-04,-5.39998701953704231260e-04,-6.18994446668336313622e-04,1.78785008493069809410e-02,5.75554993710841560073e-03,8.88246458473693346227e-11,8.83175483888411704910e-11,8.88246458473693346227e-11,True,8.83175483888411704910e-11,True,series tail and order change; rounding and minimizer search are not enclosed
4096,12,joint_window,1.35,1.0674010634182542,64,5.56443853635788937551e-02,4.25201449672187314910e-02,3.80026889516300869776e-02,2.61067508324768215999e-01,4.77939266119386787133e-16,-7.07406721589221368363e-04,-5.98675452833150219256e-04,-6.76519079786079211014e-04,1.66914463705797148918e-02,4.74215962461737965128e-03,8.84847823269346670636e-11,8.79849498540964848974e-11,8.84847823269346670636e-11,True,8.79849498540964848974e-11,True,series tail and order change; rounding and minimizer search are not enclosed
4096,12,joint_window,1.36,1.0679003305546857,64,5.64071569647727130703e-02,4.34942325423691086850e-02,3.88016716284737550602e-02,2.61190201189500759149e-01,4.76312222347323108251e-16,-7.58704522060461503119e-04,-6.57362048977622182022e-04,-7.34024395055950414080e-04,1.55611215557406538240e-02,3.79007595171352261454e-03,8.81508869182910107479e-11,8.76580246767618450223e-11,8.81508869182910107479e-11,True,8.76580246767618450223e-11,True,series tail and order change; rounding and minimizer search are not enclosed
4096,12,joint_window,1.37,1.0683995976911174,64,5.71798045783846117796e-02,4.44759254206979620649e-02,3.96044357708242658611e-02,2.61312897403794597295e-01,4.74690193273104979632e-16,-8.10386813630921062912e-04,-7.16086905807010454250e-04,-7.91537470032440196310e-04,1.44834017218623441192e-02,2.89538199994386060906e-03,8.78226600551286645403e-11,8.73364833036156465944e-11,8.78226600551286645403e-11,True,8.73364833036156465944e-11,True,series tail and order change; rounding and minimizer search are not enclosed
4096,12,joint_window,1.38,1.0688988648275488,64,5.79622572798659876914e-02,4.54650656169174258170e-02,4.04108286526081370016e-02,2.61435596971329231586e-01,4.73073165281433262938e-16,-8.62454750045866039287e-04,-7.74876587115080374402e-04,-8.49083521395437718082e-04,1.34544236701152671726e-02,2.05442408060101328396e-03,8.74998220036698471653e-11,8.70200557044669338636e-11,8.74998220036698471653e-11,True,8.70200557044669338636e-11,True,series tail and order change; rounding and minimizer search are not enclosed
4096,12,joint_window,1.39,1.0693981319639803,64,5.87544377221832433977e-02,4.64614961712241994474e-02,4.12207001397138922405e-02,2.61558299895783663569e-01,4.71461124787272186564e-16,-9.14909363416772578037e-04,-8.33755927469944854713e-04,-9.06686027817634777881e-04,1.24705671291669116518e-02,1.26379310204168047831e-03,8.71821113194128856393e-11,8.67084898225399391403e-11,8.71821113194128856393e-11,True,8.67084898225399391403e-11,True,series tail and order change; rounding and minimizer search are not enclosed
4096,12,joint_window,1.4,1.069897399100412,64,5.95562623555809106390e-02,4.74650612107071281920e-02,4.20339027043696786268e-02,2.61681006180836894792e-01,4.69854058235810691446e-16,-9.67751563676998508012e-04,-8.92748145448601579388e-04,-9.64366843672773491059e-04,1.15284376058000098686e-02,5.20307343718275322302e-04,8.68692834357217942870e-11,8.64015501601232932281e-11,8.68692834357217942870e-11,True,8.64015501601232932281e-11,True,series tail and order change; rounding and minimizer search are not enclosed
4096,12,joint_window,1.41,1.0703966662368434,64,6.03676416618532524216e-02,4.84756060066103694473e-02,4.28502914352371366835e-02,2.61803715830167538225e-01,4.68251952102423481062e-16,-1.02098213824687762685e-03,-9.51874948479613548769e-04,-1.02214630435742102887e-03,1.06248505266561439619e-02,-1.79003479014353444930e-04,8.65611093726516481237e-11,8.60991718144314441057e-11,8.65611093726516481237e-11,True,8.60991718144314441057e-11,True,series tail and order change; rounding and minimizer search are not enclosed
4096,12,joint_window,1.42,1.0708959333732748,64,6.11884804014841687803e-02,4.94929770276303152010e-02,4.36697240434976083345e-02,2.61926428847453762749e-01,4.66654792892625957746e-16,-1.07460175190469270357e-03,-1.01115662999522876175e-03,-1.08004332392655586631e-03,9.75681656577735006985e-03,-8.36912964542163356416e-04,8.62573745554053080735e-11,8.58014060813809635135e-11,8.62573745554053080735e-11,True,8.58014060813809635135e-11,True,series tail and order change; rounding and minimizer search are not enclosed
4096,12,joint_window,1.43,1.0713952005097065,64,6.20186778718979300762e-02,5.05170219894070446354e-02,4.44920608651955679091e-02,2.62049145236373515200e-01,4.65062567142035174079e-16,-1.12861094685885905708e-03,-1.07061215952911764626e-03,-1.13807548567787780031e-03,8.92152806213611371255e-03,-1.45601168474803486022e-03,8.59578777327435753315e-11,8.55076093412856670195e-11,8.59578777327435753315e-11,True,8.55076093412856670195e-11,True,series tail and order change; rounding and minimizer search are not enclosed
4096,12,joint_window,1.44,1.071894467646138,64,6.28581281751219439480e-02,5.15475899003779644558e-02,4.53171648600838375409e-02,2.62171865000604353835e-01,4.63475261416330882878e-16,-1.18301014301576065679e-03,-1.13025926633762534290e-03,-1.19625912626193306454e-03,8.11634643988439277718e-03,-2.03871984206981538695e-03,8.56624299865126893936e-11,8.52176030589175902831e-11,8.56624299865126893936e-11,True,8.52176030589175902831e-11,True,series tail and order change; rounding and minimizer search are not enclosed
4096,12,joint_window,1.45,1.0723937347825694,64,6.37067204931427710779e-02,5.25845311041581234268e-02,4.61449016072373666142e-02,2.62294588143823836912e-01,4.61892862311210374909e-16,-1.23779963843781426469e-03,-1.19011451707092073132e-03,-1.25460941384288818951e-03,7.33879055174183059229e-03,-2.58729900324142832874e-03,8.53708538242244172759e-11,8.49312196381325906789e-11,8.53708538242244172759e-11,True,8.49312196381325906789e-11,True,series tail and order change; rounding and minimizer search are not enclosed
4096,12,joint_window,1.46,1.0728930019190008,64,6.45643393692566930353e-02,5.36276973185906766228e-02,4.69751392976375456434e-02,2.62417314669709300645e-01,4.60315356452349627490e-16,-1.29297960998463884463e-03,-1.25019338797109028777e-03,-1.31314042078675176362e-03,6.58652587304442167088e-03,-3.10386298219312867924e-03,8.50829823473412375092e-11,8.46483016131600574363e-11,8.50829823473412375092e-11,True,8.46483016131600574363e-11,True,series tail and order change; rounding and minimizer search are not enclosed
4096,12,joint_window,1.47,1.0733922690554325,64,6.54308649937726111157e-02,5.46769416716257131150e-02,4.78077487239674664421e-02,2.62540044581937248580e-01,4.58742730495360903216e-16,-1.34855011413069492132e-03,-1.31051033203379626441e-03,-1.37186519131210493683e-03,5.85735448006782268016e-03,-3.59038793828934466382e-03,8.47986584885621390984e-11,8.43687009083281431387e-11,8.47986584885621390984e-11,True,8.43687009083281431387e-11,True,series tail and order change; rounding and minimizer search are not enclosed
4096,12,joint_window,1.48,1.073891536191864,64,6.63061734924676182690e-02,5.57321187341652396485e-02,4.86426032678148392852e-02,2.62662777884184295285e-01,4.57174971125754095774e-16,-1.40451108795137599716e-03,-1.37107884152968054203e-03,-1.43079580449924359531e-03,5.14920575206819983172e-03,-4.04872175044761542506e-03,8.45177343120029691100e-11,8.40922781600303684352e-11,8.45177343120029691100e-11,True,8.40922781600303684352e-11,True,series tail and order change; rounding and minimizer search are not enclosed
4096,12,joint_window,1.49,1.0743908033282954,64,6.71901372162750226691e-02,5.67930845500213346555e-02,4.94795788844917122651e-02,2.62785514580126777773e-01,4.55612065058891074620e-16,-1.46086235027039802736e-03,-1.43191150624866897489e-03,-1.48994343301978027228e-03,4.46012774153739435107e-03,-4.48059272249812061417e-03,8.42400703707067039618e-11,8.38189020953035372970e-11,8.42400703707067039618e-11,True,8.38189020953035372970e-11,True,series tail and order change; rounding and minimizer search are not enclosed
4096,12,joint_window,1.5,1.074890070464727,64,6.80826250307498131997e-02,5.78596966631136633286e-02,5.03185540856484619932e-02,2.62908254673440811011e-01,4.54053999039946439147e-16,-1.51760360295948200371e-03,-1.49302006779736522873e-03,-1.54931839791609161916e-03,3.78827916181313784083e-03,-4.88761767054344316991e-03,8.39655351164197222531e-11,8.35484489619008507308e-11,8.39655351164197222531e-11,True,8.35484489619008507308e-11,True,series tail and order change; rounding and minimizer search are not enclosed
4096,12,joint_window,1.51,1.0753893376011585,64,6.89835026039549437105e-02,5.89318141420400384844e-02,5.11594099198661445005e-02,2.63030998167801677301e-01,4.52500759843867878423e-16,-1.57473443238214001749e-03,-1.55441547025196059872e-03,-1.60893021973278205206e-03,3.13192194545402905273e-03,-5.27130943889127061286e-03,8.36940043570227281656e-11,8.32808020052155739588e-11,8.36940043570227281656e-11,True,8.32808020052155739588e-11,True,series tail and order change; rounding and minimizer search are not enclosed
4096,12,joint_window,1.52,1.07588860473759,64,6.98926326915068757417e-02,6.00092976021501176009e-02,5.20020299514032599553e-02,2.63153745066885380588e-01,4.50952334275330515873e-16,-1.63225431097330404839e-03,-1.61610790744391025209e-03,-1.66878766627611557771e-03,2.48941433053699329864e-03,-5.63308388722207932509e-03,8.34253607574175695706e-11,8.30158509878353046986e-11,8.34253607574175695706e-11,True,8.30158509878353046986e-11,True,series tail and order change; rounding and minimizer search are not enclosed
4096,12,joint_window,1.53,1.0763878718740216,64,7.08098754176074846045e-02,6.10920092252339591576e-02,5.28463002372360352021e-02,2.63276495374366759084e-01,4.49408709168697367618e-16,-1.69016259894532415442e-03,-1.67810686713046764568e-03,-1.72889879725382326903e-03,1.85920443561671060693e-03,-5.97426638831880570807e-03,8.31594933800566611439e-11,8.27534917479024117550e-11,8.31594933800566611439e-11,True,8.27534917479024117550e-11,True,series tail and order change; rounding and minimizer search are not enclosed
4096,12,joint_window,1.54,1.076887139010453,64,7.17350885510052299621e-02,6.21798127769468758630e-02,5.36921093025696100076e-02,2.63399249093920650999e-01,4.47869871387979505003e-16,-1.74845854611166418024e-03,-1.74042117228319706546e-03,-1.78927100602686676989e-03,1.23982428703634222494e-03,-6.29609787244812552781e-03,8.28962972616392641771e-11,8.24936257928065111995e-11,8.28962972616392641771e-11,True,8.24936257928065111995e-11,True,series tail and order change; rounding and minimizer search are not enclosed
4096,12,joint_window,1.55,1.0773864061468845,64,7.26681277749315623904e-02,6.32725736220859230619e-02,5.45393481149436948341e-02,2.63522006229221839035e-01,4.46335807826790202058e-16,-1.80714129382010361968e-03,-1.80305901970649433419e-03,-1.84991105868540298141e-03,6.29884265515589483915e-04,-6.59974045151502045764e-03,8.26356730228186059311e-11,8.22361599250590505167e-11,8.26356730228186059311e-11,True,8.22361599250590505167e-11,True,series tail and order change; rounding and minimizer search are not enclosed
4096,12,joint_window,1.56,1.077885673283316,64,7.36088469501607889356e-02,6.43701587378183309740e-02,5.53879100570749752230e-02,2.63644766783944273225e-01,4.44806505408306281312e-16,-1.86620987698525413190e-03,-1.86602801618161034947e-03,-1.91082513064379233558e-03,2.80679411030823222249e-05,-6.88628265381632624631e-03,8.23775265080500775689e-11,8.19810058974955425935e-11,8.23775265080500775689e-11,True,8.19810058974955425935e-11,True,series tail and order change; rounding and minimizer search are not enclosed
4096,12,joint_window,1.57,1.0783849404197476,64,7.45570983704466200281e-02,6.54724367249716054928e-02,5.62376908985627588233e-02,2.63767530761762347691e-01,4.43281951085223986885e-16,-1.92566322621283078642e-03,-1.92933521231537265239e-03,-1.97201884093328554115e-03,-5.66872731573284755965e-04,-7.15674429738506843318e-03,8.21222379453545965806e-11,8.17280800952138539203e-11,8.21222379453545965806e-11,True,8.17280800952138539203e-11,True,series tail and order change; rounding and minimizer search are not enclosed
4096,12,joint_window,1.58,1.078884207556179,64,7.55127330096992260833e-02,6.65792778174797983404e-02,5.70885887665758331999e-02,2.63890298166349623887e-01,4.41762131839720724738e-16,-1.98550017000629665243e-03,-1.99298713425851911629e-03,-2.03349728435705916219e-03,-1.15612188396867015226e-03,-7.41208102810932568244e-03,8.18692685802723451832e-11,8.14773032419005689845e-11,8.18692685802723451832e-11,True,8.14773032419005689845e-11,True,series tail and order change; rounding and minimizer search are not enclosed
4096,12,joint_window,1.59,1.0793834746926105,64,7.64756007603647480764e-02,6.76905538900903075428e-02,5.79405041156311403916e-02,2.64013069001379552247e-01,4.40247034683408273355e-16,-2.04571943704778651252e-03,-2.05698981344511894198e-03,-2.09526506165878638466e-03,-1.74080389419520157636e-03,-7.65318854658962512832e-03,8.16185157349208296693e-11,8.12286001284154666280e-11,8.16185157349208296693e-11,True,8.12286001284154666280e-11,True,series tail and order change; rounding and minimizer search are not enclosed
4096,12,joint_window,1.6,1.0798827418290422,64,7.74455506625559148004e-02,6.88061384644125112464e-02,5.87933396965859833561e-02,2.64135843270525805249e-01,4.38736646657292995577e-16,-2.10631965854460138921e-03,-2.12134881449287104882e-03,-2.15732630784394585621e-03,-2.32198725985300431437e-03,-7.88090654599837674155e-03,8.13699040283020706303e-11,8.09818993617039341098e-11,8.13699040283020706303e-11,True,8.09818993617039341098e-11,True,series tail and order change; rounding and minimizer search are not enclosed
4096,12,joint_window,1.61,1.0803820089654737,64,7.84224311235876964110e-02,6.99259067134019585144e-02,5.96470005249065612918e-02,2.64258620977460501056e-01,4.37230954831736099729e-16,-2.16729937063321435875e-03,-2.18606926139199887749e-03,-2.21968471878182527224e-03,-2.90068820355064141067e-03,-8.09602238141807033223e-03,8.11233618136361067363e-11,8.07371331322864360090e-11,8.11233618136361067363e-11,True,8.07371331322864360090e-11,True,series tail and order change; rounding and minimizer search are not enclosed
4096,12,joint_window,1.62,1.080881276101905,64,7.94060901276529840231e-02,7.10497354643688100451e-02,6.05013938483495022913e-02,2.64381402125856868057e-01,4.35729946306406899614e-16,-2.22865701683347752771e-03,-2.25115586210268732448e-03,-2.28234357620715061499e-03,-3.47787403027744303555e-03,-8.29927448967089122223e-03,8.08788209558014722570e-11,8.04942369987348478657e-11,8.08788209558014722570e-11,True,8.04942369987348478657e-11,True,series tail and order change; rounding and minimizer search are not enclosed
4096,12,joint_window,1.63,1.0813805432383368,64,8.03963754354607984531e-02,7.21775032005826794324e-02,6.13564291141127093887e-02,2.64504186719386913396e-01,4.34233608210242878431e-16,-2.29039095054452135347e-03,-2.31661293166877946259e-03,-2.34530577122992432704e-03,-4.05446625412899872010e-03,-8.49135557728089053475e-03,8.06362166246459488922e-11,8.02531496876974330423e-11,8.06362166246459488922e-11,True,8.02531496876974330423e-11,True,series tail and order change; rounding and minimizer search are not enclosed
4096,12,joint_window,1.64,1.0818798103747682,64,8.13931347736969179607e-02,7.33090900615566559706e-02,6.22120179355486330186e-02,2.64626974761723143814e-01,4.32741927701409654078e-16,-2.35249943757584630000e-03,-2.38244441394974866555e-03,-2.40857382645390249998e-03,-4.63134351073456705661e-03,-8.67291559267788746135e-03,8.03954871028534733336e-11,8.00138129081642508184e-11,8.03954871028534733336e-11,True,8.00138129081642508184e-11,True,series tail and order change; rounding and minimizer search are not enclosed
4096,12,joint_window,1.65,1.0823790775111997,64,8.23962160143235783361e-02,7.44443778420892654513e-02,6.30680740585164573142e-02,2.64749766256537011344e-01,4.31254891967254091241e-16,-2.41498065870608680239e-03,-2.44865390206378853721e-03,-2.47214991679786146028e-03,-5.20934427051093773553e-03,-8.84456449797460693418e-03,8.01565736071698307748e-11,7.97761711787846215212e-11,8.01565736071698307748e-11,True,7.97761711787846215212e-11,True,series tail and order change; rounding and minimizer search are not enclosed
4096,12,joint_window,1.66,1.082878344647631,64,8.34054673436823573729e-02,7.55832499901257087727e-02,6.39245133274416871272e-02,2.64872561207500190061e-01,4.29772488224265400681e-16,-2.47783271226302559409e-03,-2.51524465762807680758e-03,-2.53603588910448346505e-03,-5.78926936668124232643e-03,-9.00687485407015119010e-03,7.99194201219039542802e-11,7.95401716671623478721e-11,7.99194201219039542802e-11,True,7.95401716671623478721e-11,True,series tail and order change; rounding and minimizer search are not enclosed
4096,12,joint_window,1.67,1.0833776117840628,64,8.44207374215163730558e-02,7.67255916035165519418e-02,6.47812536511490483226e-02,2.64995359618283965464e-01,4.28294703718030667209e-16,-2.54105361671832195858e-03,-2.58221962887624466310e-03,-2.60023328061721736848e-03,-6.37188435111361514696e-03,-9.16038423218852593255e-03,7.96839732437133118777e-11,7.93057640401474883204e-11,7.96839732437133118777e-11,True,7.93057640401474883204e-11,True,series tail and order change; rounding and minimizer search are not enclosed
4096,12,joint_window,1.68,1.0838768789204942,64,8.54418755300235532868e-02,7.78712894257309051760e-02,6.56382149685325044786e-02,2.65118161492559178960e-01,4.26821525723195505243e-16,-2.60464131329099513046e-03,-2.64958146772646500888e-03,-2.66474333639855030798e-03,-6.95792168994945753324e-03,-9.30559746382865482506e-03,7.94501820367739000076e-11,7.90729003242369107737e-11,7.94501820367739000076e-11,True,7.90729003242369107737e-11,True,series tail and order change; rounding and minimizer search are not enclosed
4096,12,joint_window,1.69,1.0843761460569257,64,8.64687317131246913071e-02,7.90202318405965192794e-02,6.64953192141207738430e-02,2.65240966833996394403e-01,4.25352941543417516015e-16,-2.66859366855398336127e-03,-2.71733254586912706396e-03,-2.72956702575815474132e-03,-7.54808281028576406185e-03,-9.44298874031517833372e-03,7.92179978975143318578e-11,7.88415347752737393546e-11,7.92179978975143318578e-11,True,7.88415347752737393546e-11,True,series tail and order change; rounding and minimizer search are not enclosed
4096,12,joint_window,1.7,1.0848754131933573,64,8.75011569061488331256e-02,8.01723088661162180957e-02,6.73524902835891531305e-02,2.65363775646266675245e-01,4.23888938511325562629e-16,-2.73290847703842529337e-03,-2.78547496993671733767e-03,-2.79470505775421436401e-03,-8.14304000816675442598e-03,-9.57300357231343629349e-03,7.89873744281668567730e-11,7.86116237567112224262e-11,7.89873744281668567730e-11,True,7.86116237567112224262e-11,True,series tail and order change; rounding and minimizer search are not enclosed
4096,12,joint_window,1.75,1.0873717488755148,64,9.27416775692227468575e-02,8.59759772223942231317e-02,7.16368172769837885383e-02,2.65977871898553541730e-01,4.16637199230832231199e-16,-3.05983740947710775027e-03,-3.13211419472465141256e-03,-3.12511873392072418720e-03,-1.12114727191653020671e-02,-1.01262368492909104328e-02,7.78561833183918894169e-11,7.74824931217787041889e-11,7.78561833183918894169e-11,True,7.74824931217787041889e-11,True,series tail and order change; rounding and minimizer search are not enclosed
4096,12,joint_window,1.8,1.0898680845576725,64,9.80997623059817053237e-02,9.18424387496587640856e-02,7.59124667698177352237e-02,2.66592055472065381228e-01,4.09498105120841553307e-16,-3.39545992461867326973e-03,-3.48872357977521134476e-03,-3.46337115153814989466e-03,-1.44867006880274925423e-02,-1.05482770872542350876e-02,7.67581301177729365988e-11,7.63842118391723337962e-11,7.67581301177729365988e-11,True,7.63842118391723337962e-11,True,series tail and order change; rounding and minimizer search are not enclosed
4096,12,joint_window,1.85,1.09236442023983,64,1.03558349245395267535e-01,9.77597289989367290719e-02,8.01719273407171389989e-02,2.67206326825299933514e-01,4.02470105096560559584e-16,-3.73943449638904773513e-03,-3.85534117828808912953e-03,-3.80933283010588194517e-03,-1.80287554505858434173e-02,-1.08715888283279996790e-02,7.56893049524758164363e-11,7.53131277519591067194e-11,7.56893049524758164363e-11,True,7.53131277519591067194e-11,True,series tail and order change; rounding and minimizer search are not enclosed
4096,12,joint_window,1.9,1.0948607559219874,64,1.09101493485586384380e-01,1.03716824362235240931e-01,8.44086621337261922005e-02,2.67820686416586850598e-01,3.95551665859090760135e-16,-4.09139293753357259631e-03,-4.23191851642818785140e-03,-4.16279276842726649044e-03,-2.18886952599954068277e-02,-1.11202593489441014379e-02,7.46465428321991200143e-11,7.42662973921908794764e-11,7.46465428321991200143e-11,True,7.42662973921908794764e-11,True,series tail and order change; rounding and minimizer search are not enclosed
4096,12,joint_window,1.95,1.097357091604145,64,1.14714445609640114387e-01,1.09703597590131179951e-01,8.86170119785488763497e-02,2.68435134704087807744e-01,3.88741271760611372100e-16,-4.45094706786924518283e-03,-4.61834154084325536338e-03,-4.52347999817998350225e-03,-2.61107756899668329298e-02,-1.13122664407740835396e-02,7.36272623378739845686e-11,7.32413314728592542844e-11,7.36272623378739845686e-11,True,7.32413314728592542844e-11,True,series tail and order change; rounding and minimizer search are not enclosed
4096,12,joint_window,2.0,1.0998534272863028,64,1.20383669108957272464e-01,1.15710769891217923888e-01,9.27921049069212050542e-02,2.69049672145797946765e-01,3.82037424669033024335e-16,-4.81769463590128732555e-03,-5.01444674415697615177e-03,-4.89108018857071363827e-03,-3.07340002724375976895e-02,-1.14611073922768567229e-02,7.26293430386192025557e-11,7.22362775936911813890e-11,7.26293430386192025557e-11,True,7.22362775936911813890e-11,True,series tail and order change; rounding and minimizer search are not enclosed
4096,12,joint_window,2.05,1.1023497629684602,64,1.26096816122276605965e-01,1.21729861299195940560e-01,9.69297725474801835643e-02,2.69664299199547707886e-01,3.75438643832170109034e-16,-5.19122447471941084185e-03,-5.42003366060809371740e-03,-5.26524850577274328156e-03,-3.57932349422019763230e-02,-1.15769746302550706474e-02,7.16510312200768691783e-11,7.12495301137370107388e-11,7.16510312200768691783e-11,True,7.12495301137370107388e-11,True,series tail and order change; rounding and minimizer search are not enclosed
4096,12,joint_window,2.1,1.1048460986506177,64,1.31842676489845295196e-01,1.27753140586093189013e-01,1.01026473522632609381e-01,2.70279016323002663214e-01,3.68943465741482020856e-16,-5.57112091552521351834e-03,-5.83487460213327584213e-03,-5.64561960965249617916e-03,-4.13200149476228503764e-02,-1.16676084618234122969e-02,7.06908666760227770896e-11,7.02797602184652424099e-11,7.06908666760227770896e-11,True,7.02797602184652424099e-11,True,series tail and order change; rounding and minimizer search are not enclosed
4096,12,joint_window,2.15,1.1073424343327753,64,1.37611111153983528554e-01,1.33773575675248335148e-01,1.05079223726374154646e-01,2.70893823973666625360e-01,3.62550443995433228332e-16,-5.95696750851769027402e-03,-6.25872227763658514621e-03,-6.03181544278776765600e-03,-4.73431344232297379726e-02,-1.17389188998918304191e-02,6.97476253993224977918e-11,6.93258612224011204041e-11,6.97476253993224977918e-11,True,6.93258612224011204041e-11,True,series tail and order change; rounding and minimizer search are not enclosed
4096,12,joint_window,2.2,1.109838770014933,64,1.43392977688144379611e-01,1.39784785250383264410e-01,1.09085533201944168136e-01,2.71508722608880370686e-01,3.56258149162514085773e-16,-6.34835011517467101561e-03,-6.69131577527989906962e-03,-6.42345130349563850358e-03,-5.38890819437972609651e-02,-1.17954416245307763117e-02,6.88202744159499983412e-11,6.83869055038360336189e-11,6.88202744159499983412e-11,True,6.83869055038360336189e-11,True,series tail and order change; rounding and minimizer search are not enclosed
4096,12,joint_window,2.25,1.1123351056970905,64,1.49180053235173276649e-01,1.45780992054669600311e-01,1.13043349239667231809e-01,2.72123712685824858948e-01,3.50065168643965329307e-16,-6.74485944175892346286e-03,-7.13238526961039107088e-03,-6.82014057590130465258e-03,-6.09823665811069642873e-02,-1.18406742378834636126e-02,6.79079359817874592242e-11,6.74621104058675109927e-11,6.79079359817874592242e-11,True,6.74621104058675109927e-11,True,series tail and order change; rounding and minimizer search are not enclosed
4096,12,joint_window,2.3,1.114831441379248,64,1.54964958292562793307e-01,1.51756978215616317174e-01,1.16951005260968521338e-01,2.72738794661521177787e-01,3.43970106536252208181e-16,-7.14609308401813886347e-03,-7.58165572888946578956e-03,-7.22149840278754617806e-03,-6.86457658217018706903e-02,-1.18773256864951621409e-02,6.70098590549944430725e-11,6.65508111029752509949e-11,6.70098590549944430725e-11,True,6.65508111029752509949e-11,True,series tail and order change; rounding and minimizer search are not enclosed
4096,12,joint_window,2.35,1.1173277770614056,64,1.60741083470714113401e-01,1.57708042809192650058e-01,1.20807175031275360055e-01,2.73353968992832208063e-01,3.37971583493330899127e-16,-7.55165714969427068204e-03,-8.03884983399029764972e-03,-7.62714452203436948929e-03,-7.69005174747504766097e-02,-1.19075023612855018795e-02,6.61253964590903971729e-11,6.56524389139392436558e-11,6.61253964590903971729e-11,True,6.56524389139392436558e-11,True,series tail and order change; rounding and minimizer search are not enclosed
4096,12,joint_window,2.4,1.119824112743563,64,1.66502520442941670531e-01,1.63629961782674804294e-01,1.24610831742642036435e-01,2.73969236136463345499e-01,3.32068236588748175252e-16,-7.96116752015416095922e-03,-8.50369027239264441143e-03,-8.03670543865839248632e-03,-8.57664712181345767483e-02,-1.19328477656933003292e-02,6.52539865222444811707e-11,6.47665038968475768911e-11,6.52539865222444811707e-11,True,6.47665038968475768911e-11,True,series tail and order change; rounding and minimizer search are not enclosed
4096,12,joint_window,2.45,1.1223204484257208,64,1.72243997695439354789e-01,1.69518950284479857915e-01,1.28361211519323226149e-01,2.74584596548964388063e-01,3.26258719177606771368e-16,-8.37425080624765519333e-03,-8.97590153471151605546e-03,-8.44981606741568996854e-03,-9.52622108714921422834e-02,-1.19546479453471882204e-02,6.43951382550531058012e-11,6.38925808272209133382e-11,6.43951382550531058012e-11,True,6.38925808272209133382e-11,True,series tail and order change; rounding and minimizer search are not enclosed
4096,12,joint_window,2.5,1.1248167841078782,64,1.77960821285934434055e-01,1.75371627395948359585e-01,1.32057780920989714657e-01,2.75200050686729702498e-01,3.20541700758449151510e-16,-8.79054504707342879155e-03,-9.45521131373078943527e-03,-8.86612095255643467562e-03,-1.05405155271023023844e-01,-1.19739115271303483284e-02,6.35484193382253521407e-11,6.30302978607621400874e-11,6.35484193382253521407e-11,True,6.30302978607621400874e-11,True,series tail and order change; rounding and minimizer search are not enclosed
4096,12,joint_window,2.55,1.127313119790036,64,1.83648820567292841988e-01,1.81184983220956274952e-01,1.35700208045130332746e-01,2.75815599005999778637e-01,3.14915866835080879298e-16,-9.20970019410640577950e-03,-9.94135158484790032452e-03,-9.28527514939643874858e-03,-1.16211643351010973646e-01,-1.19914308213309919043e-02,6.27134463510046526902e-11,6.21793273350944507839e-11,6.27134463510046526902e-11,True,6.21793273350944507839e-11,True,series tail and order change; rounding and minimizer search are not enclosed
4096,12,joint_window,2.6,1.1298094554721934,64,1.89304298680012611511e-01,1.86956348261182181414e-01,1.39288336859755307318e-01,2.76431241962862783712e-01,3.09379918778386148993e-16,-9.63137841734199376398e-03,-1.04340594305494319127e-02,-9.70694483530227386625e-03,-1.27697007430289888319e-01,-1.20078287205277866451e-02,6.18898767935474602960e-11,6.13393782822446696578e-11,6.18898767935474602960e-11,True,6.13393782822446696578e-11,True,series tail and order change; rounding and minimizer search are not enclosed
4096,12,joint_window,2.65,1.132305791154351,64,1.94923987532152426239e-01,1.92683364985512695089e-01,1.42822164428025810690e-01,2.77046980013255172981e-01,3.03932573688155642503e-16,-1.00552542648673394476e-02,-1.09330776588702355268e-02,-1.01308077042992043804e-02,-1.39875637562927090940e-01,-1.20235948852926936153e-02,6.10774025510046355887e-11,6.05101903143161469825e-11,6.10774025510046355887e-11,True,6.05101903143161469825e-11,True,series tail and order change; rounding and minimizer search are not enclosed
4096,12,joint_window,2.7,1.1348021268365085,64,2.00505006943905494943e-01,1.98363961489363221924e-01,1.46301820716601582717e-01,2.77662813612962633414e-01,2.98572564254975375199e-16,-1.04810147026011026006e-02,-1.14381552558578160339e-02,-1.05565531889430692936e-02,-1.52761039003428078509e-01,-1.20391138052905119493e-02,6.02757445204477173058e-11,5.96915286152274772289e-11,6.02757445204477173058e-11,True,5.96915286152274772289e-11,True,series tail and order change; rounding and minimizer search are not enclosed
4096,12,joint_window,2.75,1.1372984625186662,64,2.06044827620662840406e-01,2.03996327132168503438e-01,1.49727550708581097494e-01,2.78278743217621804540e-01,2.93298638622196843710e-16,-1.09083590568600785620e-02,-1.19490477042446877065e-02,-1.09838825447035569327e-02,-1.66365884261293367485e-01,-1.20546866652154176930e-02,5.94846481790240300568e-11,5.88831798263274542607e-11,5.94846481790240300568e-11,True,5.88831798263274542607e-11,True,series tail and order change; rounding and minimizer search are not enclosed
4096,12,joint_window,2.8,1.1397947982008236,64,2.11541237622506705929e-01,2.09578890037631887511e-01,1.53099698569342440591e-01,2.78894769282721277648e-01,2.88109560248033687279e-16,-1.13369988788642114819e-02,-1.24655171943283508973e-02,-1.14125088254029942447e-02,-1.80702060809661252394e-01,-1.20705484620687655828e-02,5.87038799165700905258e-11,5.80849486567377803222e-11,5.87038799165700905258e-11,True,5.80849486567377803222e-11,True,series tail and order change; rounding and minimizer search are not enclosed
4096,12,joint_window,2.85,1.1422911338829813,64,2.16992312012488142159e-01,2.15110296340633000423e-01,1.56418693639162942333e-01,2.79510892263602206409e-01,2.83004107767802809278e-16,-1.17666577472395686432e-02,-1.29873327481237164915e-02,-1.18421567728766094496e-02,-1.95780715221395618109e-01,-1.20868814641909103763e-02,5.79332239911711140733e-11,5.72966550831097957739e-11,5.79332239911711140733e-11,True,5.72966550831097957739e-11,True,series tail and order change; rounding and minimizer search are not enclosed
4096,12,joint_window,2.9,1.1447874695651388,64,2.22396385385951744773e-01,2.20589391066119022700e-01,1.59685038050028926815e-01,2.80127112615459472611e-01,2.77981074856355466292e-16,-1.21970710219672373587e-02,-1.35142702738955261532e-02,-1.22725626396801845708e-02,-2.11612294297130132392e-01,-1.21038258376967543251e-02,5.71724799939943633592e-11,5.65181320301961345193e-11,5.71724799939943633592e-11,True,5.65181320301961345193e-11,True,series tail and order change; rounding and minimizer search are not enclosed
4096,12,joint_window,2.95,1.1472838052472965,64,2.27752027005884954969e-01,2.26015200528339815778e-01,1.62899295785563835715e-01,2.80743430793343740071e-01,2.73039270090711932611e-16,-1.26279855610024402401e-02,-1.40461125650043067159e-02,-1.27034739601664184439e-02,-2.28206583601876317191e-01,-1.21214880696876737415e-02,5.64214607317703180179e-11,5.57492234447845072793e-11,5.64214607317703180179e-11,True,5.57492234447845072793e-11,True,series tail and order change; rounding and minimizer search are not enclosed
4096,12,joint_window,3.0,1.149780140929454,64,2.33058018292417901129e-01,2.31386916142874154989e-01,1.66062083022501832952e-01,2.81359847252161843212e-01,2.68177516812944310793e-16,-1.30591594088969240040e-02,-1.45826492544303756849e-02,-1.31346492823947863515e-02,-2.45572743720964214997e-01,-1.21399476695839229207e-02,5.56799904528308523497e-11,5.49897826923577069136e-11,5.56799904528308523497e-11,True,5.49897826923577069136e-11,True,series tail and order change; rounding and minimizer search are not enclosed
4096,12,fixed_power,0.20029357572930812,1.01,96,1.73979749576182035620e-02,8.89030870783047040376e-10,8.89030859748090814317e-10,2.46982802406764012648e-01,7.02210792393058841393e-16,3.36830564947274146981e-03,2.41148432565910730840e-01,2.41148432565900433522e-01,2.62566319235306266933e+01,2.62566319235297847001e+01,4.06969965910244080677e-08,4.06969965908462796859e-08,7.29539131327783252345e-08,True,7.29539166854920040350e-08,True,series tail and order change; rounding and minimizer search are not enclosed
4096,12,fixed_power,0.40058715145861623,1.02,64,1.99344560038156905224e-02,2.86903264877213845367e-05,2.86841787357967439626e-05,2.49433602775279067432e-01,6.57367441407962136636e-16,2.82739596137944687940e-03,2.18207267992039460891e-01,2.18202204290495277439e-01,2.44622283053068514391e+01,2.44617938694453229687e+01,1.30860085176084483846e-08,1.30832506098715031871e-08,4.56531878967325610574e-08,True,4.56439082086035341490e-08,True,series tail and order change; rounding and minimizer search are not enclosed
4096,12,fixed_power,0.6008807271879243,1.03,64,2.33705357355288231846e-02,9.13411442080404008606e-04,9.09013631898211238794e-04,2.51885604726352130278e-01,6.15119179317306829544e-16,2.24066425589579138605e-03,3.37818275077838570120e-02,3.36197770295478121083e-02,4.54583291917552934081e+00,4.52353407178655597676e+00,5.03655739340993004793e-10,5.01667226311937847458e-10,2.10117345744720296352e-09,True,2.09148609542353369761e-09,True,series tail and order change; rounding and minimizer search are not enclosed
4096,12,fixed_power,1.0014678786465405,1.05,64,3.52619667403533815220e-02,1.45544472101400926972e-02,1.38470565024270790555e-02,2.56793332426625109388e-01,5.37886872588731785396e-16,8.56880202589616925268e-04,1.87727283111597306048e-03,1.76782611923677421967e-03,1.55165661223061607243e-01,1.38545741997039090210e-01,1.08794974049791770567e-10,1.07801335846872144945e-10,1.08794974049791770567e-10,True,1.07801335846872144945e-10,True,series tail and order change; rounding and minimizer search are not enclosed
4096,12,fixed_power,1.5022018179698085,1.075,64,6.82802663544402471674e-02,5.80952896668537818736e-02,5.05035378848362956350e-02,2.62935280264485649049e-01,4.53711590116804997635e-16,-1.53014934279952462270e-03,-1.50651322500080023237e-03,-1.56242318405739981368e-03,3.64249008050162312658e-03,-4.97405188840663054634e-03,8.39054952476702328397e-11,8.34892810086120932345e-11,8.39054952476702328397e-11,True,8.34892810086120932345e-11,True,series tail and order change; rounding and minimizer search are not enclosed
4096,12,fixed_power,2.002935757293081,1.1,64,1.20718018182670097649e-01,1.16063931192650182656e-01,9.30361202314286123150e-02,2.69085757582120721487e-01,3.81647087259406181161e-16,-4.83944311492734077773e-03,-5.03800093122614735253e-03,-4.91287151617536554937e-03,-3.10186833676369469459e-02,-1.14687360548136919880e-02,7.25713749917305462119e-11,7.21778488449384370021e-11,7.25713749917305462119e-11,True,7.21778488449384370021e-11,True,series tail and order change; rounding and minimizer search are not enclosed
4096,12,fixed_power,3.004403635939617,1.15,64,2.33522916774507621751e-01,2.31857402815325880363e-01,1.66338193807252343603e-01,2.81414141449873145273e-01,2.67753125767527484985e-16,-1.30971386985867729869e-02,-1.46301215891656705148e-02,-1.31726289398823581678e-02,-2.47139502802569244189e-01,-1.21416137356976320399e-02,5.56151390878452201986e-11,5.49233456528512400100e-11,5.56151390878452201986e-11,True,5.49233456528512400100e-11,True,series tail and order change; rounding and minimizer search are not enclosed
4096,12,fixed_power,4.005871514586158,1.2,64,3.28587991136665702463e-01,3.27680000000000026805e-01,2.19929072016202736828e-01,2.93782149799831859838e-01,1.85660647477735116084e-16,-2.14956056824720936893e-02,-2.61002657374166877058e-02,-2.15722412340749042370e-02,-7.68853247299273845350e-01,-1.27000374923981820818e-02,4.25774711125804741738e-11,4.15408414334561734393e-11,4.25774711125804741738e-11,True,4.15408414334561734393e-11,True,series tail and order change; rounding and minimizer search are not enclosed
4096,12,fixed_power,5.007339393232698,1.25,64,4.03840799290164753632e-01,4.03237402439117431641e-01,2.59180357765401492287e-01,3.06193425614168013293e-01,1.27158890281189772502e-16,-2.88130234152216141430e-02,-3.82556630113411455518e-02,-2.88923377397075076267e-02,-1.63614033870410291449e+00,-1.35235070450346796939e-02,3.24006454574931854938e-11,3.11092983079032860145e-11,3.24006454574931854938e-11,True,3.11092983079032860145e-11,True,series tail and order change; rounding and minimizer search are not enclosed
4096,12,fixed_power,6.008807271879239,1.3,64,4.63480603000358259980e-01,4.63033551265942477926e-01,2.88789010916076727131e-01,3.18651592588365506487e-01,8.59502543425497381873e-17,-3.46381028868452262026e-02,-5.04954252635151021322e-02,-3.47208359135508376481e-02,-2.85426857635656006096e+00,-1.44805299803157511151e-02,2.44603065421041761740e-11,2.30343194902645454961e-11,2.44603065421041761740e-11,True,2.30343194902645454961e-11,True,series tail and order change; rounding and minimizer search are not enclosed
4096,12,fixed_power,8.011743029172315,1.4,64,5.50627713598180301702e-01,5.50334077948180566686e-01,3.30145309393032881928e-01,3.43723018532124391378e-01,3.75641078659009409959e-17,-4.16443793834422038014e-02,-7.41423137464733844615e-02,-4.17347024457669496522e-02,-6.32141180756207976543e+00,-1.65275323945076289822e-02,1.35093208477429433097e-11,1.21314756511100826780e-11,1.35093208477429433097e-11,True,1.21314756511100826780e-11,True,series tail and order change; rounding and minimizer search are not enclosed
4096,12,fixed_power,10.014678786465396,1.5,64,6.10571854368341493391e-01,6.10351562500000000000e-01,3.57509534293642405878e-01,3.69025157164765693629e-01,1.52863260928892972912e-17,-4.30977161790359747373e-02,-9.59558898402589066645e-02,-4.31956729210495188331e-02,-1.11169738468781531537e+01,-1.85442334792688470757e-02,7.05114223680909725395e-12,5.98478577156700332826e-12,7.05114223680909725395e-12,True,5.98478577156700332826e-12,True,series tail and order change; rounding and minimizer search are not enclosed
16384,14,joint_window,0.0,1.0,96,7.72660869225160959473e-03,0.00000000000000000000e+00,0.00000000000000000000e+00,2.44533173793497621284e-01,7.49786258826540693388e-16,1.93463750858584196228e-03,2.38748120932375240688e-01,2.38748120932375240688e-01,2.61552480329778980206e+01,2.61552480329778980206e+01,4.27132398534002396386e-08,4.27132398534002396386e-08,7.63064846864835999440e-08,True,7.63064846864835999440e-08,True,series tail and order change; rounding and minimizer search are not enclosed
16384,14,joint_window,0.05,1.0021397162989922,96,7.94766504660339434540e-03,6.64340286719012909305e-43,6.64340286718984552269e-43,2.45057227778215896974e-01,7.39369652504589578330e-16,1.87378698443965794468e-03,2.39261693830203320266e-01,2.39261693830203320266e-01,2.62175786712064322614e+01,2.62175786712064322614e+01,4.22906160264275152964e-08,4.22906160264275152964e-08,7.55465521251608151942e-08,True,7.55465521251608151942e-08,True,series tail and order change; rounding and minimizer search are not enclosed
16384,14,joint_window,0.1,1.0042794325979845,96,8.18290606903736804367e-03,7.84309609065268606214e-22,7.84309609065279796920e-22,2.45581334335491258125e-01,7.29083221116915731987e-16,1.81205030790153711132e-03,2.39775377210275336681e-01,2.39775377210275336681e-01,2.62799912356429352656e+01,2.62799912356429352656e+01,4.18713202902357940013e-08,4.18713202902357940013e-08,7.47924566724122996675e-08,True,7.47924566724122996675e-08,True,series tail and order change; rounding and minimizer search are not enclosed
16384,14,joint_window,0.15,1.0064191488969767,96,8.43381718671086522132e-03,8.28930304664717180494e-15,8.28930304664587649534e-15,2.46105493758140531080e-01,7.18925558522684148974e-16,1.74935821924309081558e-03,2.40289171606531182235e-01,2.40289171606531182235e-01,2.63424932868331111990e+01,2.63424932868331111990e+01,4.14553384687825147109e-08,4.14553384687825147109e-08,7.40441770119559805607e-08,True,7.40441770119559805607e-08,True,series tail and order change; rounding and minimizer search are not enclosed
16384,14,joint_window,0.2,1.0085588651959687,96,8.70209311684400077525e-03,2.69483315460481246583e-11,2.69483315343222126275e-11,2.46629706338867465965e-01,7.08895270254608905440e-16,1.68563481237343792442e-03,2.40802976864691181680e-01,2.40802976864691181680e-01,2.64050849347868812345e+01,2.64050849347868812345e+01,4.10409030681663550591e-08,4.10409030681655808180e-08,7.32992582186398067279e-08,True,7.32992582186398067279e-08,True,series tail and order change; rounding and minimizer search are not enclosed
16384,14,joint_window,0.25,1.010698581494961,96,8.98967386376147044313e-03,3.44936457996576040945e-09,3.44936442393348246528e-09,2.47153972370262875469e-01,6.98990973484040640591e-16,1.62079667206623911739e-03,2.41304164529635711833e-01,2.41304164529050790833e-01,2.64667498846318416383e+01,2.64667498845843489619e+01,4.04115995890183795438e-08,4.04115995790278641590e-08,7.22588886503672256367e-08,True,7.22588886503672256367e-08,True,series tail and order change; rounding and minimizer search are not enclosed
16384,14,joint_window,0.3,1.0128382977939532,96,9.29878771394305678188e-03,8.76078441305474732890e-08,8.76077589997263143804e-08,2.47678292144806050379e-01,6.89211296984792551027e-16,1.55475188083448699616e-03,2.41502347135701234127e-01,2.41502346816388352435e-01,2.65039342729980091917e+01,2.65039342470756551506e+01,3.51178892756751559601e-08,3.51178847504863650185e-08,6.46493063527486810926e-08,True,6.46493028000350022921e-08,True,series tail and order change; rounding and minimizer search are not enclosed
16384,14,joint_window,0.35,1.0149780140929454,96,9.63200262272014516574e-03,8.83026137630484212352e-07,8.83018615380175631089e-07,2.48202665954863982423e-01,6.79554881095721365338e-16,1.48739887534752560257e-03,2.39048631319409454754e-01,2.39048603471515991314e-01,2.63253924141602979603e+01,2.63253901405842896111e+01,1.33554547268865848281e-08,1.33553616859710042052e-08,2.92909057009183015907e-08,True,2.92907351706617191667e-08,True,series tail and order change; rounding and minimizer search are not enclosed
16384,14,joint_window,0.4,1.0171177303919376,64,9.99228760817033254127e-03,4.99511848514230309107e-06,4.99490481791868624656e-06,2.48727094092693612470e-01,6.70020377682115659639e-16,1.41862513024150374390e-03,2.24889237925601614965e-01,2.24888505685186201877e-01,2.51720288046774491875e+01,2.51719670861117919003e+01,1.88954998733306617444e-08,1.88946990519991390103e-08,6.52167919668045215076e-08,True,6.52141203261180635309e-08,True,series tail and order change; rounding and minimizer search are not enclosed
16384,14,joint_window,0.45,1.0192574466909299,64,1.03830859733157927771e-02,1.92255663624171967076e-05,1.92227130094985092343e-05,2.49251576850440859090e-01,6.60606450095922082370e-16,1.34830564506469301363e-03,1.82675700417946562659e-01,1.82668268528772270720e-01,2.14565721415075323364e+01,2.14558814091286471637e+01,4.97357934452289171610e-09,4.97286010857839830414e-09,1.85053394829992612358e-08,True,1.85028952159882464912e-08,True,series tail and order change; rounding and minimizer search are not enclosed
16384,14,joint_window,0.5,1.021397162989922,64,1.08084023183213553260e-02,5.65125975302143850098e-05,5.64901040247687484357e-05,2.49776114520142394904e-01,6.51311773134847550918e-16,1.27630121126577796009e-03,1.13339001601752989434e-01,1.13309741193214408295e-01,1.44543986619442925701e+01,1.44511699194809946079e+01,1.73761638428128237848e-09,1.73695125570512803582e-09,7.38184269266639603302e-09,True,7.37943928186268749414e-09,True,series tail and order change; rounding and minimizer search are not enclosed
16384,14,joint_window,0.55,1.0235368792889141,64,1.12729052934691098553e-02,1.36543678713094119269e-04,1.36422726958048692262e-04,2.50300707393725230254e-01,6.42135033000364537151e-16,1.20245643519890574313e-03,5.53333806973458006140e-02,5.52869495857688797447e-02,7.55163824699854124844e+00,7.54564955238195622655e+00,7.38987644187616514239e-10,7.38362598677597235882e-10,3.51538620435576376622e-09,True,3.51268525378145568538e-09,True,series tail and order change; rounding and minimizer search are not enclosed
16384,14,joint_window,0.6,1.0256765955879064,64,1.17820477348658126521e-02,2.84802030213909406105e-04,2.84313637133601642033e-04,2.50825355763007795673e-01,6.33074927254670323392e-16,1.12659750120593072330e-03,2.69144671508158607465e-02,2.68683418825178509104e-02,3.74865289531099676879e+00,3.74219881143774246723e+00,3.66080405247222143782e-10,3.65498277359871321790e-10,1.79019643553601781605e-09,True,1.78728276623019155522e-09,True,series tail and order change; rounding and minimizer search are not enclosed
16384,14,joint_window,0.65,1.0278163118868986,64,1.23422049820672095205e-02,5.30512288714082825246e-04,5.28929706924642878234e-04,2.51350059919701107614e-01,6.24130164776613738073e-16,1.04852966862925621287e-03,1.44920257961639684791e-02,1.44487648458336368634e-02,1.99152851211120096586e+00,1.98524703462940621534e+00,2.06677090306466143109e-10,2.06136167258614001353e-10,9.68961355596320572658e-10,True,9.66051016959568187303e-10,True,series tail and order change; rounding and minimizer search are not enclosed
16384,14,joint_window,0.7,1.0299560281858908,64,1.29608304384006625676e-02,9.04178604072110206173e-04,8.99863833347396935118e-04,2.51874820155407741495e-01,6.15299465716636406908e-16,9.68034517809297388388e-04,8.52529893031573476891e-03,8.48453742031658915412e-03,1.13031026222746788790e+00,1.12428226607964210082e+00,1.30434406478314300022e-10,1.29930342864018262064e-10,5.57167645354184060125e-10,True,5.54355006343598688545e-10,True,series tail and order change; rounding and minimizer search are not enclosed
16384,14,joint_window,0.75,1.032095744484883,64,1.36466242819774010581e-02,1.43528495214876174006e-03,1.42503802731936812104e-03,2.52399636761623802350e-01,6.06581561450756622741e-16,8.84866994367287506423e-04,5.37843140686474364270e-03,5.33984410366742257709e-03,6.75735953047768345137e-01,6.69972124682537417684e-01,9.04058870382588724917e-11,8.99347362458209789329e-11,3.37253558413408427441e-10,True,3.34569705273679574020e-10,True,series tail and order change; rounding and minimizer search are not enclosed
16384,14,joint_window,0.8,1.0342354607838753,64,1.44097059936823101295e-02,2.15048394096905692158e-03,2.12872947542585471206e-03,2.52924510029738924821e-01,5.97975194533626303842e-16,7.98752354450358616200e-04,3.58455273680308335316e-03,3.54787670547845141941e-03,4.20352757801310816799e-01,4.14841625197580665674e-01,6.77078982381747468368e-11,6.72666642493229939588e-11,2.12646567021579357970e-10,True,2.10098938246972011257e-10,True,series tail and order change; rounding and minimizer search are not enclosed
16384,14,joint_window,0.85,1.0363751770828673,64,1.52617733033180852376e-02,3.07238300398122608434e-03,3.03026767329267823770e-03,2.53449440251036717253e-01,5.89479118650696243551e-16,7.09383191624560248759e-04,2.49094965178984313267e-03,2.45597017332130785477e-03,2.69456198520047762734e-01,2.64179641390077046825e-01,5.39832595364737423712e-11,5.35699026063685451795e-11,1.38364764090681546804e-10,True,1.35952582525078469189e-10,True,series tail and order change; rounding and minimizer search are not enclosed
16384,14,joint_window,0.9,1.0385148933818595,64,1.62162187721988822198e-02,4.21889518562357148518e-03,4.14339069888315560813e-03,2.53974427716695927426e-01,5.81092098569512133808e-16,6.16416832446103207799e-04,1.78243839870595617569e-03,1.74897959661710501039e-03,1.76670274687270534297e-01,1.71609449235718358739e-01,4.52228020907997534343e-11,4.48361148433520867973e-11,9.21984433244205092706e-11,True,8.99186003433527503148e-11,True,series tail and order change; rounding and minimizer search are not enclosed
16384,14,joint_window,0.95,1.0406546096808518,64,1.72881609300719850386e-02,5.60305168455196671295e-03,5.47615735624148915889e-03,2.54499472717790553578e-01,5.72812910090185834614e-16,5.19473520166791481040e-04,1.29596501460627934466e-03,1.26388411217475305111e-03,1.17819982446491999806e-01,1.12957724656600325130e-01,3.93670942292437217364e-11,3.90065032288122198669e-11,6.25380025542909834257e-11,True,6.03879168892262896406e-11,True,series tail and order change; rounding and minimizer search are not enclosed
16384,14,joint_window,1.0,1.042794325979844,64,1.84943320730221703874e-02,7.23315306127178189732e-03,7.03127449562970796570e-03,2.55024575545289788892e-01,5.64640339995055300050e-16,4.18135949854592150338e-04,9.42061222372748583928e-04,9.11245739487593535769e-04,7.95957617552676410799e-02,7.49177200679637528280e-02,3.52942205235248341819e-11,3.49595215892916459086e-11,4.29896118703254614957e-11,True,4.09677569646049732910e-11,True,series tail and order change; rounding and minimizer search are not enclosed
16384,14,joint_window,1.05,1.0449340422788362,64,1.98527552898470384390e-02,9.11314384733545590489e-03,8.80669696988255548686e-03,2.55549736490059853367e-01,5.56573185997571617819e-16,3.11950838589800105716e-04,6.69075548813888526870e-04,6.39442961635141356863e-04,5.43157309024480602910e-02,4.98111030578921240575e-02,3.23609285502510879805e-11,3.20519826696257074327e-11,3.23609285502510879805e-11,True,3.20519826696257074327e-11,True,series tail and order change; rounding and minimizer search are not enclosed
16384,14,joint_window,1.1,1.0470737585778285,64,2.13821488573720727699e-02,1.12431155463730177158e-02,1.07963757668383345673e-02,2.56074955842863716260e-01,5.48610256690440082197e-16,2.00433251751218257514e-04,4.45842845042267611061e-04,4.17342328841923760133e-04,3.73636770138723109391e-02,3.30258987704732526192e-02,3.01815325147088436277e-11,2.98979763756915364485e-11,3.01815325147088436277e-11,True,2.98979763756915364485e-11,True,series tail and order change; rounding and minimizer search are not enclosed
16384,14,joint_window,1.15,1.0492134748768205,64,2.31010287209739081926e-02,1.36198662467326998132e-02,1.29910564884278215830e-02,2.56600233894361873244e-01,5.40750371493043304957e-16,8.30742837291229170582e-05,2.52823543341195496742e-04,2.25439452233027522871e-04,2.58701146846943043356e-02,2.16976318904770378027e-02,2.85156143904851680190e-11,2.82566500732758975206e-11,2.85156143904851680190e-11,True,2.82566500732758975206e-11,True,series tail and order change; rounding and minimizer search are not enclosed
16384,14,joint_window,1.2,1.0513531911758127,64,2.50265464002943187338e-02,1.62374664367116901265e-02,1.53790581896335286360e-02,2.57125570935113234583e-01,5.32992360598167466286e-16,-4.06476568454916184492e-05,7.73543307667251718585e-05,5.11110728505705796954e-05,1.80011626176155466184e-02,1.39983230590353061734e-02,2.72082560395983770357e-11,2.69725664054679320252e-11,2.72082560395983770357e-11,True,2.69725664054679320252e-11,True,series tail and order change; rounding and minimizer search are not enclosed
16384,14,joint_window,1.21,1.0517811344356112,64,2.54377829117421391802e-02,1.67892068161863868003e-02,1.58787012042994196692e-02,2.57230645447535932746e-01,5.31452881147723652726e-16,-6.62015543545406773274e-05,4.35692257247329885195e-05,1.75609963144777656008e-05,1.67487063025860277721e-02,1.27809061160081890302e-02,2.69801077182283442103e-11,2.67488713238640209684e-11,2.69801077182283442103e-11,True,2.67488713238640209684e-11,True,series tail and order change; rounding and minimizer search are not enclosed
16384,14,joint_window,1.22,1.0522090776954096,64,2.58579764594318757542e-02,1.73501878895134624414e-02,1.63854313013785980735e-02,2.57335722333470240386e-01,5.29917421050338231332e-16,-9.20349206796327451441e-05,1.00876007194453110039e-05,-1.56824072595324569279e-05,1.55847244198953627237e-02,1.16524706067808216103e-02,2.67614578531864383790e-11,2.65345994298159676217e-11,2.67614578531864383790e-11,True,2.65345994298159676217e-11,True,series tail and order change; rounding and minimizer search are not enclosed
16384,14,joint_window,1.23,1.052637020955208,64,2.62872197769503136711e-02,1.79203331370358272256e-02,1.68991334862013398155e-02,2.57440801595239798782e-01,5.28385971101652763038e-16,-1.18151822196114943825e-04,-2.31392678927376527209e-05,-4.86674519148792839029e-05,1.45024542322257435356e-02,1.06063159136186770798e-02,2.65517174197596848095e-11,2.63291587487156843131e-11,2.65517174197596848095e-11,True,2.63291587487156843131e-11,True,series tail and order change; rounding and minimizer search are not enclosed
16384,14,joint_window,1.24,1.0530649642150065,64,2.67255986231851976054e-02,1.84995636327168720692e-02,1.74196914048943621300e-02,2.57545883235166972458e-01,5.26858522114337258882e-16,-1.44556284147837749154e-04,-5.61566135103648209070e-05,-8.14389504308460875082e-05,1.34956537770684458638e-02,9.63626398296031118351e-03,2.63503402538655853708e-11,2.61320004473471097809e-11,2.63503402538655853708e-11,True,2.61320004473471097809e-11,True,series tail and order change; rounding and minimizer search are not enclosed
16384,14,joint_window,1.25,1.053492907474805,64,2.71731914825166787075e-02,1.90877981842608908380e-02,1.79469875123061707589e-02,2.57650967255574625536e-01,5.25335064918073318112e-16,-1.71252284945042163727e-04,-8.90064597957717501542e-05,-1.14038494707500558806e-04,1.25585587744154094508e-02,8.73661624862743027564e-03,2.61568195330961095533e-11,2.59426153266013535139e-11,2.61568195330961095533e-11,True,2.59426153266013535139e-11,True,series tail and order change; rounding and minimizer search are not enclosed
16384,14,joint_window,1.26,1.0539208507346034,64,2.76300692955090236580e-02,1.96849534694270751622e-02,1.84809032333979501861e-02,2.57756053658785233562e-01,5.23815590359535589947e-16,-1.98243750497088810913e-04,-1.21727875290722573759e-04,-1.46504710277304411870e-04,1.16858434255966321669e-02,7.90211444369373974816e-03,2.59706845781116922867e-11,2.57605306304499362648e-11,2.59706845781116922867e-11,True,2.57605306304499362648e-11,True,series tail and order change; rounding and minimizer search are not enclosed
16384,14,joint_window,1.27,1.0543487939944018,64,2.80962952225115060456e-02,2.02909441685185376603e-02,1.90213191181398920404e-02,2.57861142447121161059e-01,5.22300089302374813073e-16,-2.25534548606438380036e-04,-1.54357204805666715225e-04,-1.78873487609626687089e-04,1.08725847083094729478e-02,7.12790490609205816541e-03,2.57914979416255646509e-11,2.55853071385914047614e-11,2.57914979416255646509e-11,True,2.55853071385914047614e-11,True,series tail and order change; rounding and minimizer search are not enclosed
16384,14,joint_window,1.28,1.0547767372542003,64,2.85719244422462069488e-02,2.09056830930388660994e-02,1.95681149899683930193e-02,2.57966233622904661527e-01,5.20788552627199178802e-16,-2.53128483450435100288e-04,-1.86928279949012590005e-04,-2.11178192574345592603e-04,1.01142298176805020549e-02,6.40950602778242190666e-03,2.56188527560371385305e-11,2.54165365140631805856e-11,2.56188527560371385305e-11,True,2.54165365140631805856e-11,True,series tail and order change; rounding and minimizer search are not enclosed
16384,14,joint_window,1.29,1.0552046805139987,64,2.90570039870523752490e-02,2.15290813105192199717e-02,2.01211700878763943834e-02,2.58071327188457932955e-01,5.19280971231557271954e-16,-2.81029290176705928705e-04,-2.19472610899410554980e-04,-2.43449858166889729350e-04,9.40656644237110491080e-03,5.74277853654449159382e-03,2.54523703141046587984e-11,2.52538388804916814861e-11,2.54523703141046587984e-11,True,2.52538388804916814861e-11,True,series tail and order change; rounding and minimizer search are not enclosed
16384,14,joint_window,1.3,1.0556326237737972,64,2.95515726160486061347e-02,2.21610482655287752141e-02,2.06803632022220969244e-02,2.58176423146102618222e-01,5.17777336029919927060e-16,-3.09240629637239604344e-04,-2.52019561291920955737e-04,-2.75717359365250207215e-04,8.74569559926331036026e-03,5.12389833394244053472e-03,2.52916978599526243387e-11,2.50968606065970332679e-11,2.52916978599526243387e-11,True,2.50968606065970332679e-11,True,series tail and order change; rounding and minimizer search are not enclosed
16384,14,joint_window,1.31,1.0560605670335956,64,3.00556607270324217807e-02,2.28014918968900553997e-02,2.12455728043555239215e-02,2.58281521498160304695e-01,5.16277637953662380378e-16,-3.37766083285248250312e-04,-2.84596507884711958508e-04,-3.08007572785150372102e-04,8.12800678061124590168e-03,4.54933164338097804219e-03,2.51365065702448362646e-11,2.49452722781330957014e-11,2.51365065702448362646e-11,True,2.49452722781330957014e-11,True,series tail and order change; rounding and minimizer search are not enclosed
16384,14,joint_window,1.32,1.056488510293394,64,3.05692903074889568704e-02,2.34503187511278521349e-02,2.18166771701713037290e-02,2.58386622246952968318e-01,5.14781867951046027491e-16,-3.66609148257565457818e-04,-3.17228986492798167851e-04,-3.40345522619227985883e-04,7.55015519425082659577e-03,4.01581224891236262392e-03,2.49864897075693830907e-11,2.47987668396757018553e-11,2.49864897075693830907e-11,True,2.47987668396757018553e-11,True,series tail and order change; rounding and minimizer search are not enclosed
16384,14,joint_window,1.33,1.0569164535531925,64,3.10924749246296698579e-02,2.41074340921874144539e-02,2.23935544977072534256e-02,2.58491725394801863391e-01,5.13290016987200969754e-16,-3.95773232663832082168e-04,-3.49940825516058262590e-04,-3.72754514187046553930e-04,7.00904090104059133287e-03,3.52032062900209689535e-03,2.48413609300160470768e-11,2.46570578906154161809e-11,2.48413609300160470768e-11,True,2.46570578906154161809e-11,True,series tail and order change; rounding and minimizer search are not enclosed
16384,14,joint_window,1.34,1.057344396812991,64,3.16252197539415511041e-02,2.47727420074642865067e-02,2.29760830189170775495e-02,2.58596830944028133192e-01,5.11802076044107969104e-16,-4.25261651102024421101e-04,-3.82754268248049981521e-04,-4.05256256281987491119e-04,6.50178967449460947642e-03,3.06006481025874760987e-03,2.47008527426213959415e-11,2.45198781214040128815e-11,2.47008527426213959415e-11,True,2.45198781214040128815e-11,True,series tail and order change; rounding and minimizer search are not enclosed
16384,14,joint_window,1.35,1.0577723400727894,64,3.21675216453022952412e-02,2.54461455101934533318e-02,2.35641411057486149794e-02,2.58701938896952865488e-01,5.10318036120580008437e-16,-4.55077620418009413938e-04,-4.15690085027711677540e-04,-4.37870973376420190293e-04,6.02573542590185019102e-03,2.63246278450388277240e-03,2.45647150778398491223e-11,2.43869778775781639852e-11,2.45647150778398491223e-11,True,2.43869778775781639852e-11,True,series tail and order change; rounding and minimizer search are not enclosed
16384,14,joint_window,1.36,1.0582002833325879,64,3.27193692253191642516e-02,2.61275466382501833640e-02,2.41576073706719143819e-02,2.58807049255897370088e-01,5.08837888232244443627e-16,-4.85224255724684729041e-04,-4.48767676185458843502e-04,-4.70617508636093744012e-04,5.57840405445709196230e-03,2.23512634877163400907e-03,2.44327139935019690917e-11,2.42581238403709518841e-11,2.44327139935019690917e-11,True,2.42581238403709518841e-11,True,series tail and order change; rounding and minimizer search are not enclosed
16384,14,joint_window,1.37,1.0586282265923863,64,3.32807430341824084241e-02,2.68168465494190016996e-02,2.47563607618002910760e-02,2.58912162023181902093e-01,5.07361623411525254156e-16,-5.15704566694332594556e-04,-4.82005166637126600260e-04,-5.03513418596810997246e-04,5.15749859632074446336e-03,1.86584624219506239710e-03,2.43046304778669961679e-11,2.41330978138459563240e-11,2.43046304778669961679e-11,True,2.41330978138459563240e-11,True,series tail and order change; rounding and minimizer search are not enclosed
16384,14,joint_window,1.38,1.0590561698521848,64,3.38516156949995525305e-02,2.75139456131913325010e-02,2.53602806527538117420e-02,2.59017277201127271713e-01,5.05889232707624307672e-16,-5.46521454135435319488e-04,-5.15419492892332884587e-04,-5.36575060269188150452e-04,4.76088555917804183426e-03,1.52257846644967848732e-03,2.41802593523876182980e-11,2.40116956094727651879e-11,2.41802593523876182980e-11,True,2.40116956094727651879e-11,True,series tail and order change; rounding and minimizer search are not enclosed
16384,14,joint_window,1.39,1.0594841131119832,64,3.44319521132940634112e-02,2.82187434991559883690e-02,2.59692469274181922390e-02,2.59122394792053956092e-01,5.04420707186503314791e-16,-5.77677706863028578299e-04,-5.49026483166164831068e-04,-5.69817671359934899145e-04,4.38658234017983133385e-03,1.20343168769143117613e-03,2.40594082636979669221e-11,2.38937260199274303463e-11,2.40594082636979669221e-11,True,2.38937260199274303463e-11,True,series tail and order change; rounding and minimizer search are not enclosed
16384,14,joint_window,1.4,1.0599120563717817,64,3.50217097041181160688e-02,2.89311392620483845417e-02,2.65831400597549769027e-02,2.59227514798282321351e-01,5.02956037930866276941e-16,-6.09175998869371758404e-04,-5.82840931214247039843e-04,-6.03255444229039428095e-04,4.03274563511924182685e-03,9.06655627931571999646e-04,2.39418967571300462008e-11,2.37790098746630874786e-11,2.39418967571300462008e-11,True,2.37790098746630874786e-11,True,series tail and order change; rounding and minimizer search are not enclosed
16384,14,joint_window,1.41,1.06033999963158,64,3.56208386440447916099e-02,2.96510314235272458283e-02,2.72018411888168658297e-02,2.59332637222132511567e-01,5.01495216040140455098e-16,-6.41018886799587898906e-04,-6.16876664449762281139e-04,-6.36901594140881072148e-04,3.69766075559699487763e-03,6.30630362671283492201e-04,2.38275554247690454438e-11,2.36673791704687247992e-11,2.38275554247690454438e-11,True,2.36673791704687247992e-11,True,series tail and order change; rounding and minimizer search are not enclosed
16384,14,joint_window,1.42,1.0607679428913785,64,3.62292821451721952508e-02,3.03783180507492742151e-02,2.78252321891283189992e-02,2.59437762065924337751e-01,5.00038232630458423197e-16,-6.73208807734631577147e-04,-6.51146606845910344563e-04,-6.70768422312346956904e-04,3.37973177884384051728e-03,3.73856449514595081795e-04,2.37162251216894820503e-11,2.35586762708333941282e-11,2.37162251216894820503e-11,True,2.35586762708333941282e-11,True,series tail and order change; rounding and minimizer search are not enclosed
16384,14,joint_window,1.43,1.061195886151177,64,3.68469767481871615655e-02,3.11128968318148853289e-02,2.84531957365864104914e-02,2.59542889331977610912e-01,4.98585078834639825724e-16,-7.05748077281809389760e-04,-6.85662837078631313970e-04,-7.04867374211721152422e-04,3.07747246184491988000e-03,1.34945819554832503132e-04,2.36077562445797716324e-11,2.34527531684659945421e-11,2.36077562445797716324e-11,True,2.34527531684659945421e-11,True,series tail and order change; rounding and minimizer search are not enclosed
16384,14,joint_window,1.44,1.0616238294109754,64,3.74738526315067377315e-02,3.18546651481574072395e-02,2.90856153700423461506e-02,2.59648019022612364104e-01,4.97135745802172938090e-16,-7.38638887971287440293e-04,-7.20436642320252187965e-04,-7.39209093518969698189e-04,2.78949785776946151961e-03,-8.73866304671612589752e-05,2.35020080674717287151e-11,2.33494914104334610043e-11,2.35020080674717287151e-11,True,2.33494914104334610043e-11,True,series tail and order change; rounding and minimizer search are not enclosed
16384,14,joint_window,1.45,1.0620517726707739,64,3.81098339335210964385e-02,3.26035201439506330812e-02,2.97223755487164044420e-02,2.59753151140147742204e-01,4.95690224699196227012e-16,-7.71883307954821483443e-04,-7.55478568055498872491e-04,-7.73803472117974913691e-04,2.51451657826225888348e-03,-2.94330801550232365720e-04,2.33988481297521052943e-11,2.32487675062451844148e-11,2.33988481297521052943e-11,True,2.32487675062451844148e-11,True,series tail and order change; rounding and minimizer search are not enclosed
16384,14,joint_window,1.46,1.0624797159305723,64,3.87548390850093252280e-02,3.33593587926093448903e-02,3.03633617056047397376e-02,2.59858285686903223155e-01,4.94248506708480403925e-16,-8.05483280001508157586e-04,-7.90798464256398624117e-04,-8.08659696456701104772e-04,2.25132365017780521066e-03,-4.86988562710487086528e-04,2.32981516720493043776e-11,2.31504268207355435814e-11,2.32981516720493043776e-11,True,2.31504268207355435814e-11,True,series tail and order change; rounding and minimizer search are not enclosed
16384,14,joint_window,1.47,1.0629076591903708,64,3.94087811489098396867e-02,3.41220779604588728140e-02,3.10084602970312796233e-02,2.59963422665198118366e-01,4.92810583029409097889e-16,-8.39440620783455347664e-04,-8.26405528220630972158e-04,-8.43786290579268995204e-04,1.99879391985115445821e-03,-6.66380374974427647228e-04,2.31998011159668149161e-11,2.30543538840384741372e-11,2.31998011159668149161e-11,True,2.30543538840384741372e-11,True,series tail and order change; rounding and minimizer search are not enclosed
16384,14,joint_window,1.48,1.063335602450169,64,4.00715681647266092069e-02,3.48915744676484770870e-02,3.16575588484947351153e-02,2.60068562077351073114e-01,4.91376444877962388119e-16,-8.73757020443109190533e-04,-8.62308344349923573680e-04,-8.79191156106197066467e-04,1.75587596202280023759e-03,-8.33451411926202593433e-04,2.31036855839804078401e-11,2.29604399227312392818e-11,2.31036855839804078401e-11,True,2.29604399227312392818e-11,True,series tail and order change; rounding and minimizer search are not enclosed
16384,14,joint_window,1.49,1.0637635457099675,64,4.07431034950174256193e-02,3.56677451463856612368e-02,3.23105459969631955697e-02,2.60173703925681454319e-01,4.89946083486694025625e-16,-9.08434042432616078999e-04,-8.98514921119465855004e-04,-9.14881609412810346826e-04,1.52158645417836712634e-03,-9.89077215906181052979e-04,2.30097004561300350335e-11,2.28685824088414783599e-11,2.30097004561300350335e-11,True,2.28685824088414783599e-11,True,series tail and order change; rounding and minimizer search are not enclosed
16384,14,joint_window,1.5,1.064191488969766,64,4.14232861715792266555e-02,3.64504868965628142652e-02,3.29673115297581462158e-02,2.60278848212507851745e-01,4.88519490104718121187e-16,-9.43473123614118301672e-04,-9.35032725466107030032e-04,-9.50864416233509514298e-04,1.29500498032646517779e-03,-1.13406892583272581737e-03,2.29177469604260429550e-11,2.27786846433742440046e-11,2.29177469604260429550e-11,True,2.27786846433742440046e-11,True,series tail and order change; rounding and minimizer search are not enclosed
16384,14,joint_window,1.51,1.0646194322295643,64,4.21120112391330930768e-02,3.72396967388561872525e-02,3.36277464201792941623e-02,2.60383994940148633113e-01,4.87096655997687846107e-16,-9.78875574609761392453e-04,-9.71868714803188725460e-04,-9.87145823898901396409e-04,1.07526923121177477721e-03,-1.26917810952595334038e-03,2.28277317941515256421e-11,2.26906553715327778751e-11,2.28277317941515256421e-11,True,2.26906553715327778751e-11,True,series tail and order change; rounding and minimizer search are not enclosed
16384,14,joint_window,1.52,1.0650473754893628,64,4.28091700945199826744e-02,3.80352718653686264205e-02,3.42917428600053933452e-02,2.60489144110922110631e-01,4.85677572447776795372e-16,-1.01464258038854067412e-03,-1.00902936685049252064e-03,-1.02373159139381320754e-03,8.61570570622031050786e-04,-1.39510123081014285329e-03,2.27395667734852997861e-11,2.26044084270357586432e-11,2.27395667734852997861e-11,True,2.26044084270357586432e-11,True,series tail and order change; rounding and minimizer search are not enclosed
16384,14,joint_window,1.53,1.0654753187491612,64,4.35146508196177367322e-02,3.88371096878890251225e-02,3.49591942890113693831e-02,2.60594295727147373665e-01,4.84262230753661041069e-16,-1.05077520107715264436e-03,-1.04652070745149625847e-03,-1.06062701740800100630e-03,6.53149939900973678167e-04,-1.51248377922912091188e-03,2.26531685090904443584e-11,2.25198624031446740182e-11,2.26531685090904443584e-11,True,2.25198624031446740182e-11,True,series tail and order change; rounding and minimizer search are not enclosed
16384,14,joint_window,1.54,1.0659032620089597,64,4.42283385064104125894e-02,3.96451078838439621710e-02,3.56299954216368827686e-02,2.60699449791141457666e-01,4.82850622230500101113e-16,-1.08727437298109484709e-03,-1.08434833653470261844e-03,-1.09783696653570524149e-03,4.49294074959126455652e-04,-1.62192408799386529779e-03,2.25684581055165752029e-11,2.24369403482096306892e-11,2.25684581055165752029e-11,True,2.24369403482096306892e-11,True,series tail and order change; rounding and minimizer search are not enclosed
16384,14,joint_window,1.55,1.0663312052687581,64,4.49501155728456308625e-02,4.04591644400105407420e-02,3.63040422709360877107e-02,2.60804606305222896889e-01,4.81442738209918696842e-16,-1.12414090980234634282e-03,-1.12251745236237321368e-03,-1.13536589376686536390e-03,2.49332012106744647408e-04,-1.72397686376243538565e-03,2.24853608824499952458e-11,2.23555694837232721861e-11,2.24853608824499952458e-11,True,2.23555694837232721861e-11,True,series tail and order change; rounding and minimizer search are not enclosed
16384,14,joint_window,1.56,1.0667591485285566,64,4.56798620683259645747e-02,4.12791776940640564586e-02,3.69812321699384688456e-02,2.60909765271709503942e-01,4.80038570039987524531e-16,-1.16137550403956710948e-03,-1.16103287419735100305e-03,-1.17321786740040394370e-03,5.26318608761677743293e-05,-1.81915645004732161663e-03,2.24038061160163183411e-11,2.22756809430381466553e-11,2.24038061160163183411e-11,True,2.22756809430381466553e-11,True,series tail and order change; rounding and minimizer search are not enclosed
16384,14,joint_window,1.57,1.067187091788355,64,4.64174559678757758796e-02,4.21050463740275868196e-02,3.76614637905429636144e-02,2.61014926692918369788e-01,4.78638109085204618552e-16,-1.19897872855659164137e-03,-1.19989906350758280401e-03,-1.21139659049849905681e-03,-1.41402176359708763942e-04,-1.90793984434091835195e-03,2.23237586814829402337e-11,2.21972095290580113813e-11,2.23237586814829402337e-11,True,2.21972095290580113813e-11,True,series tail and order change; rounding and minimizer search are not enclosed
16384,14,joint_window,1.58,1.0676150350481535,64,4.71627734542193477463e-02,4.29366696356951807467e-02,3.83446371600660515511e-02,2.61120090571167862148e-01,4.77241346726477207574e-16,-1.23695103830553671670e-03,-1.23912014381780035549e-03,-1.24990542099108047774e-03,-3.33332556555534012793e-04,-1.99076948751112248887e-03,2.22451342871317319610e-11,2.21200934893549570693e-11,2.22451342871317319610e-11,True,2.21200934893549570693e-11,True,series tail and order change; rounding and minimizer search are not enclosed
16384,14,joint_window,1.59,1.068042978307952,64,4.79156891871761261847e-02,4.37739470980927011801e-02,3.90306536755624378099e-02,2.61225256908774572384e-01,4.75848274361102091648e-16,-1.27529277219037059238e-03,-1.27869991930851766015e-03,-1.28874739053008377510e-03,-5.23690937204467727925e-04,-2.06805584263084233851e-03,2.21678609242987686866e-11,2.20442743072959957298e-11,2.21678609242987686866e-11,True,2.20442743072959957298e-11,True,series tail and order change; rounding and minimizer search are not enclosed
16384,14,joint_window,1.6,1.0684709215677504,64,4.86760765599530825787e-02,4.46167788770458970116e-02,3.97194161160304426428e-02,2.61330425708056091061e-01,4.74458883402747399801e-16,-1.31400415505756630596e-03,-1.31864189225429015440e-03,-1.32792522218510861826e-03,-7.12980522494718383687e-04,-2.14017977910117103077e-03,2.20918815803474183951e-11,2.19696965078830138486e-11,2.20918815803474183951e-11,True,2.19696965078830138486e-11,True,series tail and order change; rounding and minimizer search are not enclosed
16384,14,joint_window,1.61,1.0688988648275488,64,4.94438079420576048761e-02,4.54650656169174258170e-02,4.04108286526081370016e-02,2.61435596971329231586e-01,4.73073165281433262938e-16,-1.35308529980066472725e-03,-1.35894927938524489458e-03,-1.36744134706417823366e-03,-9.01678229088551672424e-04,-2.20749477669995733745e-03,2.20171421455071766380e-11,2.18963074771215908244e-11,2.20171421455071766380e-11,True,2.18963074771215908244e-11,True,series tail and order change; rounding and minimizer search are not enclosed
16384,14,joint_window,1.62,1.0693268080873473,64,5.02187549086961296241e-02,4.63187085205789758624e-02,4.11047968568753682717e-02,2.61540770700910751856e-01,4.71691111443513670048e-16,-1.39253620956566494249e-03,-1.39962502724957568723e-03,-1.40729791993664775374e-03,-1.09023668523887417615e-03,-2.27032896317414098139e-03,2.19435912453486189392e-11,2.18240572938357416922e-11,2.19435912453486189392e-11,True,2.18240572938357416922e-11,True,series tail and order change; rounding and minimizer search are not enclosed
16384,14,joint_window,1.63,1.0697547513471457,64,5.10007884566429647855e-02,4.71776093776780924838e-02,4.18012277073507507175e-02,2.61645946899117576301e-01,4.70312713351656746674e-16,-1.43235678004534610491e-03,-1.44067182664766625655e-03,-1.44749683392890200057e-03,-1.27908607571638154032e-03,-2.32898699784775354768e-03,2.18711800843817901710e-11,2.17528985729394344482e-11,2.18711800843817901710e-11,True,2.17528985729394344482e-11,True,series tail and order change; rounding and minimizer search are not enclosed
16384,14,joint_window,1.64,1.0701826946069442,64,5.17897792066754070195e-02,4.80416705912629915520e-02,4.25000295942937547644e-02,2.61751125568266018728e-01,4.68937962484826413905e-16,-1.47254680185016605110e-03,-1.48209212620353109058e-03,-1.48803973435779248596e-03,-1.46863584434550500761e-03,-2.38375181293225659254e-03,2.17998622999194141939e-11,2.16827863192614424192e-11,2.17998622999194141939e-11,True,2.16827863192614424192e-11,True,series tail and order change; rounding and minimizer search are not enclosed
16384,14,joint_window,1.65,1.0706106378667426,64,5.25855975927578891960e-02,4.89107952028217524143e-02,4.32011123228990684408e-02,2.61856306710672948057e-01,4.67566850338263061279e-16,-1.51310596294491461061e-03,-1.52388814513337075146e-03,-1.52892803176172317053e-03,-1.65927626482339227523e-03,-2.43488622323279188184e-03,2.17295938254214221604e-11,2.16136777910984157855e-11,2.17295938254214221604e-11,True,2.16136777910984157855e-11,True,series tail and order change; rounding and minimizer search are not enclosed
16384,14,joint_window,1.66,1.071038581126541,64,5.33881140382525473664e-02,4.97848869157965778776e-02,4.39043871149781134156e-02,2.61961490328654289517e-01,4.66199368423464909942e-16,-1.55403385114002891981e-03,-1.56606188526686295609e-03,-1.57016291418424127485e-03,-1.85137988991196421676e-03,-2.48263441422456442725e-03,2.16603327626047195666e-11,2.15455323727424200782e-11,2.16603327626047195666e-11,True,2.15455323727424200782e-11,True,series tail and order change; rounding and minimizer search are not enclosed
16384,14,joint_window,1.67,1.0714665243863395,64,5.41971991194841809514e-02,5.06638501176267727621e-02,4.46097666092165959228e-02,2.62066676424526023848e-01,4.64835508268168685562e-16,-1.59532995662777562357e-03,-1.60861514237202983535e-03,-1.61174535876089462111e-03,-2.04530288817318574995e-03,-2.52722331765901486039e-03,2.15920392616641312947e-11,2.14783114552951312794e-11,2.15920392616641312947e-11,True,2.14783114552951312794e-11,True,series tail and order change; rounding and minimizer search are not enclosed
16384,14,joint_window,1.68,1.071894467646138,64,5.50127237170483507356e-02,5.15475899003779644558e-02,4.53171648600838375409e-02,2.62171865000604353835e-01,4.63475261416330882878e-16,-1.63699367455347882805e-03,-1.65154951683075656294e-03,-1.65367614265636564408e-03,-2.24138627685628892203e-03,-2.56886388330005138031e-03,2.15246754090064052082e-11,2.14119783251396037441e-11,2.15246754090064052082e-11,True,2.14119783251396037441e-11,True,series tail and order change; rounding and minimizer search are not enclosed
16384,14,joint_window,1.69,1.0723224109059364,64,5.58345591553188469458e-02,5.24360120800083373549e-02,4.60264973354906625769e-02,2.62277056059204927152e-01,4.62118619428108537216e-16,-1.67902430761312886076e-03,-1.69486642370859138390e-03,-1.69595585339453718693e-03,-2.43995705885049780220e-03,-2.60775225455522592991e-03,2.14582051219493996215e-11,2.13464980594953084926e-11,2.14582051219493996215e-11,True,2.13464980594953084926e-11,True,series tail and order change; rounding and minimizer search are not enclosed
16384,14,joint_window,1.7,1.0727503541657348,64,5.66625773306010729891e-02,5.33290232143265527376e-02,4.67376809132569459582e-02,2.62382249602643391473e-01,4.60765573879839897400e-16,-1.72142106866887516226e-03,-1.73856710225859037444e-03,-1.73858489862179985130e-03,-2.64132927100757834357e-03,-2.64407085539151856871e-03,2.13925940498857324941e-11,2.12818374285312338817e-11,2.13925940498857324941e-11,True,2.12818374285312338817e-11,True,series tail and order change; rounding and minimizer search are not enclosed
16384,14,joint_window,1.75,1.074890070464727,64,6.08909796013753987221e-02,5.78596966631136633286e-02,5.03185540856484619932e-02,2.62908254673440811011e-01,4.54053999039946439147e-16,-1.93886328656980334861e-03,-1.96285922755005167589e-03,-1.95697294111694432284e-03,-3.70041108940666113244e-03,-2.79266223725018174900e-03,2.10763346470518656716e-11,2.09697731477228974048e-11,2.10763346470518656716e-11,True,2.09697731477228974048e-11,True,series tail and order change; rounding and minimizer search are not enclosed
16384,14,joint_window,1.8,1.077029786763719,64,6.52552413966478589424e-02,6.24915301626525199197e-02,5.39340363497120001135e-02,2.63434322212443228217e-01,4.47431080920522833493e-16,-2.16529356270358207259e-03,-2.19684484560609717685e-03,-2.18406691431829134975e-03,-4.87067415199455948371e-03,-2.89804617699823902424e-03,2.07772511337436775157e-11,2.06740427640214196131e-11,2.07772511337436775157e-11,True,2.06740427640214196131e-11,True,series tail and order change; rounding and minimizer search are not enclosed
16384,14,joint_window,1.85,1.0791695030627113,64,6.97405283312144269603e-02,6.72137578074278319029e-02,5.75752792377345820607e-02,2.63960452508934018123e-01,4.40895784652972638080e-16,-2.40052802478293164645e-03,-2.44052697702079601783e-03,-2.41976282355189399598e-03,-6.18140368886123219017e-03,-2.97243388254379023797e-03,2.04925301901019489531e-11,2.03919356632732902459e-11,2.04925301901019489531e-11,True,2.03919356632732902459e-11,True,series tail and order change; rounding and minimizer search are not enclosed
16384,14,joint_window,1.9,1.0813092193617035,64,7.43328762823657340775e-02,7.20161569223675968043e-02,6.12342452895930991486e-02,2.64486645852102741916e-01,4.34447085337799776398e-16,-2.64434562951251957152e-03,-2.69384878682395710603e-03,-2.66389610806523971509e-03,-7.65851179972092295511e-03,-3.02446633518561273229e-03,2.02199370632701870324e-11,2.01213035838352949920e-11,2.02199370632701870324e-11,True,2.01213035838352949920e-11,True,series tail and order change; rounding and minimizer search are not enclosed
16384,14,joint_window,1.95,1.0834489356606958,64,7.90192537028376468244e-02,7.68890598598316876711e-02,6.49036650084836852503e-02,2.65012902531044147736e-01,4.28083967983897112262e-16,-2.89649517637526575375e-03,-2.95670707486943643016e-03,-2.91625581332737721096e-03,-9.32552544927782965656e-03,-3.06030507312835030678e-03,1.99576856948303343229e-11,1.98604337055901040854e-11,1.99576856948303343229e-11,True,1.98604337055901040854e-11,True,series tail and order change; rounding and minimizer search are not enclosed
16384,14,joint_window,2.0,1.085588651959688,64,8.37875717905496864013e-02,8.18233563080413839330e-02,6.85769896467879336299e-02,2.65539222834760779701e-01,4.21805427447516472398e-16,-3.15670158039641976511e-03,-3.22896281344634168697e-03,-3.17659575065924563997e-03,-1.12042373483379458649e-02,-3.08437732109222021229e-03,1.97043401247269763754e-11,1.96079525140317503870e-11,1.97043401247269763754e-11,True,1.96079525140317503870e-11,True,series tail and order change; rounding and minimizer search are not enclosed
16384,14,joint_window,2.05,1.0877283682586802,64,8.86266623211474369182e-02,8.68104881734385325220e-02,7.22483419924782044319e-02,2.66065607052162034218e-01,4.15610468370935549234e-16,-3.42467137905502067019e-03,-3.51044945100812549876e-03,-3.44464335958905194801e-03,-1.33151327620514570160e-02,-3.09988793799016726371e-03,1.94587390973906997827e-11,1.93627523968055098977e-11,1.94587390973906997827e-11,True,1.93627523968055098977e-11,True,series tail and order change; rounding and minimizer search are not enclosed
16384,14,joint_window,2.1,1.0898680845576725,64,9.35262367894264950996e-02,9.18424387496587640856e-02,7.59124667698177352237e-02,2.66592055472065381228e-01,4.09498105120841553307e-16,-3.70009749930642374560e-03,-3.80097950413498322786e-03,-3.72010679400074616152e-03,-1.56776677336549416508e-02,-3.10917346721657121902e-03,1.92199380554651119045e-11,1.91239352289374866138e-11,1.92199380554651119045e-11,True,1.91239352289374866138e-11,True,series tail and order change; rounding and minimizer search are not enclosed
16384,14,joint_window,2.15,1.0920078008566645,64,9.84768358577947783283e-02,9.69117175846899298053e-02,7.95646818249699655512e-02,2.67118568383196142157e-01,4.03467361726449266075e-16,-3.98266333878539817437e-03,-4.10034982251611737625e-03,-4.00268061770892025208e-03,-1.83104490957782563287e-02,-3.11394874174242188708e-03,1.89871642662457626852e-11,1.88907687672425297621e-11,1.89871642662457626852e-11,True,1.88907687672425297621e-11,True,series tail and order change; rounding and minimizer search are not enclosed
16384,14,joint_window,2.2,1.0941475171556567,64,1.03469774820407658944e-01,1.02011342201188431877e-01,8.32008309192859424330e-02,2.67645146074189599350e-01,3.97517271817369368948e-16,-4.27204622828779995158e-03,-4.40834581445733938998e-03,-4.29205039921773910672e-03,-2.12313498800251916621e-02,-3.11547994694788728254e-03,1.87597819300529532964e-11,1.86626527699730721951e-11,1.87597819300529532964e-11,True,1.86626527699730721951e-11,True,series tail and order change; rounding and minimizer search are not enclosed
16384,14,joint_window,2.25,1.096287233454649,64,1.08497088565170457519e-01,1.07134817608010760037e-01,8.68172386835180942555e-02,2.68171788833589830325e-01,3.91646878561253623284e-16,-4.56792034623352584399e-03,-4.72474485050626905047e-03,-4.58789642650825162107e-03,-2.44575825554176722043e-02,-3.11470701626868082604e-03,1.85372649167790995426e-11,1.84390925429028785951e-11,1.85372649167790995426e-11,True,1.84390925429028785951e-11,True,series tail and order change; rounding and minimizer search are not enclosed
16384,14,joint_window,2.3,1.0984269497536412,64,1.13551478059155969147e-01,1.12276114359001089049e-01,9.04106680802453516188e-02,2.68698496949850818005e-01,3.85855234601220549844e-16,-4.86995915391958550389e-03,-5.04931901185383044672e-03,-4.88989671242436724219e-03,-2.80057450624277108620e-02,-3.11233087264621522891e-03,1.83191753604379934752e-11,1.82196781852737854866e-11,1.83191753604379934752e-11,True,1.82196781852737854866e-11,True,series tail and order change; rounding and minimizer search are not enclosed
16384,14,joint_window,2.35,1.1005666660526334,64,1.18626259456447377683e-01,1.17429645763193715724e-01,9.39782805666283804769e-02,2.69225270711337283380e-01,3.80141401993089809478e-16,-5.17783741553896198484e-03,-5.38183731256560056455e-03,-5.19772942401776349985e-03,-3.18918496169717929911e-02,-3.10887609891740942028e-03,1.81051467732074156112e-11,1.80040682311178094619e-11,1.81051467732074156112e-11,True,1.80040682311178094619e-11,True,series tail and order change; rounding and minimizer search are not enclosed
16384,14,joint_window,2.4,1.1027063823516257,64,1.23715316353667031946e-01,1.22590244724639266249e-01,9.75175990346632409755e-02,2.69752110406325518177e-01,3.74504452142436279784e-16,-5.49123286078458464066e-03,-5.72206749659245374195e-03,-5.51107484128930680267e-03,-3.61313409120019579657e-02,-3.10473630412183305288e-03,1.78948706620917823720e-11,1.77919766954458969556e-11,1.78948706620917823720e-11,True,1.77919766954458969556e-11,True,series tail and order change; rounding and minimizer search are not enclosed
16384,14,joint_window,2.45,1.104846098650618,64,1.28813055373048018781e-01,1.27753140586093744124e-01,1.01026473522633053470e-01,2.70279016323002774236e-01,3.68943465741481478514e-16,-5.80982754133371401273e-03,-6.06977748925304448624e-03,-5.82961692952865123685e-03,-4.07391080951695142010e-02,-3.10020721008392313722e-03,1.76880858723203807703e-11,1.75831627698218202434e-11,1.76880858723203807703e-11,True,1.75831627698218202434e-11,True,series tail and order change; rounding and minimizer search are not enclosed
16384,14,joint_window,2.5,1.10698581494961,64,1.33914365052592798655e-01,1.32913936265456444907e-01,1.04503049632363009813e-01,2.70805988749468484755e-01,3.63457532705838505374e-16,-6.13330892615632922160e-03,-6.42473656662598952005e-03,-6.15304459310354878721e-03,-4.57294933871323847074e-02,-3.09551095773856824178e-03,1.74845700629858184827e-11,1.73774225886413278572e-11,1.74845700629858184827e-11,True,1.73774225886413278572e-11,True,series tail and order change; rounding and minimizer search are not enclosed
16384,14,joint_window,2.55,1.1091255312486021,64,1.39014577912486975153e-01,1.38068585904091045702e-01,1.07945739546522992414e-01,2.71333027973734985938e-01,3.58045752111122680246e-16,-6.46137077469781731520e-03,-6.78671629373248271044e-03,-6.48105266581057784525e-03,-5.11162991845843447947e-02,-3.09081408795146067234e-03,1.72841328575100182326e-11,1.71745826210058505833e-11,1.72841328575100182326e-11,True,1.71745826210058505833e-11,True,series tail and order change; rounding and minimizer search are not enclosed
16384,14,joint_window,2.6,1.1112652475475944,64,1.44109435511516670303e-01,1.43213373189468889946e-01,1.11353195514048083914e-01,2.71860134283727961080e-01,3.52707232129450606900e-16,-6.79371382166696347049e-03,-7.15549127259365938536e-03,-6.81334268286367186751e-03,-5.69127948049539186814e-02,-3.08624093162554588229e-03,1.70866103155236668543e-11,1.69744943443876558691e-11,1.70866103155236668543e-11,True,1.69744943443876558691e-11,True,series tail and order change; rounding and minimizer search are not enclosed
16384,14,joint_window,2.65,1.1134049638465866,64,1.49195056284561533566e-01,1.48344890468757012458e-01,1.14724285656254379462e-01,2.72387307967286385058e-01,3.47441089965832493971e-16,-7.13004630244911882797e-03,-7.53083973354013933021e-03,-7.14962347161600744738e-03,-6.31317235686268407591e-02,-3.08188364450582815215e-03,1.68918604519420542150e-11,1.67770299334165655705e-11,1.68918604519420542150e-11,True,1.67770299334165655705e-11,True,series tail and order change; rounding and minimizer search are not enclosed
16384,14,joint_window,2.7,1.1155446801455788,64,1.54267905948297034957e-01,1.53460018733127756541e-01,1.18058071938586958693e-01,2.72914549312163745576e-01,3.42246451794478736603e-16,-7.47008434404188362277e-03,-7.91254399703404665001e-03,-7.48961159169922105483e-03,-6.97853106063605482801e-02,-3.07780977231667625046e-03,1.66997595895658836652e-11,1.65820787560734723164e-11,1.66997595895658836652e-11,True,1.65820787560734723164e-11,True,series tail and order change; rounding and minimizer search are not enclosed
16384,14,joint_window,2.75,1.117684396444571,64,1.59324770268769649872e-01,1.58555908523191041448e-01,1.21353790151060916824e-01,2.73441858606028154188e-01,3.37122452695033479170e-16,-7.81355224283286631248e-03,-8.30039082837687527960e-03,-7.83303165007791929453e-03,-7.68852715762146921019e-02,-3.07406798602408897272e-03,1.65101993779995694629e-11,1.63895445148112438432e-11,1.65101993779995694629e-11,True,1.63895445148112438432e-11,True,series tail and order change; rounding and minimizer search are not enclosed
16384,14,joint_window,2.8,1.119824112743563,64,1.64362729996279183231e-01,1.63629961782674804294e-01,1.24610831742642036435e-01,2.73969236136463345499e-01,3.32068236588748175252e-16,-8.16018264744629642782e-03,-8.69417170374192291304e-03,-8.17961651228455571827e-03,-8.44428223425728458063e-02,-3.07069245265856284252e-03,1.63230843474821365736e-11,1.61993429049706139027e-11,1.63230843474821365736e-11,True,1.61993429049706139027e-11,True,series tail and order change; rounding and minimizer search are not enclosed
16384,14,joint_window,2.85,1.1219638290425553,64,1.69379137787068867471e-01,1.68679814669232402968e-01,1.27828727359834581900e-01,2.74496682190968788184e-01,3.27082956174606041028e-16,-8.50971666222976805272e-03,-9.09368300278516616952e-03,-8.52910742762712226206e-03,-9.24686895860455798646e-02,-3.06770618210255776453e-03,1.61383298939227984518e-11,1.60113996898099055305e-11,1.61383298939227984518e-11,True,1.60113996898099055305e-11,True,series tail and order change; rounding and minimizer search are not enclosed
16384,14,joint_window,2.9,1.1241035453415475,64,1.74371596945914753007e-01,1.73703321317092956866e-01,1.31007131946622723540e-01,2.75024197056959851526e-01,3.22165772865418849229e-16,-8.86190388466558467973e-03,-9.49872614049302940731e-03,-8.88125408329499752003e-03,-1.00973122263266421039e-01,-3.06512360144838361120e-03,1.59558606129491996438e-11,1.58256491123978743092e-11,1.59558606129491996438e-11,True,1.58256491123978743092e-11,True,series tail and order change; rounding and minimizer search are not enclosed
16384,14,joint_window,2.95,1.1262432616405398,64,1.79337941837988096294e-01,1.78698538535488310464e-01,1.34145811270954845584e-01,2.75551781021769415236e-01,3.17315856723897246950e-16,-9.21650238803835286650e-03,-9.90910764880419125955e-03,-9.23581459990636260970e-03,-1.09965903807459491892e-01,-3.06295254279912755602e-03,1.57756089175566801345e-11,1.56420325809375202235e-11,1.57756089175566801345e-11,True,1.56420325809375202235e-11,True,series tail and order change; rounding and minimizer search are not enclosed
16384,14,joint_window,3.0,1.128382977939532,64,1.84276219831708193420e-01,1.83663711418659059138e-01,1.37244629751622493341e-01,2.76079434372647147811e-01,3.12532386398715847256e-16,-9.57327865901242552882e-03,-1.03246392167940861939e-02,-9.59255547905740746373e-03,-1.19456364947760074191e-01,-3.06119578365579092863e-03,1.55975138870904531743e-11,1.54604975768659139002e-11,1.55975138870904531743e-11,True,1.54604975768659139002e-11,True,series tail and order change; rounding and minimizer search are not enclosed
16384,14,fixed_power,0.23367583835085945,1.01,96,8.89353080292656916761e-03,8.89030870783047040376e-10,8.89030859748090814317e-10,2.46982802406764012648e-01,7.02210792393058841393e-16,1.64209325099220451900e-03,2.41145934569573811013e-01,2.41145934569532455205e-01,2.64470443079867010283e+01,2.64470443079833401612e+01,4.07090904126677745780e-08,4.07090904119550426750e-08,7.27255198285092774313e-08,True,7.27255233812229562318e-08,True,series tail and order change; rounding and minimizer search are not enclosed
16384,14,fixed_power,0.4673516767017189,1.02,64,1.05265516565134411436e-02,2.86903264877213845367e-05,2.86841787357967439626e-05,2.49433602775279067432e-01,6.57367441407962136636e-16,1.32351614188757835122e-03,1.60268122768635307152e-01,1.60254768133845038047e-01,1.93241075535427881960e+01,1.93227976585086871353e+01,3.36081640170045263024e-09,3.36011903089194037068e-09,1.30342030502106354106e-08,True,1.30318227320458390750e-08,True,series tail and order change; rounding and minimizer search are not enclosed
16384,14,fixed_power,0.7010275150525783,1.03,64,1.29742156023888999261e-02,9.13411442080404008606e-04,9.09013631898211238794e-04,2.51885604726352130278e-01,6.15119179317306829544e-16,9.66353183121552083631e-04,8.43951167112826777794e-03,8.39879787203879311919e-03,1.11789032158271894879e+00,1.11186776613918114620e+00,1.29340977213483326366e-10,1.28837626693949995648e-10,5.51183987340664316434e-10,True,5.48374012865338045231e-10,True,series tail and order change; rounding and minimizer search are not enclosed
16384,14,fixed_power,1.1683791917542972,1.05,64,2.37839610862310181505e-02,1.45544472101400926972e-02,1.38470565024270790555e-02,2.56793332426625109388e-01,5.37886872588731785396e-16,3.83634289172008272062e-05,1.86803189455199501051e-04,1.59833313761111560358e-04,2.26306165882238195797e-02,1.85196433533469546895e-02,2.79997008925776781198e-11,2.77494723185522881060e-11,2.79997008925776781198e-11,True,2.77494723185522881060e-11,True,series tail and order change; rounding and minimizer search are not enclosed
16384,14,fixed_power,1.7525687876314433,1.075,64,6.11120162323116819514e-02,5.80952896668537818736e-02,5.05035378848362956350e-02,2.62935280264485649049e-01,4.53711590116804997635e-16,-1.95027868745881183266e-03,-1.97464388864967456405e-03,-1.96842851302191784724e-03,-3.75755768450901491903e-03,-2.79900675907332778178e-03,2.10605772757029556482e-11,2.09542076111188859218e-11,2.10605772757029556482e-11,True,2.09542076111188859218e-11,True,series tail and order change; rounding and minimizer search are not enclosed
16384,14,fixed_power,2.3367583835085943,1.1,64,1.17280662205436994605e-01,1.16063931192650182656e-01,9.30361202314286123150e-02,2.69085757582120721487e-01,3.81647087259406181161e-16,-5.09575105106009965117e-03,-5.29301543938974147774e-03,-5.11565565041751171838e-03,-3.08289058971790395913e-02,-3.10987190274446181210e-03,1.81614514248006578934e-11,1.80608153475794634599e-11,1.81614514248006578934e-11,True,1.80608153475794634599e-11,True,series tail and order change; rounding and minimizer search are not enclosed
16384,14,fixed_power,3.5051375752628866,1.15,64,2.32277302685904019075e-01,2.31857402815325880363e-01,1.66338193807252343603e-01,2.81414141449873145273e-01,2.67753125767527484985e-16,-1.32529571697602779889e-02,-1.47726442943123918716e-02,-1.32720132545768310095e-02,-2.45052333881997375098e-01,-3.06541093350798333692e-03,1.39087736394211693764e-11,1.37343433776819503221e-11,1.39087736394211693764e-11,True,1.37343433776819503221e-11,True,series tail and order change; rounding and minimizer search are not enclosed
16384,14,fixed_power,4.673516767017183,1.2,64,3.27907751632949495679e-01,3.27680000000000026805e-01,2.19929072016202736828e-01,2.93782149799831859838e-01,1.85660647477735116084e-16,-2.16212191593930236344e-02,-2.62076368918959592968e-02,-2.16404370820799385466e-02,-7.65944593664585227089e-01,-3.18515258032452596923e-03,1.06467575348413990574e-11,1.03865225911789394249e-11,1.06467575348413990574e-11,True,1.03865225911789394249e-11,True,series tail and order change; rounding and minimizer search are not enclosed
16384,14,fixed_power,5.841895958771481,1.25,64,4.03388526571565042556e-01,4.03237402439117431641e-01,2.59180357765401492287e-01,3.06193425614168013293e-01,1.27158890281189772502e-16,-2.89261143863784181418e-02,-3.83463739921487481443e-02,-2.89459719538168874786e-02,-1.63251911745711097979e+00,-3.38612873843000547827e-03,8.10151477483770398225e-12,7.77786859469307278970e-12,8.10151477483770398225e-12,True,7.77786859469307278970e-12,True,series tail and order change; rounding and minimizer search are not enclosed
16384,14,fixed_power,7.0102751505257785,1.3,64,4.63145447674731869370e-01,4.63033551265942477926e-01,2.88789010916076727131e-01,3.18651592588365506487e-01,8.59502543425497381873e-17,-3.47453961380870257614e-02,-5.05764896209757799928e-02,-3.47660970849252848325e-02,-2.84996330486603044463e+00,-3.62351580717543402671e-03,6.11595069565653681002e-12,5.75888771466186016210e-12,6.11595069565653681002e-12,True,5.75888771466186016210e-12,True,series tail and order change; rounding and minimizer search are not enclosed
16384,14,fixed_power,9.347033534034367,1.4,64,5.50407536788172224718e-01,5.50334077948180566686e-01,3.30145309393032881928e-01,3.43723018532124391378e-01,3.75641078659009409959e-17,-4.17481816947347650348e-02,-7.42126548819634079823e-02,-4.17707717002701317544e-02,-6.31576718790072799692e+00,-4.13384668330087773347e-03,3.37920776095144238261e-12,3.03575894518933220940e-12,3.37920776095144238261e-12,True,3.03575894518933220940e-12,True,series tail and order change; rounding and minimizer search are not enclosed
16384,14,fixed_power,11.683791917542962,1.5,64,6.10406661551971208013e-01,6.10351562500000000000e-01,3.57509534293642405878e-01,3.69025157164765693629e-01,1.52863260928892972912e-17,-4.32024048481125105825e-02,-9.60203278714110430858e-02,-4.32269001625656540400e-02,-1.11100141276679398317e+01,-4.63749279596797469444e-03,1.77089554492770012310e-12,1.51049610658653977494e-12,1.77089554492770012310e-12,True,1.51049610658653977494e-12,True,series tail and order change; rounding and minimizer search are not enclosed
65536,16,joint_window,0.0,1.0,96,3.86330434612580479736e-03,0.00000000000000000000e+00,0.00000000000000000000e+00,2.44533173793497621284e-01,7.49786258826540693388e-16,9.66572697352058762994e-04,2.38748120932375240688e-01,2.38748120932375240688e-01,2.62621675161244958474e+01,2.62621675161244958474e+01,4.27475635603945656885e-08,4.27475635603945656885e-08,7.62022267508655204438e-08,True,7.62022267508655204438e-08,True,series tail and order change; rounding and minimizer search are not enclosed
65536,16,joint_window,0.05,1.001872251761618,96,3.97389250737436878352e-03,6.33564770246245232793e-49,6.33564770246101204021e-49,2.44991718161070626270e-01,7.40664580388830874302e-16,9.36565222148461290312e-04,2.39197491187565197679e-01,2.39197491187565197679e-01,2.63141374067162630013e+01,2.63141374067162630013e+01,4.23764234521479086936e-08,4.23764234521479086936e-08,7.55403739560733811231e-08,True,7.55403739560733811231e-08,True,series tail and order change; rounding and minimizer search are not enclosed
65536,16,joint_window,0.1,1.0037445035232364,96,4.09178852119179009561e-03,7.65928565282721295836e-25,7.65928565282721295836e-25,2.45450302751479804142e-01,7.31642702161834853371e-16,9.06102539496747290231e-04,2.39646945976649233812e-01,2.39646945976649233812e-01,2.63661454969707875762e+01,2.63661454969707875762e+01,4.20078424529013475077e-08,4.20078424529013475077e-08,7.48829833696618152317e-08,True,7.48829833696618152317e-08,True,series tail and order change; rounding and minimizer search are not enclosed
65536,16,joint_window,0.15,1.0056167552848545,96,4.21779460330191403872e-03,8.15929078588684719969e-17,8.15929078588678926772e-17,2.45908927760903700532e-01,7.22719680672853580340e-16,8.75147709262585568081e-04,2.40096485676878995674e-01,2.40096485676878995674e-01,2.64181958170517638962e+01,2.64181958170517638962e+01,4.16418111180661482748e-08,4.16418111180661482748e-08,7.42300301226350711659e-08,True,7.42300301226350711659e-08,True,series tail and order change; rounding and minimizer search are not enclosed
65536,16,joint_window,0.2,1.0074890070464726,96,4.35283392184120185991e-03,8.42138028591366647684e-13,8.42138028578387828444e-13,2.46367593385454636268e-01,7.13894579297030875413e-16,8.43659941967869774805e-04,2.40546098082205422886e-01,2.40546098082205422886e-01,2.64702917997405329231e+01,2.64702917997405329231e+01,4.12780994103655683658e-08,4.12780994103655617483e-08,7.35811802599073416786e-08,True,7.35811802599073416786e-08,True,series tail and order change; rounding and minimizer search are not enclosed
65536,16,joint_window,0.25,1.009361258808091,96,4.49797347742733437392e-03,2.15586140107389185165e-10,2.15586139417325830810e-10,2.46826299821178929417e-01,7.05166468239659279141e-16,8.11594041363151844949e-04,2.40992592737072575115e-01,2.40992592737062277797e-01,2.65221794892810862621e+01,2.65221794892802478216e+01,4.08613981444868658075e-08,4.08613981443078903928e-08,7.28602636002051440300e-08,True,7.28602671529188228305e-08,True,series tail and order change; rounding and minimizer search are not enclosed
65536,16,joint_window,0.3,1.011233510569709,96,4.65445208786268230239e-03,8.69184031465344306682e-09,8.69183936756378427785e-09,2.47285047264056256910e-01,6.96534424517907765886e-16,7.78899747709454678968e-04,2.41315245584256238276e-01,2.41315245570055125768e-01,2.65640754791787010447e+01,2.65640754780269894297e+01,3.84006019892647968098e-08,3.84006017625875172333e-08,6.93026329656731832074e-08,True,6.93026258602458256064e-08,True,series tail and order change; rounding and minimizer search are not enclosed
65536,16,joint_window,0.35,1.0131057623313273,96,4.82371474514790236215e-03,1.21868163381651471965e-07,1.21868001713168833136e-07,2.47743835910001375389e-01,6.87997531941976842873e-16,7.45520961533571897839e-04,2.40072006536980103730e-01,2.40072004129235239134e-01,2.64788860635190879123e+01,2.64788858676655181057e+01,2.04546384389957300245e-08,2.04546226642542243139e-08,4.19312264909876830643e-08,True,4.19311945165645738598e-08,True,series tail and order change; rounding and minimizer search are not enclosed
65536,16,joint_window,0.4,1.0149780140929454,64,5.00745493598543731789e-03,8.83026137630484212352e-07,8.83018615380175631089e-07,2.48202665954863982423e-01,6.79554881095721365338e-16,7.11394823356550323919e-04,2.29487292964322991962e-01,2.29487187114232549234e-01,2.56233338048332441872e+01,2.56233249871730563996e+01,2.68857044452975039533e-08,2.68854777087148049605e-08,9.15516551458495086990e-08,True,9.15509126286906393943e-08,True,series tail and order change; rounding and minimizer search are not enclosed
65536,16,joint_window,0.45,1.0168502658545635,64,5.20766691033670067051e-03,4.12027966855591503564e-06,4.12013224527048528063e-06,2.48661537594428355691e-01,6.71205569316725290576e-16,6.76450619658658901245e-04,1.89560822221897545825e-01,1.89559206186660805793e-01,2.21564231711608314868e+01,2.21562756079630567285e+01,5.82783203065152536764e-09,5.82762779239484249899e-09,2.14419237920537852915e-08,True,2.14412416710274555953e-08,True,series tail and order change; rounding and minimizer search are not enclosed
65536,16,joint_window,0.5,1.0187225176161818,64,5.42671034569965418659e-03,1.41282614116089046656e-05,1.41266819907237869942e-05,2.49120451024414268915e-01,6.62948700675866334794e-16,6.40608480161423618493e-04,1.13020794807246652280e-01,1.13012599499146049187e-01,1.44903351387458574351e+01,1.44894315438662015794e+01,1.74197807560324878216e-09,1.74178891911373799862e-09,7.48059214572549535660e-09,True,7.47991002469916566042e-09,True,series tail and order change; rounding and minimizer search are not enclosed
65536,16,joint_window,0.55,1.0205947693778,64,5.66739037008716535493e-03,3.87211389573881078628e-05,3.87102229574471827034e-05,2.49579406440476742057e-01,6.54783385956376252031e-16,6.03777824280576523239e-04,4.88739831664614376994e-02,4.88606543825938766101e-02,6.78910388436313638749e+00,6.78735645890579331052e+00,6.46601869453796591149e-10,6.46423528031518731635e-10,3.20822479693561035674e-09,True,3.20743520632049694541e-09,True,series tail and order change; rounding and minimizer search are not enclosed
65536,16,joint_window,0.6,1.022467021139418,64,5.93305642074262902519e-03,8.97078721797144642549e-05,8.96535322991723272919e-05,2.50038404038207373592e-01,6.46708742632400087789e-16,5.65855509362270876934e-04,2.12761443645356242149e-02,2.12632567557748883291e-02,3.03230972438165080618e+00,3.03047996074765269015e+00,2.82705830843371104728e-10,2.82539963504976443811e-10,1.47653045345919053943e-09,True,1.47567735808706856915e-09,True,series tail and order change; rounding and minimizer search are not enclosed
65536,16,joint_window,0.65,1.0243392729010363,64,6.22772380599538859930e-03,1.82631992663298179345e-04,1.82421746775713824627e-04,2.50497444013133507834e-01,6.38723894847087539546e-16,5.26723627716483276152e-04,1.04735923420310548387e-02,1.04615318286562040268e-02,1.48068442934664279420e+00,1.47891566041481703486e+00,1.41995907966280335125e-10,1.41841880273176033218e-10,7.33074712044867737859e-10,True,7.32231164590757543920e-10,True,series tail and order change; rounding and minimizer search are not enclosed
65536,16,joint_window,0.7,1.0262115246626544,64,6.55622185688711171109e-03,3.35904792518867685146e-04,3.35237280412139853833e-04,2.50956526560718984342e-01,6.30827973390217706035e-16,4.86246898021684215499e-04,5.70606016552644128986e-03,5.69471069102263447587e-03,7.83052180634003947013e-01,7.81362888549327672116e-01,8.01748472193900693930e-11,8.00312442108528113667e-11,3.92533006099426984292e-10,True,3.91722543291450620018e-10,True,series tail and order change; rounding and minimizer search are not enclosed
65536,16,joint_window,0.75,1.0280837764242725,64,6.92437174240959074645e-03,5.69599992605201543676e-04,5.67790469966314654063e-04,2.51415651876364332207e-01,6.23020115675365508350e-16,4.44269602246657991339e-04,3.36916906871269393811e-03,3.35843706204435156829e-03,4.40594530602433864797e-01,4.38985003078819935318e-01,4.99993088270365116627e-11,4.98648537878915945768e-11,2.23969176538219016948e-10,True,2.23198848292582852082e-10,True,series tail and order change; rounding and minimizer search are not enclosed
65536,16,joint_window,0.8,1.0299560281858908,64,7.33919457843567289712e-03,9.04178604072110206173e-04,8.99863833347396935118e-04,2.51874820155407741495e-01,6.15299465716636406908e-16,4.00612038497338406734e-04,2.12048091875260795447e-03,2.11029066977574302280e-03,2.59722001822556058936e-01,2.58187118186303021794e-01,3.39328914661207028827e-11,3.38065468690423174536e-11,1.34374289473271346651e-10,True,1.33644151301126612452e-10,True,series tail and order change; rounding and minimizer search are not enclosed
65536,16,joint_window,0.85,1.031828279947509,64,7.80914511013854409360e-03,1.35934057602610930404e-03,1.35008287153034990322e-03,2.52334031593123842008e-01,6.07665174104976711251e-16,3.55066503126505970955e-04,1.40234150903693747560e-03,1.39263103417651195812e-03,1.58421122722066876065e-01,1.56954526250433129553e-01,2.47312982880603955455e-11,2.46122494965357506082e-11,8.37825364641275882605e-11,True,8.30902291415469562708e-11,True,series tail and order change; rounding and minimizer search are not enclosed
65536,16,joint_window,0.9,1.0337005317091272,64,8.34435618199606821133e-03,1.95311210572030958046e-03,1.93492075978720745426e-03,2.52793286384725757188e-01,6.00116397984059384076e-16,3.07392896253029122497e-04,9.61198609255239921900e-04,9.51916804087273569525e-04,9.90281544671762770093e-02,9.76236657942806812516e-02,1.91228674956282844788e-11,1.90104973621791313891e-11,5.37593719540652159594e-11,True,5.31027166683628593091e-11,True,series tail and order change; rounding and minimizer search are not enclosed
65536,16,joint_window,0.95,1.0355727834707453,64,8.95686236722915453401e-03,2.70120474629811100145e-03,2.66800842034706263764e-03,2.53252584725363549811e-01,5.92652301025783106198e-16,2.57314180865621765226e-04,6.72645476195673098357e-04,6.63750262713910365447e-04,6.29741265010000383917e-02,6.16262312310377965985e-02,1.55154827848343042871e-11,1.54093489876534736994e-11,3.52204515552401176137e-11,True,3.45971792881094586392e-11,True,series tail and order change; rounding and minimizer search are not enclosed
65536,16,joint_window,1.0,1.0374450352323634,64,9.66074632935278072854e-03,3.61663400447493179127e-03,3.55974646787210946206e-03,2.53711926810126553455e-01,5.85272053405368529419e-16,2.04512132013779258238e-04,4.71517846924768236835e-04,4.62975163177725798809e-04,4.05217413444229970776e-02,3.92257816845329801425e-02,1.30838366971282323042e-11,1.29836487959603742467e-11,2.34152766620532304387e-11,True,2.28234584009889829304e-11,True,series tail and order change; rounding and minimizer search are not enclosed
65536,16,joint_window,1.05,1.0393172869939817,64,1.04721211229098186413e-02,4.70955897591441782768e-03,4.61718181802571545763e-03,2.54171312834042206763e-01,5.77974831776086229962e-16,1.48624088493426106949e-04,3.21679240215144279097e-04,3.13462801746714619933e-04,2.62856261767220773795e-02,2.50379305579597928599e-02,1.13764020707506829817e-11,1.12819938084808673884e-11,1.57247270760052515470e-11,True,1.51631172895516641574e-11,True,series tail and order change; rounding and minimizer search are not enclosed
65536,16,joint_window,1.1,1.0411895387555998,64,1.14088361010469107465e-02,5.98729472021023931272e-03,5.84409537416611789967e-03,2.54630742992076108955e-01,5.70759819243618038800e-16,8.92417241352017748257e-05,2.02053815988694472107e-04,1.94145619699271883632e-04,1.71488788240875059121e-02,1.59469236882066565941e-02,1.01343877881261934263e-11,1.00456819221007622095e-11,1.06357318785388343940e-11,True,1.01033799382310718329e-11,True,series tail and order change; rounding and minimizer search are not enclosed
65536,16,joint_window,1.15,1.043061790517218,64,1.24897956464250451530e-02,7.45444939456591567500e-03,7.24124315592839396666e-03,2.55090217479133851697e-01,5.63626205340056876467e-16,2.59130796925574787004e-05,9.97843527363569474109e-05,9.21759061197225532114e-05,1.12380362062502701936e-02,1.00806799614767440831e-02,9.20331621809184337053e-12,9.12028227167236275016e-12,9.20331621809184337053e-12,True,9.12028227167236275016e-12,True,series tail and order change; rounding and minimizer search are not enclosed
65536,16,joint_window,1.2,1.0449340422788362,64,1.37338387975190767687e-02,9.11314384733545590489e-03,8.80669696988255548686e-03,2.55549736490059853367e-01,5.56573185997571617819e-16,-4.18509459815122678017e-05,6.70645400907381172839e-06,-5.99294375359157166505e-07,7.39262853043217565974e-03,6.28043364409495378370e-03,8.48755116332583077216e-12,8.41016000694522186407e-12,8.48755116332583077216e-12,True,8.41016000694522186407e-12,True,series tail and order change; rounding and minimizer search are not enclosed
65536,16,joint_window,1.21,1.0453084926311598,64,1.40037848043929775976e-02,9.46789464922879672737e-03,9.13964892540828667544e-03,2.55641645652251170429e-01,5.55172183167425834775e-16,-5.59810044917959104271e-05,-1.13141312101220931768e-05,-1.85578039797631814956e-05,6.80133759730905482904e-03,5.69842053798403844200e-03,8.36441628539497023337e-12,8.28814725789656461474e-12,8.36441628539497023337e-12,True,8.28814725789656461474e-12,True,series tail and order change; rounding and minimizer search are not enclosed
65536,16,joint_window,1.22,1.0456829429834835,64,1.42810823604105196355e-02,9.83029864274552467318e-03,9.47912685203427564373e-03,2.55733556604746892216e-01,5.53774365840596303051e-16,-7.03132282859884362447e-05,-2.92205029368310109650e-05,-3.64013046951980334676e-05,6.25804910571291662241e-03,5.16453465001127497852e-03,8.24700621244135807453e-12,8.17185612437254842905e-12,8.24700621244135807453e-12,True,8.17185612437254842905e-12,True,series tail and order change; rounding and minimizer search are not enclosed
65536,16,joint_window,1.23,1.046057393335807,64,1.45658521781132262174e-02,1.02003422104678508758e-02,9.82508432823958090252e-03,2.55825469349104828165e-01,5.52379727676189780018e-16,-8.48518229213182650916e-05,-4.70434692804069364697e-05,-5.41604728758234964942e-05,5.75873336180418148728e-03,4.67476629778610253824e-03,8.13497705688993068525e-12,8.06094216998876155389e-12,8.13497705688993068525e-12,True,8.06094216998876155389e-12,True,series tail and order change; rounding and minimizer search are not enclosed
65536,16,joint_window,1.24,1.0464318436881308,64,1.48582089334804434699e-02,1.05780088345674601336e-02,1.01774721929568153639e-02,2.55917383886882787714e-01,5.50988262343446631630e-16,-9.96009968805386565471e-05,-6.48116193208802919556e-05,-7.18637603872591523152e-05,5.29969657811667563263e-03,4.22544255939759968305e-03,8.02801094236879435028e-12,7.95508692829118446952e-12,8.02801094236879435028e-12,True,7.95508692829118446952e-12,True,series tail and order change; rounding and minimizer search are not enclosed
65536,16,joint_window,1.25,1.0468062940404543,64,1.51582608241049385939e-02,1.09632791908853138851e-02,1.05362386753677199358e-02,2.56009300219638025187e-01,5.49599963521739057484e-16,-1.14564955116800478579e-04,-8.25515098526170918586e-05,-8.95375811871155710686e-05,4.87755172339020964811e-03,3.81319814783018977769e-03,7.92581361150640441701e-12,7.85399551600927950969e-12,7.92581361150640441701e-12,True,7.85399551600927950969e-12,True,series tail and order change; rounding and minimizer search are not enclosed
65536,16,joint_window,1.26,1.047180744392778,64,1.54661091617241900492e-02,1.13561312425364858980e-02,1.09013295232194534073e-02,2.56101218348928960644e-01,5.48214824900554919172e-16,-1.29747892484541500757e-04,-1.00287833886636293737e-04,-1.07206479670583949837e-04,4.48919210209206866191e-03,3.43494901421855349313e-03,7.82811227316883412278e-12,7.75739448596762498696e-12,7.82811227316883412278e-12,True,7.75739448596762498696e-12,True,series tail and order change; rounding and minimizer search are not enclosed
65536,16,joint_window,1.27,1.0475551947451016,64,1.57818480037958050466e-02,1.17565403328817440903e-02,1.12726881294486665219e-02,2.56193138276312515345e-01,5.46832840179496458383e-16,-1.45153987095818573505e-04,-1.18043572888930272530e-04,-1.24893282758580708228e-04,4.13176737228302098232e-03,3.08786838856286213056e-03,7.73465366414544445563e-12,7.66502989460262029829e-12,7.73465366414544445563e-12,True,7.66502989460262029829e-12,True,series tail and order change; rounding and minimizer search are not enclosed
65536,16,joint_window,1.28,1.0479296450974254,64,1.61055638282676348572e-02,1.21644792777361315794e-02,1.16502556569302861966e-02,2.56285060003346276680e-01,5.45454003068264223861e-16,-1.60787393643220793277e-04,-1.35840134499708381846e-04,-1.42619237473702456867e-04,3.80266174562337308865e-03,2.76936500163850419717e-03,7.64520230320432512083e-12,7.57666556194055784887e-12,7.64520230320432512083e-12,True,7.57666556194055784887e-12,True,series tail and order change; rounding and minimizer search are not enclosed
65536,16,joint_window,1.29,1.048304095449749,64,1.64373352550349662027e-02,1.25799184566813947866e-02,1.20339711611809757619e-02,2.56376983531587387954e-01,5.44078307286655296468e-16,-1.76652236730784513441e-04,-1.53697477274823777332e-04,-1.60404135545222457232e-04,3.49947414393380175704e-03,2.47706326251040257272e-03,7.55953891796261119678e-12,7.49208150441747019114e-12,7.55953891796261119678e-12,True,7.49208150441747019114e-12,True,series tail and order change; rounding and minimizer search are not enclosed
65536,16,joint_window,1.3,1.0486785458020726,64,1.67772328168623134637e-02,1.30028259033756268814e-02,1.24237717108651220949e-02,2.56468908862593325537e-01,5.42705746564547413359e-16,-1.92752604254857549254e-04,-1.71634223812930798020e-04,-1.78266426407062278381e-04,3.22000011349624385912e-03,2.20878519277015661001e-03,7.47745902719674509798e-12,7.41107252309894153610e-12,7.47745902719674509798e-12,True,7.41107252309894153610e-12,True,series tail and order change; rounding and minimizer search are not enclosed
65536,16,joint_window,1.31,1.0490529961543962,64,1.71253187817503871315e-02,1.34331673947497443750e-02,1.28195925059663689421e-02,2.56560835997920955176e-01,5.41336314641897193044e-16,-2.09092540875825596419e-04,-1.89667763475855153527e-04,-1.96223319796221115294e-04,2.96221532157115883740e-03,1.96253394196497024660e-03,7.39877166310798233166e-12,7.33344693175148113830e-12,7.39877166310798233166e-12,True,7.33344693175148113830e-12,True,series tail and order change; rounding and minimizer search are not enclosed
65536,16,joint_window,1.32,1.0494274465067197,64,1.74816470279178272362e-02,1.38709065390050685640e-02,1.32213669935168781633e-02,2.56652764939127364663e-01,5.39970005268725147033e-16,-2.25676041621043158708e-04,-2.07814345773550375809e-04,-2.14290879023153538196e-04,2.72426047997642410692e-03,1.73647872903914053840e-03,7.32329821969445415191e-12,7.25902541085521617316e-12,7.32329821969445415191e-12,True,7.25902541085521617316e-12,True,series tail and order change; rounding and minimizer search are not enclosed
65536,16,joint_window,1.33,1.0498018968590435,64,1.78462629717231410775e-02,1.43160048623226735659e-02,1.36290269807643402156e-02,2.56744695687769863834e-01,5.38606812205109566160e-16,-2.42507045657003230538e-04,-2.26089165364171638950e-04,-2.32484105864862698743e-04,2.50442755839175214966e-03,1.52894107241004521477e-03,7.25087141480997879121e-12,7.18763997507816962049e-12,7.25087141480997879121e-12,True,7.18763997507816962049e-12,True,series tail and order change; rounding and minimizer search are not enclosed
65536,16,joint_window,1.34,1.050176347211367,64,1.82192035480355299382e-02,1.47684218942129782959e-02,1.40425027456990893920e-02,2.56836628245404707815e-01,5.37246729221179618054e-16,-2.59589430266925127316e-04,-2.44506439515031811366e-04,-2.50817017926392975963e-04,2.30114716552497385049e-03,1.33838218682186607666e-03,7.18133435472859346438e-12,7.11913304297840297510e-12,7.18133435472859346438e-12,True,7.11913304297840297510e-12,True,series tail and order change; rounding and minimizer search are not enclosed
65536,16,joint_window,1.35,1.0505507975636907,64,1.86004972417749409042e-02,1.52281152514421209976e-02,1.44617231448625933876e-02,2.56928562613589150931e-01,5.35889750097101344856e-16,-2.76927005067183814452e-04,-2.63079478776898165876e-04,-2.69302719223383450059e-04,2.11297698989455469756e-03,1.16339143869550153132e-03,7.11453969112435235417e-12,7.05335659879430327956e-12,7.11453969112435235417e-12,True,7.05335659879430327956e-12,True,series tail and order change; rounding and minimizer search are not enclosed
65536,16,joint_window,1.36,1.0509252479160143,64,1.89901641686012548349e-02,1.56950407204714537102e-02,1.48866157183696560390e-02,2.57020498793879392796e-01,5.34535868623074507775e-16,-2.94523506492510786514e-04,-2.81820751541999106604e-04,-2.87953464656032047386e-04,1.93859120380381077554e-03,1.00267576354855702733e-03,7.05034886133525769564e-12,6.99017143714973092786e-12,7.05034886133525769564e-12,True,6.99017143714973092786e-12,True,series tail and order change; rounding and minimizer search are not enclosed
65536,16,joint_window,1.37,1.051299698268338,64,1.93882162020851088469e-02,1.61691523383680202386e-02,1.53171067920995669642e-02,2.57112436787832188134e-01,5.33185078599317795948e-16,-3.12382592577026881736e-04,-3.00741943084277974646e-04,-3.06780718973073771721e-04,1.77677074445646934232e-03,8.55049959420743567635e-04,6.98863140362767315652e-12,6.92944648235449767044e-12,6.98863140362767315652e-12,True,6.92944648235449767044e-12,True,series tail and order change; rounding and minimizer search are not enclosed
65536,16,joint_window,1.38,1.0516741486206616,64,1.97946571441059253338e-02,1.66504024721340314341e-02,1.57531215770073153293e-02,2.57204376597004236160e-01,5.31837373836065670995e-16,-3.30507838053681855806e-04,-3.19854009615824688012e-04,-3.25795210759656506116e-04,1.62639439520781349698e-03,7.19427779302269873075e-04,6.92926433993774284719e-12,6.87105817474824847251e-12,6.92926433993774284719e-12,True,6.87105817474824847251e-12,True,series tail and order change; rounding and minimizer search are not enclosed
65536,16,joint_window,1.39,1.0520485989729853,64,2.02094829347656337881e-02,1.71387418964281390554e-02,1.61945842655334959481e-02,2.57296318222951514443e-01,5.30492748153553674483e-16,-3.48902729791736049975e-04,-3.39167227837598641432e-04,-3.45006981927348157363e-04,1.48643059790181438634e-03,5.94813753493667984711e-04,6.87213161924452399859e-12,6.81488991722125472187e-12,6.87213161924452399859e-12,True,6.81488991722125472187e-12,True,series tail and order change; rounding and minimizer search are not enclosed
65536,16,joint_window,1.4,1.0524230493253088,64,2.06326818977218690021e-02,1.76341198696385453859e-02,1.66414181250826090364e-02,2.57388261667230444640e-01,5.29151195382014976664e-16,-3.67570662586935627963e-04,-3.58691240411612450451e-04,-3.64425433133257811041e-04,1.35592993415944453560e-03,4.80295679787424913566e-04,6.81712361534847843194e-12,6.76083157567195306330e-12,6.81712361534847843194e-12,True,6.76083157567195306330e-12,True,series tail and order change; rounding and minimizer search are not enclosed
65536,16,joint_window,1.41,1.0527974996776326,64,2.10642350165985599297e-02,1.81364842082923326261e-02,1.70935455885672452081e-02,2.57480206931397392900e-01,5.27812709361665881151e-16,-3.86514935316098571377e-04,-3.78435097738131272921e-04,-3.84059365511978285934e-04,1.23401821960476398149e-03,3.75037725431577432817e-04,6.76413667338797724814e-12,6.70877902772764973702e-12,6.76413667338797724814e-12,True,6.70877902772764973702e-12,True,series tail and order change; rounding and minimizer search are not enclosed
65536,16,joint_window,1.42,1.0531719500299561,64,2.15041162379669033300e-02,1.86457813597727603550e-02,1.75508883420058409142e-02,2.57572154017008170257e-01,5.26477283942702176439e-16,-4.05738747462921090642e-04,-3.98407296381166065036e-04,-4.03917019063435890625e-04,1.11989016033666832599e-03,2.78274090209606290644e-04,6.71307269994369046131e-12,6.65863375457884294884e-12,6.71307269994369046131e-12,True,6.65863375457884294884e-12,True,series tail and order change; rounding and minimizer search are not enclosed
65536,16,joint_window,1.43,1.0535464003822799,64,2.19522927963405299623e-02,1.91619564733387232058e-02,1.80133674091862323874e-02,2.57664102925618754281e-01,5.25144912985284739194e-16,-4.25245196019178196140e-04,-4.18615814451225864978e-04,-4.24006108005573010417e-04,1.01280352572115893428e-03,1.89303184714754031128e-04,6.66383879205378690691e-12,6.61030247125753403601e-12,6.66383879205378690691e-12,True,6.61030247125753403601e-12,True,series tail and order change; rounding and minimizer search are not enclosed
65536,16,joint_window,1.44,1.0539208507346034,64,2.24087255566673033969e-02,1.96849534694270751622e-02,1.84809032333979501861e-02,2.57756053658785233562e-01,5.23815590359535589947e-16,-4.45037272760787170484e-04,-4.39068144222263395671e-04,-4.44333853368787407706e-04,9.12073795689598201125e-04,1.07482282003194069744e-04,6.61634690090361081099e-12,6.56369679113680998357e-12,6.61634690090361081099e-12,True,6.56369679113680998357e-12,True,series tail and order change; rounding and minimizer search are not enclosed
65536,16,joint_window,1.45,1.0542953010869272,64,2.28733693699289877821e-02,2.02147151072413905348e-02,1.89534157562586159929e-02,2.57848006218063363626e-01,5.22489309945523890812e-16,-4.65117861896048156306e-04,-4.59771322232725189461e-04,-4.64907013081897191320e-04,8.17069244470768302029e-04,3.22226045731028475820e-05,6.57051352635985953728e-12,6.51873292084081804794e-12,6.57051352635985953728e-12,True,6.51873292084081804794e-12,True,series tail and order change; rounding and minimizer search are not enclosed
65536,16,joint_window,1.46,1.0546697514392507,64,2.33461734376448626360e-02,2.07511830506158581611e-02,1.94308244936499084632e-02,2.57939960605008677952e-01,5.21166065633261606755e-16,-4.85489738079376668967e-04,-4.80731957095114400408e-04,-4.85731909773925128737e-04,7.27206425919063570960e-04,-3.70151881528973326278e-05,6.52625943889933613115e-12,6.47533380875961348366e-12,6.52625943889933613115e-12,True,6.47533380875961348366e-12,True,series tail and order change; rounding and minimizer search are not enclosed
65536,16,joint_window,1.47,1.0550442017915744,64,2.38270816813453134575e-02,2.12942979321647588020e-02,1.99130486087997493616e-02,2.58031916821176987575e-01,5.19845851322689404700e-16,-5.06155564782049139511e-04,-5.01956255216931806346e-04,-5.06814456494450709528e-04,6.41946028573032079385e-04,-1.00725143692079335085e-04,6.48350942583250374839e-12,6.43342331249145653212e-12,6.48350942583250374839e-12,True,6.43342331249145653212e-12,True,series tail and order change; rounding and minimizer search are not enclosed
65536,16,joint_window,1.48,1.055418652143898,64,2.43160331133678749016e-02,2.18439994157132860719e-02,2.04000069825356622477e-02,2.58123874868123659443e-01,5.18528660923673103660e-16,-5.27117893008265548521e-04,-5.23450044615438470769e-04,-5.28160180534904908495e-04,5.60789071166380528356e-04,-1.59359820982301242419e-04,6.44219205904968670234e-12,6.39292775504037115957e-12,6.44219205904968670234e-12,True,6.39292775504037115957e-12,True,series tail and order change; rounding and minimizer search are not enclosed
65536,16,joint_window,1.49,1.0557931024962217,64,2.48129622056798039564e-02,2.24002262570272003828e-02,2.08916182807562279822e-02,2.58215834747404227034e-01,5.17214488355988193337e-16,-5.48379160343686992973e-04,-5.45218796991725311585e-04,-5.49774245516083861357e-04,4.83273411692791503812e-04,-2.13333782347813470963e-04,6.40223948181784201642e-12,6.35377919751861886904e-12,6.40223948181784201642e-12,True,6.35377919751861886904e-12,True,series tail and order change; rounding and minimizer search are not enclosed
65536,16,joint_window,1.5,1.0561675528485452,64,2.53177992537720261690e-02,2.29629163628412118203e-02,2.13878010191527294370e-02,2.58307796460573946273e-01,5.15903327549317073114e-16,-5.69941690321078102410e-04,-5.67267648212893289134e-04,-5.71661471890592357697e-04,4.08970545255388565325e-04,-2.63026797707138217889e-04,6.36358721243538575940e-12,6.31591311326012857033e-12,6.36358721243538575940e-12,True,6.31591311326012857033e-12,True,series tail and order change; rounding and minimizer search are not enclosed
65536,16,joint_window,1.51,1.0565420032008688,64,2.58304707330559678302e-02,2.35320068482099652163e-02,2.18884736252357402220e-02,2.58399760009187962062e-01,5.14595172443234655338e-16,-5.91807692087204569725e-04,-5.89601417337792723522e-04,-5.93826355995447519726e-04,3.37482667869121991024e-04,-3.08786783823299852778e-04,6.32617396280610383863e-12,6.27926820518138012453e-12,6.32617396280610383863e-12,True,6.27926820518138012453e-12,True,series tail and order change; rounding and minimizer search are not enclosed
65536,16,joint_window,1.52,1.0569164535531925,64,2.63508996455464154784e-02,2.41074340921874144539e-02,2.23935544977072534256e-02,2.58491725394801863391e-01,5.13290016987200969754e-16,-6.13979260353345827200e-04,-6.12224624308300990894e-04,-6.16273087776727374054e-04,2.68439985141806004322e-04,-3.50932499658043435889e-04,6.28994147022758165602e-12,6.24378623610530587865e-12,6.28994147022758165602e-12,True,6.24378623610530587865e-12,True,series tail and order change; rounding and minimizer search are not enclosed
65536,16,joint_window,1.53,1.057290903905516,64,2.68790058549875331140e-02,2.46891337918564365839e-02,2.29029620632325812968e-02,2.58583692618970129029e-01,5.11987855140554655398e-16,-6.36458375611487561785e-04,-6.35141506417081971175e-04,-6.39005567296982608660e-04,2.01498246376164493214e-04,-3.89756017255028623398e-04,6.25483434090024505326e-12,6.20941187059608412375e-12,6.25483434090024505326e-12,True,6.20941187059608412375e-12,True,series tail and order change; rounding and minimizer search are not enclosed
65536,16,joint_window,1.54,1.0576653542578398,64,2.74147064089259144548e-02,2.52770410147302691806e-02,2.34166148306675300783e-02,2.58675661683248070410e-01,5.10688680872497873636e-16,-6.59246904597904880008e-04,-6.58356033652530113487e-04,-6.62027420126006394679e-04,1.36336486123678912600e-04,-4.25524986106384035724e-04,6.22079990385420954411e-12,6.17609252704232552642e-12,6.22079990385420954411e-12,True,6.17609252704232552642e-12,True,series tail and order change; rounding and minimizer search are not enclosed
65536,16,joint_window,1.55,1.0580398046101633,64,2.79579158465494415076e-02,2.58710902495382817634e-02,2.39344314427897691955e-02,2.58767632589190332837e-01,5.09392488162093842972e-16,-6.82346600985130925798e-04,-6.81871923011952152383e-04,-6.85342011705704790697e-04,7.26549565659042581632e-05,-4.58484707581091534712e-04,6.18778807416320778552e-12,6.14377823889607053679e-12,6.18778807416320778552e-12,True,6.14377823889607053679e-12,True,series tail and order change; rounding and minimizer search are not enclosed
65536,16,joint_window,1.56,1.058414254962487,64,2.85085464914350793231e-02,2.64712154554290583774e-02,2.44563307255999465295e-02,2.58859605338352005699e-01,5.08099270998250766007e-16,-7.05759106284075104359e-04,-7.05692651866291799367e-04,-7.08952460772350068902e-04,1.01732353820179563400e-05,-4.88860034754498898844e-04,6.15575122446634026622e-12,6.11242152412428391061e-12,6.15575122446634026622e-12,True,6.11242152412428391061e-12,True,series tail and order change; rounding and minimizer search are not enclosed
65536,16,joint_window,1.57,1.0587887053148106,64,2.90665087286005041634e-02,2.70773501096027227608e-02,2.49822317352418610259e-02,2.58951579932287456742e-01,5.06809023379719167033e-16,-7.29485950937447044651e-04,-7.29821470451572952565e-04,-7.32861651911036020290e-04,-5.13715051060207979140e-05,-5.16857111794557242193e-04,6.12464724957161231640e-12,6.08197726206333944824e-12,6.12464724957161231640e-12,True,6.08197726206333944824e-12,True,series tail and order change; rounding and minimizer search are not enclosed
65536,16,joint_window,1.58,1.0591631556671344,64,2.96317112655289059686e-02,2.76894272534089179449e-02,2.55120538026107172846e-02,2.59043556372551442291e-01,5.05521739315076213424e-16,-7.53528555586884495054e-04,-7.54261413556086939003e-04,-7.57072247311345574577e-04,-1.12226080604899212511e-04,-5.42664965998137485866e-04,6.09443044599730307614e-12,6.05240257698158649571e-12,6.09443044599730307614e-12,True,6.05240257698158649571e-12,True,series tail and order change; rounding and minimizer search are not enclosed
65536,16,joint_window,1.59,1.059537606019458,64,3.02040613770258731252e-02,2.83073795369244325670e-02,2.60457165756991966543e-02,2.59135534660697997023e-01,5.04237412822722362975e-16,-7.77888232495870662886e-04,-7.79015311465678858549e-04,-7.81586697786145617739e-04,-1.72622741474536759831e-04,-5.66456964548031844178e-04,6.06505924185857738969e-12,6.02365672775714073752e-12,6.06505924185857738969e-12,True,6.02365672775714073752e-12,True,series tail and order change; rounding and minimizer search are not enclosed
65536,16,joint_window,1.6,1.0599120563717817,64,3.07834651339869633246e-02,2.89311392620483845417e-02,2.65831400597549769027e-02,2.59227514798282321351e-01,5.02956037930866276941e-16,-8.02566187112040488327e-04,-8.04085800224485589688e-04,-8.06407253110955242470e-04,-2.32780494459075413443e-04,-5.88392147159608907593e-04,6.03649470991181866140e-12,5.99570100316350233140e-12,6.03649470991181866140e-12,True,5.99570100316350233140e-12,True,series tail and order change; rounding and minimizer search are not enclosed
65536,16,joint_window,1.61,1.0602865067241052,64,3.13698276162885855700e-02,2.95606384241311331840e-02,2.71242446552979084295e-02,2.59319496786858172399e-01,5.01677608677521270157e-16,-8.27563519752274115437e-04,-8.29475331263006699506e-04,-8.31535971735240450609e-04,-2.92906309883750337348e-04,-6.08616444897042249869e-04,6.00869983589325653037e-12,5.96849862233088271768e-12,6.00869983589325653037e-12,True,5.96849862233088271768e-12,True,series tail and order change; rounding and minimizer search are not enclosed
65536,16,joint_window,1.62,1.060660957076429,64,3.19630531101729245536e-02,3.01958087521753577864e-02,2.76689511940717836058e-02,2.59411480627980084446e-01,5.00402119110490026864e-16,-8.52881227395765190158e-04,-8.55186180441330247304e-04,-8.56974729913606049492e-04,-3.53196223793571088302e-04,-6.27263794659108889391e-04,5.98163942594949875135e-12,5.94201464001297984399e-12,5.98163942594949875135e-12,True,5.94201464001297984399e-12,True,series tail and order change; rounding and minimizer search are not enclosed
65536,16,joint_window,1.63,1.0610354074287525,64,3.25630452905875389380e-02,3.08365817476273437747e-02,2.82171809729801076339e-02,2.59503466323201648080e-01,4.99129563287361050830e-16,-8.78520205570141460294e-04,-8.81220456550791796796e-04,-8.82725230299622257157e-04,-4.13836343841821822486e-04,-6.44457158060971835659e-04,5.95528001847019874218e-12,5.91621585634268889865e-12,5.95528001847019874218e-12,True,5.91621585634268889865e-12,True,series tail and order change; rounding and minimizer search are not enclosed
65536,16,joint_window,1.64,1.0614098577810762,64,3.31697073890464266821e-02,3.14828887217982397728e-02,2.87688557860796279009e-02,2.59595453874077231049e-01,4.97859935275493676998e-16,-9.04481250317504086034e-04,-9.07580109314251939900e-04,-9.08789010042431420755e-04,-4.75003766998806093835e-04,-6.60309452777446269540e-04,5.92958980003829897356e-12,5.89107073080340171096e-12,5.92958980003829897356e-12,True,5.89107073080340171096e-12,True,series tail and order change; rounding and minimizer search are not enclosed
65536,16,joint_window,1.65,1.0617843081333997,64,3.37829423476288387418e-02,3.21346608319326709768e-02,2.93238979546820571764e-02,2.59687443282161145586e-01,4.96593229152014225784e-16,-9.30765060227238191781e-04,-9.34266936920905011199e-04,-9.35167448421929566049e-04,-5.36867416508175938905e-04,-6.74924403758177964864e-04,5.90453852525310005949e-12,5.86654930017980099277e-12,5.90453852525310005949e-12,True,5.86654930017980099277e-12,True,series tail and order change; rounding and minimizer search are not enclosed
65536,16,joint_window,1.66,1.0621587584857235,64,3.44026529597938890426e-02,3.27918291159661895451e-02,2.98822303556346390019e-02,2.59779434549006593702e-01,4.95329439003800718899e-16,-9.57372238524361457435e-04,-9.61282593129668579135e-04,-9.61861774056161668300e-04,-5.99588804948029420981e-04,-6.88397321110091630660e-04,5.88009744021273406448e-12,5.84262310028103680514e-12,5.88009744021273406448e-12,True,5.84262310028103680514e-12,True,series tail and order change; rounding and minimizer search are not enclosed
65536,16,joint_window,1.67,1.062533208838047,64,3.50287419987089093665e-02,3.34543245259892735310e-02,3.04437764478327280160e-02,2.59871427676167665588e-01,4.94068558927479329476e-16,-9.84303295201999738084e-04,-9.88628593971215170744e-04,-9.88873071710892788400e-04,-6.63322729677958290023e-04,-7.00815810914134592648e-04,5.85623920946965577912e-12,5.81926509125418273069e-12,5.85623920946965577912e-12,True,5.81926509125418273069e-12,True,series tail and order change; rounding and minimizer search are not enclosed
65536,16,joint_window,1.68,1.0629076591903708,64,3.56611123338226657098e-02,3.41220779604588728140e-02,3.10084602970312796233e-02,2.59963422665198118366e-01,4.92810583029409097889e-16,-1.01155864918843138578e-03,-1.01630632407720931931e-03,-1.01620228873977504896e-03,-7.28217906446864261631e-04,-7.12260424730230845038e-04,5.83293784629343553687e-12,5.79644958632449291319e-12,5.83293784629343553687e-12,True,5.79644958632449291319e-12,True,series tail and order change; rounding and minimizer search are not enclosed
65536,16,joint_window,1.69,1.0632821095426943,64,3.62996670364017504085e-02,3.47950202951760600989e-02,3.15762065990071449928e-02,2.60055419517651265071e-01,4.91555505425678776308e-16,-1.03913863053912980394e-03,-1.04431704266224473221e-03,-1.04385024118030123735e-03,-7.94417546474558266406e-04,-7.22805253057843101819e-04,5.81016864609317194447e-12,5.77415218381541326209e-12,5.81016864609317194447e-12,True,5.77415218381541326209e-12,True,series tail and order change; rounding and minimizer search are not enclosed
65536,16,joint_window,1.7,1.0636565598950178,64,3.69443094747658046240e-02,3.54730824130705529873e-02,3.21469407011381810846e-02,2.60147418235080585269e-01,4.90303320242091150092e-16,-1.06704348264587481343e-03,-1.07266188918256691331e-03,-1.07181761952943911675e-03,-8.62059881858567812404e-04,-7.32518467575186829968e-04,5.78790812286482252539e-12,5.75234970231274332394e-12,5.78790812286482252539e-12,True,5.75234970231274332394e-12,True,series tail and order change; rounding and minimizer search are not enclosed
65536,16,joint_window,1.75,1.0655288116566362,64,4.02554864551822461083e-02,3.89377746621771964053e-02,3.50428633887937129865e-02,2.60607439851236577510e-01,4.84085575708406609663e-16,-1.21144353626781789424e-03,-1.21943019070630369327e-03,-1.21646194675726054130e-03,-1.22645833678212013568e-03,-7.70640995544520906319e-04,5.68349154052595080639e-12,5.65002762951772057669e-12,5.68349154052595080639e-12,True,5.65002762951772057669e-12,True,series tail and order change; rounding and minimizer search are not enclosed
65536,16,joint_window,1.8,1.0674010634182542,64,4.37046596927549227396e-02,4.25201449672187314910e-02,3.80026889516300869776e-02,2.61067508324768215999e-01,4.77939266119386787133e-16,-1.36395590614958595044e-03,-1.37466238335619272970e-03,-1.36913216181336946237e-03,-1.64552226666042633596e-03,-7.95553139670835936584e-04,5.58887108370879458545e-12,5.55720270111261096830e-12,5.58887108370879458545e-12,True,5.55720270111261096830e-12,True,series tail and order change; rounding and minimizer search are not enclosed
65536,16,joint_window,1.85,1.0692733151798723,64,4.72804597112480295973e-02,4.62117136050039303830e-02,4.10179142612648942046e-02,2.61527623849757473451e-01,4.71863668074715905508e-16,-1.52452666769453508422e-03,-1.53839380198882939160e-03,-1.52980173200589070204e-03,-2.13313733409251039472e-03,-8.11435705678267556011e-04,5.50216516936266215348e-12,5.47202818596747244560e-12,5.50216516936266215348e-12,True,5.47202818596747244560e-12,True,series tail and order change; rounding and minimizer search are not enclosed
65536,16,joint_window,1.9,1.0711455669414907,64,5.09720525046502281885e-02,5.00041747337099176662e-02,4.40805380541396327199e-02,2.61987786620229423651e-01,4.65858064175278852730e-16,-1.69306371862119713068e-03,-1.71061531067806874007e-03,-1.69839701892454848775e-03,-2.70227296813362310307e-03,-8.21108540311947499545e-04,5.42190481034003482518e-12,5.39306635852416050666e-12,5.42190481034003482518e-12,True,5.39306635852416050666e-12,True,series tail and order change; rounding and minimizer search are not enclosed
65536,16,joint_window,1.95,1.0730178187031088,64,5.47691774375148945908e-02,5.38894442870797574230e-02,4.71830742941437841775e-02,2.62447996830153129633e-01,4.59921742992909845080e-16,-1.86944267453524430589e-03,-1.89128180160247436753e-03,-1.87480621051975930580e-03,-3.36538103194711831628e-03,-8.26492924754574417173e-04,5.34693815499378425021e-12,5.31919273902717295817e-12,5.34693815499378425021e-12,True,5.31919273902717295817e-12,True,series tail and order change; rounding and minimizer search are not enclosed
65536,16,joint_window,2.0,1.074890070464727,64,5.86621537823204322604e-02,5.78596966631136633286e-02,5.03185540856484619932e-02,2.62908254673440811011e-01,4.54053999039946439147e-16,-2.05351215992901313390e-03,-2.08031901748822068560e-03,-2.05888657691716270293e-03,-4.13463111197596468183e-03,-8.28910926895734729604e-04,5.27635731502335687760e-12,5.24952308925914194274e-12,5.27635731502335687760e-12,True,5.24952308925914194274e-12,True,series tail and order change; rounding and minimizer search are not enclosed
65536,16,joint_window,2.05,1.0767623222263452,64,6.26418698292613568279e-02,6.19073919110325401882e-02,5.34805187798586059711e-02,2.63368560343949453806e-01,4.48254132738615615034e-16,-2.24509849229842343987e-03,-2.27762909322182498933e-03,-2.25047043684497606597e-03,-5.02204290576326907447e-03,-8.29280866696800321620e-04,5.20944256107939719837e-12,5.18335799344292544603e-12,5.20944256107939719837e-12,True,5.18335799344292544603e-12,True,series tail and order change; rounding and minimizer search are not enclosed
65536,16,joint_window,2.1,1.0786345739879633,64,6.66997629483506576653e-02,6.60252949294195395913e-02,5.66630064800329666386e-02,2.63828914035480310840e-01,4.42521450390239062505e-16,-2.44400979197109853580e-03,-2.48309510125994947760e-03,-2.44937011232014729967e-03,-6.03955403913639977953e-03,-8.28246162052726853445e-04,5.14561984904893652361e-12,5.12014083705354149257e-12,5.14561984904893652361e-12,True,5.12014083705354149257e-12,True,series tail and order change; rounding and minimizer search are not enclosed
65536,16,joint_window,2.15,1.0805068257495816,64,7.08277954419441330147e-02,7.02064880041375349862e-02,5.98605337589021221922e-02,2.64289315941779123786e-01,4.36855264144283012230e-16,-2.65003956625205726316e-03,-2.69658480963881445891e-03,-2.65538207504318994612e-03,-7.19904769511241909852e-03,-8.26261115876148204314e-04,5.08442847590739360829e-12,5.05942590346265280207e-12,5.08442847590739360829e-12,True,5.05942590346265280207e-12,True,series tail and order change; rounding and minimizer search are not enclosed
65536,16,joint_window,2.2,1.0823790775111997,64,7.50184288726205850129e-02,7.44443778420892654513e-02,6.30680740585164573142e-02,2.64749766256537011344e-01,4.31254891967254091241e-16,-2.86296982169187419487e-03,-2.91795380868316994727e-03,-2.86829043670689017020e-03,-8.51235563881326713631e-03,-8.23648624077053556451e-04,5.02549638997268627703e-12,5.00085407841603618119e-12,5.02549638997268627703e-12,True,5.00085407841603618119e-12,True,series tail and order change; rounding and minimizer search are not enclosed
65536,16,joint_window,2.25,1.0842513292728178,64,7.92645982909428031826e-02,7.87326980988239943926e-02,6.62810339483510396752e-02,2.65210265173389969640e-01,4.25719657611442139370e-16,-3.08257375768727220899e-03,-3.14704812523644919531e-03,-3.08786989941496614609e-03,-9.99124664641374768403e-03,-8.20639397323553467477e-04,4.96852127356407771306e-12,4.94413426984971733589e-12,4.96852127356407771306e-12,True,4.94413426984971733589e-12,True,series tail and order change; rounding and minimizer search are not enclosed
65536,16,joint_window,2.3,1.086123581034436,64,8.35596870746655173701e-02,8.30655082555574741932e-02,6.94952281688929751624e-02,2.65670812885919704893e-01,4.20248890583529905419e-16,-3.30861809119659469602e-03,-3.38370641639873515061e-03,-3.31388825664888538036e-03,-1.16474067866223201378e-02,-8.17398891218712214841e-04,4.91325598143885114081e-12,4.88902912782141261974e-12,4.91325598143885114081e-12,True,4.88902912782141261974e-12,True,series tail and order change; rounding and minimizer search are not enclosed
65536,16,joint_window,2.35,1.0879958327960542,64,8.78975027017213361713e-02,8.74371895744793653504e-02,7.27068541808684604133e-02,2.66131409587653633420e-01,4.14841926113071891014e-16,-3.54086505776457331762e-03,-3.62776181510449276246e-03,-3.54610851645763627826e-03,-1.34924157111394674158e-02,-8.14045981343995434659e-04,4.85949727409650034920e-12,4.83534400994920416918e-12,4.85949727409650034920e-12,True,4.83534400994920416918e-12,True,series tail and order change; rounding and minimizer search are not enclosed
65536,16,joint_window,2.4,1.0898680845576725,64,9.22722535758791762017e-02,9.18424387496587640856e-02,7.59124667698177352237e-02,2.66592055472065381228e-01,4.09498105120841553307e-16,-3.77907412919069492230e-03,-3.87904348522491622397e-03,-3.78429070461640260081e-03,-1.55377216209714313910e-02,-8.10666038332287465160e-04,4.80707705265800844596e-12,4.78291840669364312424e-12,4.80707705265800844596e-12,True,4.78291840669364312424e-12,True,series tail and order change; rounding and minimizer search are not enclosed
65536,16,joint_window,2.45,1.0917403363192906,64,9.66785269236423022710e-02,9.62762597734155567419e-02,7.91089531169169579705e-02,2.67052750732574506465e-01,4.04216774187072011446e-16,-4.02300348349369368828e-03,-4.13737793278126132768e-03,-4.02819339496642871146e-03,-1.77946165982568529906e-02,-8.07320166454751934546e-04,4.75585550158956903209e-12,4.73161924007848670977e-12,4.75585550158956903209e-12,True,4.73161924007848670977e-12,True,series tail and order change; rounding and minimizer search are not enclosed
65536,16,joint_window,2.5,1.0936125880809087,64,1.01111267736165369446e-01,1.00733954453582366662e-01,8.22935086351409966765e-02,2.67513495562547720663e-01,3.98997285519576501070e-16,-4.27241125852096184645e-03,-4.40259011131348756973e-03,-4.27757500603571580444e-03,-2.02742133472363708635e-02,-8.04051788602972599719e-04,4.70571569374598971326e-12,4.68133559672960231357e-12,4.70571569374598971326e-12,True,4.68133559672960231357e-12,True,series tail and order change; rounding and minimizer search are not enclosed
65536,16,joint_window,2.55,1.095484839842527,64,1.05565758713411436687e-01,1.05211111944243637661e-01,8.54636137806101536807e-02,2.67974290155298888738e-01,3.93838996921772932894e-16,-4.52705661669324140040e-03,-4.67450435277109131726e-03,-4.53219489667569010172e-03,-2.29874239577500596998e-02,-8.00891378389877238268e-04,4.65655932218260679470e-12,4.63197456502643568289e-12,4.65655932218260679470e-12,True,4.63197456502643568289e-12,True,series tail and order change; rounding and minimizer search are not enclosed
65536,16,joint_window,2.6,1.097357091604145,64,1.10037601164829759726e-01,1.09703597590131179951e-01,8.86170119785488763497e-02,2.68435134704087807744e-01,3.88741271760611372100e-16,-4.78670064496243032048e-03,-4.95294515000624033241e-03,-4.79181428837774890661e-03,-2.59449410180682162042e-02,-7.97859887070482653830e-04,4.60830330489584086878e-12,4.58345792688154625302e-12,4.60830330489584086878e-12,True,4.58345792688154625302e-12,True,series tail and order change; rounding and minimizer search are not enclosed
65536,16,joint_window,2.65,1.0992293433657632,64,1.14522696823466302307e-01,1.14207541331580508803e-01,9.17516887482895671102e-02,2.68896029402122760388e-01,3.83703478934406805117e-16,-5.05110711106698112571e-03,-5.23773781270452445935e-03,-5.05619703782606705333e-03,-2.91572212119627360849e-02,-7.94971242955749813307e-04,4.56087706953263642531e-12,4.53571951469345690824e-12,4.56087706953263642531e-12,True,4.53571951469345690824e-12,True,series tail and order change; rounding and minimizer search are not enclosed
65536,16,joint_window,2.7,1.1011015951273815,64,1.19017230534753937210e-01,1.18719325871667294447e-01,9.48658520693426432491e-02,2.69356974442559959915e-01,3.78724992840594400817e-16,-5.32004309454885485065e-03,-5.52870901514788959386e-03,-5.32511027987115498350e-03,-3.26344714086303847034e-02,-7.92234186292899676685e-04,4.51422037063777331276e-12,4.48870308884621646733e-12,4.51422037063777331276e-12,True,4.48870308884621646733e-12,True,series tail and order change; rounding and minimizer search are not enclosed
65536,16,joint_window,2.75,1.1029738468889996,64,1.23517653785479353257e-01,1.23235574768843975102e-01,9.79579139983389468593e-02,2.69817970018502384377e-01,3.73805193343407857770e-16,-5.59327950870806139827e-03,-5.82568725138238319161e-03,-5.59832495830901374911e-03,-3.63866371713165784318e-02,-7.89653624446903334815e-04,4.46828152620317468359e-12,4.44236062475979654755e-12,4.46828152620317468359e-12,True,4.44236062475979654755e-12,True,series tail and order change; rounding and minimizer search are not enclosed
65536,16,joint_window,2.8,1.1048460986506177,64,1.28020669041808671240e-01,1.27753140586093189013e-01,1.01026473522632609381e-01,2.70279016323002663214e-01,3.68943465741482020856e-16,-5.87059152767257369510e-03,-6.12850321103293634029e-03,-5.87561625949766658250e-03,-4.04233935584643877537e-02,-7.87231638008704026274e-04,4.42301598608795662518e-12,4.39665092385032353794e-12,4.42301598608795662518e-12,True,4.39665092385032353794e-12,True,series tail and order change; rounding and minimizer search are not enclosed
65536,16,joint_window,2.85,1.106718350412236,64,1.32523214867685673601e-01,1.32269093200467313665e-01,1.04070300618722785813e-01,2.70740113549061189868e-01,3.64139200735396777041e-16,-6.15175893101298568166e-03,-6.43699008706436967553e-03,-6.15676396185096952429e-03,-4.47541380601518268278e-02,-7.84968231256460741325e-04,4.37838516444722024065e-12,4.35153848197198325838e-12,4.37838516444722024065e-12,True,4.35153848197198325838e-12,True,series tail and order change; rounding and minimizer search are not enclosed
65536,16,joint_window,2.9,1.108590602173854,64,1.37022451796497884979e-01,1.36780708354199947996e-01,1.07088321471350250702e-01,2.71201261889627232016e-01,3.59391794395162279624e-16,-6.43656637680265972246e-03,-6.75098382515972213203e-03,-6.44155271255036215861e-03,-4.93879854960485170645e-02,-7.82861894318448003210e-04,4.33435548322285296137e-12,4.30699256354570358817e-12,4.33435548322285296137e-12,True,4.30699256354570358817e-12,True,series tail and order change; rounding and minimizer search are not enclosed
65536,16,joint_window,2.95,1.1104628539354724,64,1.41515748929808643508e-01,1.41285456509655626967e-01,1.10079604800669431097e-01,2.71662461537599209116e-01,3.54700648127646733546e-16,-6.72480361268664589280e-03,-7.07032332301515444029e-03,-6.72977224135270710170e-03,-5.43337646945505695073e-02,-7.80910025248010065436e-04,4.29089758517614476122e-12,4.26298644078305941088e-12,4.29089758517614476122e-12,True,4.26298644078305941088e-12,True,series tail and order change; rounding and minimizer search are not enclosed
65536,16,joint_window,3.0,1.1123351056970905,64,1.46000671237360823973e-01,1.45780992054669600311e-01,1.13043349239667231809e-01,2.72123712685824858948e-01,3.50065168643965329307e-16,-7.01626563334463437815e-03,-7.39485058668589226305e-03,-7.02121752011536023885e-03,-5.96000167735112537648e-02,-7.79109248165084453813e-04,4.24798568374062152602e-12,4.21949676603531187101e-12,4.24798568374062152602e-12,True,4.21949676603531187101e-12,True,series tail and order change; rounding and minimizer search are not enclosed
65536,16,fixed_power,0.26705810097241084,1.01,96,4.55001576458400214947e-03,8.89030870783047040376e-10,8.89030859748090814317e-10,2.46982802406764012648e-01,7.02210792393058841393e-16,8.00513300813440980934e-04,2.41135942902831468260e-01,2.41135942902666100540e-01,2.65391646757157140257e+01,2.65391646757022954262e+01,4.05653625426771770342e-08,4.05653625398401262042e-08,7.24024218357044446748e-08,True,7.24024253884181234753e-08,True,series tail and order change; rounding and minimizer search are not enclosed
65536,16,fixed_power,0.5341162019448217,1.02,64,5.58839569495160701923e-03,2.86903264877213845367e-05,2.86841787357967439626e-05,2.49433602775279067432e-01,6.57367441407962136636e-16,6.15591167705117881491e-04,6.47644777769190715944e-02,6.47518707551340000350e-02,8.82358501573789233419e+00,8.82200391879919187943e+00,8.69072656747643847967e-10,8.68890699722512958688e-10,4.15865386571567796636e-09,True,4.15790069041577226017e-09,True,series tail and order change; rounding and minimizer search are not enclosed
65536,16,fixed_power,0.8011743029172325,1.03,64,7.34956349453614200123e-03,9.13411442080404008606e-04,9.09013631898211238794e-04,2.51885604726352130278e-01,6.15119179317306829544e-16,3.99564876344545797521e-04,2.09890772505225402939e-03,2.08872940765484444922e-03,2.56634383964327417171e-01,2.55101177935105394301e-01,3.36558792979079303485e-11,3.35297145726141464902e-11,1.32838684496761061382e-10,True,1.32109434503036027309e-10,True,series tail and order change; rounding and minimizer search are not enclosed
65536,16,fixed_power,1.3352905048620543,1.05,64,1.80425282933464777024e-02,1.45544472101400926972e-02,1.38470565024270790555e-02,2.56793332426625109388e-01,5.37886872588731785396e-16,-2.51512929503083619565e-04,-2.35814220959990310938e-04,-2.42164887607803237107e-04,2.39491430396928522972e-03,1.42610305095996364212e-03,7.21373237009737922628e-12,7.15104736337941981504e-12,7.21373237009737922628e-12,True,7.15104736337941981504e-12,True,series tail and order change; rounding and minimizer search are not enclosed
65536,16,fixed_power,2.002935757293078,1.075,64,5.88935124976160406796e-02,5.80952896668537818736e-02,5.05035378848362956350e-02,2.62935280264485649049e-01,4.53711590116804997635e-16,-2.06455525261479283516e-03,-2.09167655456189705010e-03,-2.06992984526304171777e-03,-4.18335364181777157044e-03,-8.28981868671651656380e-04,5.27233331358144323629e-12,5.24554738512136147592e-12,5.27233331358144323629e-12,True,5.24554738512136147592e-12,True,series tail and order change; rounding and minimizer search are not enclosed
65536,16,fixed_power,2.6705810097241085,1.1,64,1.16371802819599690082e-01,1.16063931192650182656e-01,9.30361202314286123150e-02,2.69085757582120721487e-01,3.81647087259406181161e-16,-5.16127123836581519489e-03,-5.35676906643064304481e-03,-5.16635168397804392382e-03,-3.05558684832361489303e-02,-7.93825904785411913187e-04,4.54158216500078000408e-12,4.51628208155789941135e-12,4.54158216500078000408e-12,True,4.51628208155789941135e-12,True,series tail and order change; rounding and minimizer search are not enclosed
65536,16,fixed_power,4.005871514586156,1.15,64,2.31962602165832476597e-01,2.31857402815325880363e-01,1.66338193807252343603e-01,2.81414141449873145273e-01,2.67753125767527484985e-16,-1.32920836687386786923e-02,-1.48082749705990592004e-02,-1.32968593332504284033e-02,-2.44502673996458391725e-01,-7.68256411562941317860e-04,3.47750662039088890371e-12,3.43380639162424197834e-12,3.47750662039088890371e-12,True,3.43380639162424197834e-12,True,series tail and order change; rounding and minimizer search are not enclosed
65536,16,fixed_power,5.34116201944821,1.2,64,3.27736985382312939752e-01,3.27680000000000026805e-01,2.19929072016202736828e-01,2.93782149799831859838e-01,1.85660647477735116084e-16,-2.16526778511596865173e-02,-2.62344796805157667863e-02,-2.16574860440812283491e-02,-7.65208027828883863286e-01,-7.96925926869646440547e-04,2.66183894463578552228e-12,2.59671286091871277613e-12,2.66183894463578552228e-12,True,2.59671286091871277613e-12,True,series tail and order change; rounding and minimizer search are not enclosed
65536,16,fixed_power,6.676452524310264,1.25,64,4.03275200726153693065e-01,4.03237402439117431641e-01,2.59180357765401492287e-01,3.06193425614168013293e-01,1.27158890281189772502e-16,-2.89544142976134594170e-02,-3.83690517373506262411e-02,-2.89593805073443122389e-02,-1.63160892580229011095e+00,-8.46861532466652009755e-04,2.02546590424013418912e-12,1.94450625845625651455e-12,2.02546590424013418912e-12,True,1.94450625845625651455e-12,True,series tail and order change; rounding and minimizer search are not enclosed
65536,16,fixed_power,8.011743029172319,1.3,64,4.63061533732988195311e-01,4.63033551265942477926e-01,2.88789010916076727131e-01,3.18651592588365506487e-01,8.59502543425497381873e-17,-3.47722360328897583948e-02,-5.05967557103409598662e-02,-3.47774123777688654036e-02,-2.84888380539481644860e+00,-9.06090873378780341935e-04,1.52909405640773807126e-12,1.43984179064956295833e-12,1.52909405640773807126e-12,True,1.43984179064956295833e-12,True,series tail and order change; rounding and minimizer search are not enclosed
65536,16,fixed_power,10.68232403889642,1.4,64,5.50352445783441002192e-01,5.50334077948180566686e-01,3.30145309393032881928e-01,3.43723018532124391378e-01,3.75641078659009409959e-17,-4.17741409342437253205e-02,-7.42302401658359589653e-02,-4.17797890138958544215e-02,-6.31435410645496375537e+00,-1.03358454611171763152e-03,8.46372708864111469843e-13,7.61854554491365080410e-13,8.46372708864111469843e-13,True,7.61854554491365080410e-13,True,series tail and order change; rounding and minimizer search are not enclosed
65536,16,fixed_power,13.352905048620528,1.5,64,6.10365338895033859856e-01,6.10351562500000000000e-01,3.57509534293642405878e-01,3.69025157164765693629e-01,1.52863260928892972912e-17,-4.32285827609131256821e-02,-9.60364373791991188245e-02,-4.32347069729446531472e-02,-1.11082726944744916153e+01,-1.15946292519684425980e-03,4.50707848846208582560e-13,3.91976872594621559732e-13,4.50707848846208582560e-13,True,3.91976872594621559732e-13,True,series tail and order change; rounding and minimizer search are not enclosed
262144,18,joint_window,0.0,1.0,96,1.93165217306290239868e-03,0.00000000000000000000e+00,0.00000000000000000000e+00,2.44533173793497621284e-01,7.49786258826540693388e-16,4.83099730063967142991e-04,2.38748120932375240688e-01,2.38748120932375240688e-01,2.63155654696271241733e+01,2.63155654696271241733e+01,4.27650243894258265926e-08,4.27650243894258265926e-08,7.61492273682051745709e-08,True,7.61492273682051745709e-08,True,series tail and order change; rounding and minimizer search are not enclosed
262144,18,joint_window,0.05,1.001664223788105,96,1.98696961838067034239e-03,6.04214821108535802252e-55,6.04214821108595931961e-55,2.44940766804171622395e-01,7.41673154487552705647e-16,4.68261044684026425319e-04,2.39147556991621601519e-01,2.39147556991621601519e-01,2.63604527137299982087e+01,2.63604527137299982087e+01,4.24344224368632480654e-08,4.24344224368632480654e-08,7.55623865700272290269e-08,True,7.55623865700272290269e-08,True,series tail and order change; rounding and minimizer search are not enclosed
262144,18,joint_window,0.1,1.00332844757621,96,2.04602516338619512537e-03,7.47978035578948259367e-28,7.47978035578932295775e-28,2.45348391578626895404e-01,7.33638987704610610307e-16,4.53190747837955802951e-04,2.39547059809847112666e-01,2.39547059809847112666e-01,2.64053560611998641150e+01,2.64053560611998641150e+01,4.21058466571771400134e-08,4.21058466571771400134e-08,7.49790629583912959788e-08,True,7.49790629583912959788e-08,True,series tail and order change; rounding and minimizer search are not enclosed
262144,18,joint_window,0.15,1.0049926713643151,96,2.10924370939657816748e-03,8.03131344127528343223e-19,8.03131344127522661729e-19,2.45756048254653663987e-01,7.25683095044238654202e-16,4.37869537806918158671e-04,2.39946629652838222535e-01,2.39946629652838222535e-01,2.64502776126131777801e+01,2.64502776126131777801e+01,4.17792902369440199059e-08,4.17792902369440199059e-08,7.43992316643016238231e-08,True,7.43992316643016238231e-08,True,series tail and order change; rounding and minimizer search are not enclosed
262144,18,joint_window,0.2,1.0066568951524202,96,2.17711741011881922819e-03,2.63168782291598951892e-14,2.63168782291455884078e-14,2.46163736970000740500e-01,7.17804817350455903342e-16,4.22275987502520135965e-04,2.40346265214271881394e-01,2.40346265214271881394e-01,2.64952195753399344369e+01,2.64952195753399344369e+01,4.14547186857179170449e-08,4.14547186857179170449e-08,7.38228678187624609563e-08,True,7.38228678187624609563e-08,True,series tail and order change; rounding and minimizer search are not enclosed
262144,18,joint_window,0.25,1.0083211189405252,96,2.25021925236635255904e-03,1.34741752588521148564e-11,1.34741752558416734120e-11,2.46571457862375664760e-01,7.10003499735045840861e-16,4.06386214506337830991e-04,2.40745165167805641460e-01,2.40745165167805474926e-01,2.65401195301097558854e+01,2.65401195301097487800e+01,4.11181343903300612643e-08,4.11181343903269378303e-08,7.32306730810705630574e-08,True,7.32306695283568842569e-08,True,series tail and order change; rounding and minimizer search are not enclosed
262144,18,joint_window,0.3,1.0099853427286303,96,2.32921994594339348827e-03,8.62342966615112038662e-10,8.62342956218559230313e-10,2.46979211069444870574e-01,7.02278491567537833521e-16,3.90173486439103305284e-04,2.41094060214604527514e-01,2.41094060213981470353e-01,2.65809861226144477087e+01,2.65809861225639352256e+01,3.99306744544461702117e-08,3.99306744439787885124e-08,7.14650063571298233001e-08,True,7.14650028044161444996e-08,True,series tail and order change; rounding and minimizer search are not enclosed
262144,18,joint_window,0.35,1.0116495665167353,96,2.41490905287947881311e-03,1.68192427088436455460e-08,1.68192392792516650210e-08,2.47386996728832825321e-01,6.94629146464908453986e-16,3.73607746560302594364e-04,2.40538303475027387401e-01,2.40538303270162734382e-01,2.65485012476815356308e+01,2.65485012310474672859e+01,2.72275042899200728452e-08,2.72275022525424603916e-08,5.28464383364735112991e-08,True,5.28464312310461536981e-08,True,series tail and order change; rounding and minimizer search are not enclosed
262144,18,joint_window,0.4,1.0133137903048404,96,2.50822157396947105837e-03,1.56099212177243048895e-07,1.56098950704107629582e-07,2.47794814978124777749e-01,6.87054822281008279502e-16,3.56655040527073226644e-04,2.32778506081096486779e-01,2.32778491091897021814e-01,2.59254822430416815848e+01,2.59254810045383834449e+01,5.08100237854000428243e-09,5.08099392744568051589e-09,1.19515242147372191539e-08,True,1.19515171093098615529e-08,True,series tail and order change; rounding and minimizer search are not enclosed
262144,18,joint_window,0.45,1.0149780140929454,64,2.61027158975412698974e-03,8.83026137630484212352e-07,8.83018615380175631089e-07,2.48202665954863982423e-01,6.79554881095721365338e-16,3.39276820187283225175e-04,1.95793894876846258368e-01,1.95793550253500953096e-01,2.27498021705212849497e+01,2.27497711837621210407e+01,6.82985120201260354780e-09,6.82979406026019807699e-09,2.48237022049124789191e-08,True,2.48235174638011812931e-08,True,series tail and order change; rounding and minimizer search are not enclosed
262144,18,joint_window,0.5,1.0166422378810505,64,2.72239504883020752221e-03,3.53208713116454677819e-06,3.53197759238650520980e-06,2.48610549796553642610e-01,6.72128689203862717798e-16,3.21429093781442438895e-04,1.12783238195545240656e-01,1.12780969469655129034e-01,1.44967599239307283199e+01,1.44965098711141351373e+01,1.75291661173492569737e-09,1.75286364421695494038e-09,7.55040652222760400036e-09,True,7.55021467568894877331e-09,True,series tail and order change; rounding and minimizer search are not enclosed
262144,18,joint_window,0.55,1.0183064616691555,64,2.84620443502285516008e-03,1.09805426863838103129e-05,1.09795696134660524293e-05,2.49018466640656355171e-01,6.64775617103820373515e-16,3.03061384095775670014e-04,4.31189086583508920936e-02,4.31151588419140252562e-02,6.06678338472871647724e+00,6.06628428715749468125e+00,5.72026340893332179868e-10,5.71976281858132099278e-10,2.90668999980425724061e-09,True,2.90646529066407310893e-09,True,series tail and order change; rounding and minimizer search are not enclosed
262144,18,joint_window,0.6,1.0199706854572606,64,2.98365884603377486475e-03,2.82564182702051181243e-05,2.82504474370677996866e-05,2.49426416624594721183e-01,6.57495039485949086169e-16,2.84115445793180622196e-04,1.68397569513586420342e-02,1.68361984901613734311e-02,2.43788751875001574732e+00,2.43737629225242846687e+00,2.23331679662463425552e-10,2.23285203330758781034e-10,1.20467769093579590844e-09,True,1.20443388595958822407e-09,True,series tail and order change; rounding and minimizer search are not enclosed
262144,18,joint_window,0.65,1.0216349092453656,64,3.13715397366983589356e-03,6.28719992269339986385e-05,6.28444234608751129811e-05,2.49834399885751345938e-01,6.50286335220720156572e-16,2.64523681701037593952e-04,7.58169209227510867977e-03,7.57836637443486203086e-03,1.09297108041758184171e+00,1.09247974244003276389e+00,1.01354809175251067790e-10,1.01311684096908783917e-10,5.47367706715817803342e-10,True,5.47128120587103694561e-10,True,series tail and order change; rounding and minimizer search are not enclosed
262144,18,joint_window,0.7,1.0232991330334706,64,3.30963751722692213833e-03,1.24789228827270216177e-04,1.24687319757575866422e-04,2.50242416561468339342e-01,6.43148887346634012848e-16,2.44207184312460559052e-04,3.82627849161203126283e-03,3.82315238807221218637e-03,5.38369727573641432272e-01,5.37902415096452091170e-01,5.21149237279307263283e-11,5.20747239797532495476e-11,2.72308620097305720265e-10,True,2.72080025176535400533e-10,True,series tail and order change; rounding and minimizer search are not enclosed
262144,18,joint_window,0.75,1.0249633568215757,64,3.50475646586893146983e-03,2.26047999423651096301e-04,2.25732822597307951004e-04,2.50650466789049064520e-01,6.36082083057901752960e-16,2.23073315611279309172e-04,2.11473397861457364233e-03,2.11178103555085009899e-03,2.85198004665828619419e-01,2.84754069153045741292e-01,2.97695780643279618718e-11,2.97319302547263725514e-11,1.46071876816478152250e-10,True,1.45855383326676246725e-10,True,series tail and order change; rounding and minimizer search are not enclosed
262144,18,joint_window,0.8,1.0266275806096807,64,3.72704292781503559312e-03,3.80164027984795796847e-04,3.79320453406861908020e-04,2.51058550705756611254e-01,6.29085313691900777206e-16,2.01012728800405583284e-04,1.25685148369081680156e-03,1.25405027398525097983e-03,1.59478205560771191251e-01,1.59055772360334440885e-01,1.86047080751492482384e-11,1.85693057702694519719e-11,8.31300583925553837616e-11,True,8.29252222445120423799e-11,True,series tail and order change; rounding and minimizer search are not enclosed
262144,18,joint_window,0.85,1.0282918043977858,64,3.98214366811020480108e-03,6.01422819990416715648e-04,5.99418141294083095354e-04,2.51466668448814545389e-01,6.22157974716411117381e-16,1.77895737269421583097e-04,7.90934277988320378477e-04,7.88267228751466492685e-04,9.27119485391490055770e-02,9.23089737418831129956e-02,1.25570420042020128092e-11,1.25236357747776000158e-11,4.94831259301165005127e-11,True,4.92890450676242153349e-11,True,series tail and order change; rounding and minimizer search are not enclosed
262144,18,joint_window,0.9,1.0299560281858908,64,4.27709318357495909407e-03,9.04178604072110206173e-04,8.99863833347396935118e-04,2.51874820155407741495e-01,6.15299465716636406908e-16,1.53567963415083674067e-04,5.19276415861489931344e-04,5.16728982140241032209e-04,5.53604748401960722326e-02,5.49750596009942471554e-02,9.04639766455716563801e-12,9.01478544766750051841e-12,3.04435573972305917323e-11,True,3.02593297640818548189e-11,True,series tail and order change; rounding and minimizer search are not enclosed
262144,18,joint_window,0.95,1.0316202519739959,64,4.62061757330602899257e-03,1.30223367165566931286e-03,1.29368940086475392795e-03,2.52283005962681716738e-01,6.08509190382017084734e-16,1.27845276983806570813e-04,3.49867693722815699658e-04,3.47427794659325463438e-04,3.36365441797638192734e-02,3.32670208150517426882e-02,6.88136080616367507397e-12,6.85138088062932427767e-12,1.91699850438098451377e-11,True,1.89948404227813227862e-11,True,series tail and order change; rounding and minimizer search are not enclosed
262144,18,joint_window,1.0,1.033284475762101,64,5.02343200952995016378e-03,1.80833934256360157056e-03,1.79257622126772673231e-03,2.52691226007742741899e-01,6.01786556492839777288e-16,1.00508195471803261217e-04,2.36706996476978561925e-04,2.34364674741553951753e-04,2.06490724218549512314e-02,2.02940255695458343643e-02,5.47263529960618701160e-12,5.44416130353257178283e-12,1.22577156758119087954e-11,True,1.20909116052558829324e-11,True,series tail and order change; rounding and minimizer search are not enclosed
262144,18,joint_window,1.05,1.034948699550206,64,5.49845448920013076671e-03,2.43383224386025569588e-03,2.40646281736374336585e-03,2.53099480427658729553e-01,5.95130975906648873559e-16,7.12962095309655928196e-05,1.55297666532972953538e-04,1.53044962418359003792e-04,1.27440023799530507270e-02,1.24022832346298399198e-02,4.51127223121913733538e-12,4.48420931320253477438e-12,7.91051078807836205442e-12,True,7.75148868703556814808e-12,True,series tail and order change; rounding and minimizer search are not enclosed
262144,18,joint_window,1.1,1.036612923338311,64,6.06080629377640702632e-03,3.18840079019006624600e-03,3.14330350984338242545e-03,2.53507769359458956515e-01,5.88541864544465125090e-16,3.99029353024486343332e-05,9.18313613900273418254e-05,8.96624132776398762024e-05,7.88322734350832381167e-03,7.55398533194650417810e-03,3.82710600707305294262e-12,3.80138724686778958160e-12,5.13051927331087398443e-12,True,4.97878734767587260990e-12,True,series tail and order change; rounding and minimizer search are not enclosed
262144,18,joint_window,1.15,1.038277147126416,64,6.72742809304767430678e-03,4.07996587555101326850e-03,4.00896315499972479696e-03,2.53916092940133786282e-01,5.82018642376817581746e-16,5.97352294602821517339e-06,3.81072341289107096099e-05,3.60186286531005706024e-05,4.88127343921984039460e-03,4.56401817194231670255e-03,3.32240690765457712396e-12,3.29798928931926517161e-12,3.33694617077329169774e-12,True,3.29798928931926517161e-12,True,series tail and order change; rounding and minimizer search are not enclosed
262144,18,joint_window,1.2,1.039941370914521,64,7.51616160548786594459e-03,5.11465493387407588860e-03,5.00722546525931254402e-03,2.54324451306636334369e-01,5.75560733409592314545e-16,-3.08938578736804494301e-05,-1.09872193601764618978e-05,-1.29958203204694503971e-05,3.02580123029311297625e-03,2.72050297962818550535e-03,2.93898454694175481149e-12,2.91584400250873429985e-12,2.93898454694175481149e-12,True,2.91584400250873429985e-12,True,series tail and order change; rounding and minimizer search are not enclosed
262144,18,joint_window,1.21,1.040274215672142,64,7.69011210100831003877e-03,5.33918283935033103488e-03,5.22298186461901767924e-03,2.54406127166285134233e-01,5.74276938795959129405e-16,-3.86581821709042379454e-05,-2.05659231955245339063e-05,-2.25582314134784370219e-05,2.75035740779240589493e-03,2.44749718667557070173e-03,2.87342973107317828133e-12,2.85054296662391841789e-12,2.87342973107317828133e-12,True,2.85054296662391841789e-12,True,series tail and order change; rounding and minimizer search are not enclosed
262144,18,joint_window,1.22,1.040607060429763,64,7.86977648493104343930e-03,5.56964307427526821720e-03,5.44412546599108877754e-03,2.54487804423938923648e-01,5.72995729262073202703e-16,-4.65612932098646761098e-05,-3.01166835824551344658e-05,-3.20925190529508519433e-05,2.50019428210205467769e-03,2.19980017192812930468e-03,2.81104119918288489078e-12,2.78840786193681703660e-12,2.81104119918288489078e-12,True,2.78840786193681703660e-12,True,series tail and order change; rounding and minimizer search are not enclosed
262144,18,joint_window,1.23,1.040939905187384,64,8.05528105653238908623e-03,5.80605991435923039085e-03,5.67065867472515538344e-03,2.54569483080692549049e-01,5.71717100257815007055e-16,-5.46069195706629009063e-05,-3.96586092735835490930e-05,-4.16177525147784412723e-05,2.27298272510604399896e-03,1.97508880250934397774e-03,2.75162492484207954641e-12,2.72924472196627238339e-12,2.75162492484207954641e-12,True,2.72924472196627238339e-12,True,series tail and order change; rounding and minimizer search are not enclosed
262144,18,joint_window,1.24,1.0412727499450052,64,8.24674725516524702307e-03,6.04845506689038157899e-03,5.90258109089936752051e-03,2.54651163137641411982e-01,5.70441047239465339423e-16,-6.27988216194358753186e-05,-4.92094554612618412595e-05,-5.11516453167471267169e-05,2.06660309255854435229e-03,1.77124976837236412959e-03,2.69500287146857307496e-12,2.67287555857042041947e-12,2.69500287146857307496e-12,True,2.67287555857042041947e-12,True,series tail and order change; rounding and minimizer search are not enclosed
262144,18,joint_window,1.25,1.0416055947026261,64,8.44429113647913315299e-03,6.29684771379961181342e-03,6.13988957476649908906e-03,2.54732844595880136840e-01,5.69167565669703842002e-16,-7.11407853309802863662e-05,-5.87857433343363586231e-05,-6.07106746717213287962e-05,1.87912623973647096957e-03,1.58636061376026958787e-03,2.64101138930406583586e-12,2.61913675883386144502e-12,2.64101138930406583586e-12,True,2.61913675883386144502e-12,True,series tail and order change; rounding and minimizer search are not enclosed
262144,18,joint_window,1.26,1.0419384394602471,64,8.64802288628967706641e-03,6.55125455630847612631e-03,6.38257831399471637496e-03,2.54814527456503792102e-01,5.67896651017599535887e-16,-7.96366158762132087673e-05,-6.84028672819198511890e-05,-7.03101885880884737781e-05,1.70879636428724018642e-03,1.41867259585516897018e-03,2.58949977794762387641e-12,2.56787764756517570802e-12,2.58949977794762387641e-12,True,2.56787764756517570802e-12,True,series tail and order change; rounding and minimizer search are not enclosed
262144,18,joint_window,1.27,1.042271284217868,64,8.85804637916817218246e-03,6.81168986098518430133e-03,6.63063889246457566218e-03,2.54896211720606780116e-01,5.66628298758609243354e-16,-8.82901310237831690036e-05,-7.80751911479401821889e-05,-7.99645020214095458150e-05,1.55401547218563472995e-03,1.26659516650014388438e-03,2.54032899712334065032e-12,2.51895919808588785098e-12,2.54032899712334065032e-12,True,2.51895919808588785098e-12,True,series tail and order change; rounding and minimizer search are not enclosed
262144,18,joint_window,1.28,1.042604128975489,64,9.07445878796662476484e-03,7.07816550704721148685e-03,6.88406036040049330860e-03,2.54977897389284446916e-01,5.65362504374571967227e-16,-9.71051544085758770730e-05,-8.78161347682552585747e-05,-8.96869833092244720524e-05,1.41332928912727166446e-03,1.12868189929563110356e-03,2.49337051049523509134e-12,2.47225287612669969922e-12,2.49337051049523509134e-12,True,2.47225287612669969922e-12,True,series tail and order change; rounding and minimizer search are not enclosed
262144,18,joint_window,1.29,1.0429369737331102,64,9.29735024947368239590e-03,7.35069103475465175646e-03,7.14282930562112026995e-03,2.55059584463631305873e-01,5.64099263353703763277e-16,-1.06085508721779665786e-04,-9.76382518723234969771e-05,-9.94901319712464694139e-05,1.28541446253887994139e-03,1.00361770721173041744e-03,2.44850524915483640715e-12,2.42763960345834532185e-12,2.44850524915483640715e-12,True,2.42763960345834532185e-12,True,series tail and order change; rounding and minimizer search are not enclosed
262144,18,joint_window,1.3,1.0432698184907312,64,9.52680359018833085305e-03,7.62927369474554299689e-03,7.40692992570381701645e-03,2.55141272944741814843e-01,5.62838571190595669468e-16,-1.15235008878345531608e-04,-1.07553300301461681257e-04,-1.09385648827059391713e-04,1.16906691914044178100e-03,8.90207215637661328743e-04,2.40562268294462462042e-12,2.38500882942165789713e-12,2.40562268294462462042e-12,True,2.38500882942165789713e-12,True,series tail and order change; rounding and minimizer search are not enclosed
262144,18,joint_window,1.31,1.0436026632483522,64,9.76289411492515558921e-03,7.91391849817647992371e-03,7.67634410087086709040e-03,2.55222962833710820263e-01,5.61580423386204338229e-16,-1.24557455217586899102e-04,-1.17572305382356153899e-04,-1.19384499270266779269e-04,1.06319126006284734795e-03,7.87364172827831939466e-04,2.36461998908015778096e-12,2.34425769982018134983e-12,2.36461998908015778096e-12,True,2.34425769982018134983e-12,True,series tail and order change; rounding and minimizer search are not enclosed
262144,18,joint_window,1.32,1.0439355080059731,64,1.00056894596034125222e-02,8.20462826753258663015e-03,7.95105146741216864403e-03,2.55304654131632502434e-01,5.60324815447850655951e-16,-1.34056626791321121389e-04,-1.27705617195544114326e-04,-1.29496970438892433988e-04,9.66791090234053458567e-04,6.94101794443817399737e-04,2.32540130863814748566e-12,2.30529031374265463639e-12,2.32540130863814748566e-12,True,2.30529031374265463639e-12,True,series tail and order change; rounding and minimizer search are not enclosed
262144,18,joint_window,1.33,1.044268352763594,64,1.02552495082318066016e-02,8.50140368798516302129e-03,8.23102949146823151261e-03,2.55386346839601707792e-01,5.59071742889213925136e-16,-1.43736274791919681551e-04,-1.37962962392297952552e-04,-1.39732722935710044349e-04,8.78960191444757318706e-04,6.09523951565090556411e-04,2.28787708241473398962e-12,2.26801705981826165653e-12,2.28787708241473398962e-12,True,2.26801705981826165653e-12,True,series tail and order change; rounding and minimizer search are not enclosed
262144,18,joint_window,1.34,1.0446011975212153,64,1.05116263727957140461e-02,8.80424335917872301349e-03,8.51625354301383148681e-03,2.55468040958712672150e-01,5.57821201230326342370e-16,-1.53600116169193019050e-04,-1.48353491137791617185e-04,-1.50100837676499362580e-04,7.98874459373655849623e-04,5.32817122429671209856e-04,2.25196345845946505424e-12,2.23235402420895095946e-12,2.25196345845946505424e-12,True,2.23235402420895095946e-12,True,series tail and order change; rounding and minimizer search are not enclosed
262144,18,joint_window,1.35,1.0449340422788362,64,1.07748644335418086726e-02,9.11314384733545590489e-03,8.80669696988255548686e-03,2.55549736490059853367e-01,5.56573185997571617819e-16,-1.63651827481093529310e-04,-1.58885819692130246528e-04,-1.60609858377985153036e-04,7.25784534251556557108e-04,4.63243037556536937493e-04,2.21758176428232434487e-12,2.19822246333334983854e-12,2.21758176428232434487e-12,True,2.19822246333334983854e-12,True,series tail and order change; rounding and minimizer search are not enclosed
262144,18,joint_window,1.36,1.0452668870364572,64,1.10450004360897555827e-02,9.42809973757724288645e-03,9.10233117169063910001e-03,2.55631433434737265209e-01,5.55327692723675015856e-16,-1.73895039018469744346e-04,-1.69568069082918354562e-04,-1.71267830139314181093e-04,6.59009062855311347415e-04,4.00131955912633304959e-04,2.18465803733216895228e-12,2.16554833491744079608e-12,2.18465803733216895228e-12,True,2.16554833491744079608e-12,True,series tail and order change; rounding and minimizer search are not enclosed
262144,18,joint_window,1.37,1.0455997317940782,64,1.13220636408765153169e-02,9.74910368636326511715e-03,9.40312567352188065362e-03,2.55713131793839310024e-01,5.54084716947701974560e-16,-1.84333329238633601352e-04,-1.80407900271841283371e-04,-1.82082334519673540510e-04,5.97928536414678692482e-04,3.42876516687326429820e-04,2.15312260787816983943e-12,2.13426188149977008503e-12,2.15312260787816983943e-12,True,2.13426188149977008503e-12,True,series tail and order change; rounding and minimizer search are not enclosed
262144,18,joint_window,1.38,1.0459325765516991,64,1.16060760197273394462e-02,1.00761464739558929959e-02,9.70904819924595097191e-03,2.55794831568460223625e-01,5.52844254215052386470e-16,-1.94970219537029653550e-04,-1.91412546173059649329e-04,-1.93060521469994462312e-04,5.41979654922829343251e-04,2.90926117142379021038e-04,2.12290972890248841687e-12,2.10429726099454286185e-12,2.12290972890248841687e-12,True,2.10429726099454286185e-12,True,series tail and order change; rounding and minimizer search are not enclosed
262144,18,joint_window,1.39,1.0462654213093203,64,1.18970524938088132588e-02,1.04092170568284240334e-02,1.00200647443543025550e-02,2.55876532759694075292e-01,5.51606300077454977950e-16,-2.05809169380362540214e-04,-2.02588840841616676589e-04,-2.04209138437101960645e-04,4.90650173413910537130e-04,2.43781772075818740052e-04,2.09395724804766808655e-12,2.07559221935106012179e-12,2.09395724804766808655e-12,True,2.07559221935106012179e-12,True,series tail and order change; rounding and minimizer search are not enclosed
262144,18,joint_window,1.4,1.0465982660669413,64,1.21950012068907480411e-02,1.07483026199351131696e-02,1.03361396482000780783e-02,2.55958235368634823281e-01,5.50370850092965830081e-16,-2.16853571818589148032e-04,-2.13943246115224847137e-04,-2.15534556923796657632e-04,4.43474190122006587875e-04,2.00991414795182008098e-04,2.06620631706450684825e-12,2.04808780074924908411e-12,2.06620631706450684825e-12,True,2.04808780074924908411e-12,True,series tail and order change; rounding and minimizer search are not enclosed
262144,18,joint_window,1.41,1.0469311108245622,64,1.24999238277044757289e-02,1.10933886287727986181e-02,1.06572356655442995049e-02,2.56039939396376647895e-01,5.49137899825958222071e-16,-2.28106749387607578988e-04,-2.25481875962192136742e-04,-2.27042796757725116874e-04,4.00027840205803488383e-04,1.62145603269248127828e-04,2.03960113458168878851e-12,2.02172809114638078329e-12,2.03960113458168878851e-12,True,2.02172809114638078329e-12,True,series tail and order change; rounding and minimizer search are not enclosed
262144,18,joint_window,1.42,1.0472639555821832,64,1.28118158752105869985e-02,1.14444588811619535340e-02,1.09833140373099911319e-02,2.56121644844013174325e-01,5.47907444847121645181e-16,-2.39571950408776473268e-04,-2.37210518760797408125e-04,-2.38739548294551436405e-04,3.59925361998567983155e-04,1.26873598386366393496e-04,2.01408871837421667551e-12,1.99645999134527887973e-12,2.01408871837421667551e-12,True,1.99645999134527887973e-12,True,series tail and order change; rounding and minimizer search are not enclosed
262144,18,joint_window,1.43,1.0475968003398042,64,1.31306670607825512476e-02,1.18014955586868523774e-02,1.13143345604620297606e-02,2.56203351712638305315e-01,5.46679480733455590446e-16,-2.51252345686419796197e-04,-2.49134657711716717490e-04,-2.50630192757036410894e-04,3.22815505562042376168e-04,9.48397840967465471885e-05,1.98961870364388833489e-12,1.97223301609038763767e-12,1.98961870364388833489e-12,True,1.97223301609038763767e-12,True,series tail and order change; rounding and minimizer search are not enclosed
262144,18,joint_window,1.44,1.0479296450974254,64,1.34564616416246573410e-02,1.21644792777361315794e-02,1.16502556569302861966e-02,2.56285060003346276680e-01,5.45454003068264223861e-16,-2.63151025599802756288e-04,-2.61259489563588249983e-04,-2.62719820890291522533e-04,2.88378255858322046692e-04,6.57404017248923287385e-05,1.96614316414619256315e-12,1.94899911601879822266e-12,1.96614316414619256315e-12,True,1.94899911601879822266e-12,True,series tail and order change; rounding and minimizer search are not enclosed
262144,18,joint_window,1.45,1.0482624898550463,64,1.37891787801607580699e-02,1.25333891400887641882e-02,1.19910344415085773351e-02,2.56366769717230269521e-01,5.44231007441154611449e-16,-2.75270997581728796982e-04,-2.73589941812908991545e-04,-2.75013250094457029765e-04,2.56321845044110480007e-04,3.93005729474889519684e-05,1.94361645330263665723e-12,1.92671251959823496064e-12,1.94361645330263665723e-12,True,1.92671251959823496064e-12,True,series tail and order change; rounding and minimizer search are not enclosed
262144,18,joint_window,1.46,1.0485953346126673,64,1.41287929046292112106e-02,1.29082027829994158696e-02,1.23366267886587908931e-02,2.56448480855384353116e-01,5.43010489448026562672e-16,-2.87615183972707907228e-04,-2.86130688522951001293e-04,-2.87515040179592415090e-04,2.26380030393837224870e-04,1.52715879274102472451e-05,1.92199506272691372304e-12,1.90532959247291864766e-12,1.92199506272691372304e-12,True,1.90532959247291864766e-12,True,series tail and order change; rounding and minimizer search are not enclosed
262144,18,joint_window,1.47,1.0489281793702883,64,1.44752740666531983654e-02,1.32888964287343116361e-02,1.26869873981669822882e-02,2.56530193418901986124e-01,5.41792444691071644357e-16,-3.00186420236111780116e-04,-2.98886164891041519395e-04,-3.00229507872225775608e-04,1.98309616134558169918e-04,-6.57156312935739907237e-06,1.90123749586633761086e-12,1.88480883760484964473e-12,1.90123749586633761086e-12,True,1.88480883760484964473e-12,True,series tail and order change; rounding and minimizer search are not enclosed
262144,18,joint_window,1.48,1.0492610241279092,64,1.48285882921393042527e-02,1.36754449335194164239e-02,1.30420698595931604247e-02,2.56611907408877015779e-01,5.40576868778766968418e-16,-3.12987453517742271469e-04,-3.11860580680780761706e-04,-3.13160740190137959135e-04,1.71888199097514846872e-04,-2.64324350898059841298e-05,1.88130415471614284152e-12,1.86511065403545381961e-12,1.88130415471614284152e-12,True,1.86511065403545381961e-12,True,series tail and order change; rounding and minimizer search are not enclosed
262144,18,joint_window,1.49,1.0495938688855304,64,1.51886979224191785015e-02,1.40678218358632201035e-02,1.34018267154780608419e-02,2.56693622826402290116e-01,5.39363757325869768433e-16,-3.26020941531037378863e-04,-3.25057932623609973505e-04,-3.26312606789928892972e-04,1.46912119589806528354e-04,-4.44951683006424451102e-05,1.86215723780305368697e-12,1.84619682576015771176e-12,1.86215723780305368697e-12,True,1.84619682576015771176e-12,True,series tail and order change; rounding and minimizer search are not enclosed
262144,18,joint_window,1.5,1.0499267136431514,64,1.55555619431157910598e-02,1.44659994042185113122e-02,1.37662095232516344667e-02,2.56775339672571989436e-01,5.38153105953415328888e-16,-3.39289451747872613380e-04,-3.38482015883727685446e-04,-3.39688771381391587181e-04,1.23194600266350568580e-04,-6.09263415102094134162e-05,1.84376064785595167220e-12,1.82803113804394000322e-12,1.84376064785595167220e-12,True,1.82803113804394000322e-12,True,series tail and order change; rounding and minimizer search are not enclosed
262144,18,joint_window,1.51,1.0502595584007723,64,1.59291362987547258090e-02,1.48699486839576379416e-02,1.41351689158220814035e-02,2.56857057948479405862e-01,5.36944910288707420237e-16,-3.52795460874115278382e-04,-3.52136434671166320340e-04,-3.53292702293511815675e-04,1.00564057044325285621e-04,-7.58766532648068629200e-05,1.82607990778337068871e-12,1.81057899853395744127e-12,1.82607990778337068871e-12,True,1.81057899853395744127e-12,True,series tail and order change; rounding and minimizer search are not enclosed
262144,18,joint_window,1.52,1.0505924031583933,64,1.63093741916270247583e-02,1.52796395436284714736e-02,1.45086546608047123330e-02,2.56938777655217276408e-01,5.35739165965316622572e-16,-3.66541354588225710975e-04,-3.66024612078995727552e-04,-3.67127682268226802204e-04,7.88625673042707712925e-05,-8.94824465611967069349e-05,1.80908208376310939210e-12,1.79380736106574000405e-12,1.80908208376310939210e-12,True,1.79380736106574000405e-12,True,series tail and order change; rounding and minimizer search are not enclosed
262144,18,joint_window,1.53,1.0509252479160143,64,1.66962263638715906200e-02,1.56950407204714537102e-02,1.48866157183696560390e-02,2.57020498793879392796e-01,5.34535868623074507775e-16,-3.80529427521625850106e-04,-3.80149799213656824914e-04,-3.81196817550769149335e-04,5.79444817350275329180e-05,-1.01867090371636517224e-04,1.79273571441520447421e-12,1.77768465549688155319e-12,1.79273571441520447421e-12,True,1.77768465549688155319e-12,True,series tail and order change; rounding and minimizer search are not enclosed
262144,18,joint_window,1.54,1.0512580926736355,64,1.70896413621406950689e-02,1.61161198651747494814e-02,1.52690002976864462603e-02,2.57102221365558936128e-01,5.33335013908067821668e-16,-3.94761883459326078094e-04,-3.94515083680328521726e-04,-3.95503046338737274806e-04,3.76751672147621996349e-05,-1.13142230686043301587e-04,1.77701074517912004867e-12,1.76218072268652777692e-12,1.77701074517912004867e-12,True,1.76218072268652777692e-12,True,series tail and order change; rounding and minimizer search are not enclosed
262144,18,joint_window,1.55,1.0515909374312564,64,1.74895657845642732431e-02,1.65428435858483956211e-02,1.56557559119461647823e-02,2.57183945371348809950e-01,5.32136597472636413255e-16,-4.09240835739931637510e-04,-4.09123397479351901679e-04,-4.10049146645766280500e-04,1.79298691014932337379e-05,-1.23408922675504313616e-04,1.76187846714855216724e-12,1.74726675387203126359e-12,1.76187846714855216724e-12,True,1.74726675387203126359e-12,True,series tail and order change; rounding and minimizer search are not enclosed
262144,18,joint_window,1.56,1.0519237821888774,64,1.78959445100285510777e-02,1.69751774912055494737e-02,1.60468294319529337921e-02,2.57265670812342528428e-01,5.30940614975364064210e-16,-4.23968307835045910004e-04,-4.23977524364485720831e-04,-4.24837743630745480472e-04,-1.40731776669439393163e-06,-1.32758654703753198323e-04,1.74731148470360002482e-12,1.73291523381138003906e-12,1.74731148470360002482e-12,True,1.73291523381138003906e-12,True,series tail and order change; rounding and minimizer search are not enclosed
262144,18,joint_window,1.57,1.0522566269464984,64,1.83087209100270820183e-02,1.74130862329311859871e-02,1.64421671382698787733e-02,2.57347397689632606532e-01,5.29747062081076418121e-16,-4.38946234088574867294e-04,-4.39080106708681500161e-04,-4.39871316438053810288e-04,-2.04443792212327470656e-05,-1.41274274013493986125e-04,1.73328389624186128712e-12,1.71909988716309288193e-12,1.73328389624186128712e-12,True,1.71909988716309288193e-12,True,series tail and order change; rounding and minimizer search are not enclosed
262144,18,joint_window,1.58,1.0525894717041193,64,1.87278370435522492632e-02,1.78565335472321631838e-02,1.68417147719164411734e-02,2.57429126004312558429e-01,5.28555934460834768209e-16,-4.54176460597693378018e-04,-4.54433651918875400333e-04,-4.55152204590557937086e-04,-3.92822220997948281574e-05,-1.49030823163253436361e-04,1.71977037982715126984e-12,1.70579562766406558150e-12,1.71977037982715126984e-12,True,1.70579562766406558150e-12,True,series tail and order change; rounding and minimizer search are not enclosed
262144,18,joint_window,1.59,1.0529223164617405,64,1.91532338356475081986e-02,1.83054822955572293885e-02,1.72454175836162897084e-02,2.57510855757474732552e-01,5.27367227791930732516e-16,-4.69660746218361190712e-04,-4.70040538437505647090e-04,-4.70682613972839627992e-04,-5.80154330656690181704e-05,-1.56096295473824082543e-04,1.70674706872504412336e-12,1.69297850974288693113e-12,1.70674706872504412336e-12,True,1.69297850974288693113e-12,True,series tail and order change; rounding and minimizer search are not enclosed
262144,18,joint_window,1.6,1.0532551612193615,64,1.95848512403621784206e-02,1.87598945044790098302e-02,1.76532203815909505273e-02,2.57592586950212587560e-01,5.26180937757884380362e-16,-4.85400763679127295047e-04,-4.85903021364595625459e-04,-4.86464622438653390701e-04,-7.67329634925654720853e-05,-1.62532317092183411014e-04,1.69419118396877722620e-12,1.68062568227175022391e-12,1.69419118396877722620e-12,True,1.68062568227175022391e-12,True,series tail and order change; rounding and minimizer search are not enclosed
262144,18,joint_window,1.61,1.0535880059769824,64,2.00226283889403909588e-02,1.92197314047361789147e-02,1.80650675779104631646e-02,2.57674319583618471885e-01,5.24997060048434272975e-16,-5.01398100788592003541e-04,-5.02023237731668431350e-04,-5.02500185073722314966e-04,-9.55187473627207983681e-05,-1.68394762597183196909e-04,1.68208098985885677837e-12,1.66871534421554589232e-12,1.68208098985885677837e-12,True,1.66871534421554589232e-12,True,series tail and order change; rounding and minimizer search are not enclosed
262144,18,joint_window,1.62,1.0539208507346034,64,2.04665037241238446930e-02,1.96849534694270751622e-02,1.84809032333979501861e-02,2.57756053658785233562e-01,5.23815590359535589947e-16,-5.17654261722422584513e-04,-5.18403211455148275888e-04,-5.18791139141659349288e-04,-1.14452258500939832225e-04,-1.73734310490325115015e-04,1.67039575122065059997e-12,1.65722670198377914992e-12,1.67039575122065059997e-12,True,1.65722670198377914992e-12,True,series tail and order change; rounding and minimizer search are not enclosed
262144,18,joint_window,1.63,1.0542536954922244,64,2.09164151214870953910e-02,2.01555204513565698610e-02,1.89006711011041501902e-02,2.57837789176805720626e-01,5.22636524393354311383e-16,-5.34170668377719967679e-04,-5.35044857995172450094e-04,-5.35339208738638046986e-04,-1.33609012918230153025e-04,-1.78596944300031204187e-04,1.65911569226197744595e-12,1.64613992832963506299e-12,1.65911569226197744595e-12,True,1.64613992832963506299e-12,True,series tail and order change; rounding and minimizer search are not enclosed
262144,18,joint_window,1.64,1.0545865402498453,64,2.13722999987321950199e-02,2.06313914195341771562e-02,1.93243146683579718192e-02,2.57919526138772281509e-01,5.21459857858262188916e-16,-5.50948661782984638186e-04,-5.51949988742732149116e-04,-5.52146009180031187985e-04,-1.53061021516197505324e-04,-1.83024404596966581331e-04,1.64822195690471217956e-12,1.63543612267286137090e-12,1.64822195690471217956e-12,True,1.63543612267286137090e-12,True,series tail and order change; rounding and minimizer search are not enclosed
262144,18,joint_window,1.65,1.0549193850074665,64,2.18340954138582024613e-02,2.11125247948240890583e-02,1.97517771974077688268e-02,2.58001264545777875270e-01,5.20285586468830632031e-16,-5.67989503553489351317e-04,-5.69120315156435886694e-04,-5.69213051139962761260e-04,-1.72877197921860451717e-04,-1.87054596637397800617e-04,1.63769657049021758195e-12,1.62509727274943669026e-12,1.63769657049021758195e-12,True,1.62509727274943669026e-12,True,series tail and order change; rounding and minimizer search are not enclosed
262144,18,joint_window,1.66,1.0552522297650875,64,2.23017381531074310175e-02,2.15988783847481206901e-02,2.01830017646662841779e-02,2.58083004398914628297e-01,5.19113705945829721994e-16,-5.85294377382545444322e-04,-5.86557452667991335860e-04,-5.86541744563023100673e-04,-1.93123725787437895045e-04,-1.90721957993199964882e-04,1.62752240277941540050e-12,1.61510621751223448687e-12,1.62752240277941540050e-12,True,1.61510621751223448687e-12,True,series tail and order change; rounding and minimizer search are not enclosed
262144,18,joint_window,1.67,1.0555850745227084,64,2.27751648095589759313e-02,2.20904094174492610092e-02,2.06179312985790529067e-02,2.58164745699275166579e-01,5.17944212016216871970e-16,-6.02864390560455768592e-04,-6.04262924374127964600e-04,-6.04133402365667881301e-04,-2.13864389484241161719e-04,-1.94057790067352932666e-04,1.61768313218494776631e-12,1.60544661122382354316e-12,1.61768313218494776631e-12,True,1.60544661122382354316e-12,True,series tail and order change; rounding and minimizer search are not enclosed
262144,18,joint_window,1.68,1.0559179192803294,64,2.32543118531936890414e-02,2.25870745748130291597e-02,2.10565086161287884359e-02,2.58246488447951838552e-01,5.16777100413136136776e-16,-6.20700575513456406784e-04,-6.22238164530724332385e-04,-6.21989243943191910668e-04,-2.35160871746354835626e-04,-1.97090557070569657745e-04,1.60816321118624545975e-12,1.59610288869610284804e-12,1.60816321118624545975e-12,True,1.59610288869610284804e-12,True,series tail and order change; rounding and minimizer search are not enclosed
262144,18,joint_window,1.69,1.0562507640379506,64,2.37391156932211279396e-02,2.30888300247581793045e-02,2.14986764580003403280e-02,2.58328232646036992648e-01,5.15612366875911211736e-16,-6.38803891356152803854e-04,-6.40484521863921626300e-04,-6.40110398496766559023e-04,-2.57073021489042773807e-04,-1.99846155639762902093e-04,1.59894783288831473679e-12,1.58706023164156787146e-12,1.59894783288831473679e-12,True,1.58706023164156787146e-12,True,series tail and order change; rounding and minimizer search are not enclosed
262144,18,joint_window,1.7,1.0565836087955716,64,2.42295127334078048975e-02,2.35956314526985025393e-02,2.19443775224213398489e-02,2.58409978294622977302e-01,5.14450007150043263316e-16,-6.57175225451446434061e-04,-6.59003262711436391813e-04,-6.58497908193834448343e-04,-2.79659094715062046897e-04,-2.02348158024385658613e-04,1.59002289869296292958e-12,1.57830453610895851928e-12,1.59002289869296292958e-12,True,1.57830453610895851928e-12,True,series tail and order change; rounding and minimizer search are not enclosed
262144,18,joint_window,1.75,1.0582478325836766,64,2.67631754079130854129e-02,2.62037472696568449204e-02,2.42238766428265438202e-02,2.58818728333289338472e-01,5.08673667215148609068e-16,-7.53078401344180019261e-04,-7.55721638311452302561e-04,-7.54461534392875977917e-04,-4.04651298123802675120e-04,-2.11742462322559826500e-04,1.54930717142214473888e-12,1.53838296460118844792e-12,1.54930717142214473888e-12,True,1.53838296460118844792e-12,True,series tail and order change; rounding and minimizer search are not enclosed
262144,18,joint_window,1.8,1.0599120563717817,64,2.94271970598215318327e-02,2.89311392620483845417e-02,2.65831400597549769027e-02,2.59227514798282321351e-01,5.02956037930866276941e-16,-8.55776597131967936560e-04,-8.59397017477046311351e-04,-8.57195205331435280266e-04,-5.54637652727749748578e-04,-2.17325833162498936561e-04,1.51409331480576833786e-12,1.50387837059634115864e-12,1.51409331480576833786e-12,True,1.50387837059634115864e-12,True,series tail and order change; rounding and minimizer search are not enclosed
262144,18,joint_window,1.85,1.0615762801598867,64,3.22138325548349396810e-02,3.17718946039279373506e-02,2.90151300689623428686e-02,2.59636337826070651147e-01,4.97296594400922202769e-16,-9.65309220505632115117e-04,-9.70110576987141814964e-04,-9.66747035417239893029e-04,-7.36079058074653861700e-04,-2.20425205364104307391e-04,1.48324726507891973736e-12,1.47366103470125499254e-12,1.48324726507891973736e-12,True,1.47366103470125499254e-12,True,series tail and order change; rounding and minimizer search are not enclosed
262144,18,joint_window,1.9,1.0632405039479917,64,3.51155302677793254573e-02,3.47199948319155751730e-02,3.15129747712206281784e-02,2.60045197553087081843e-01,4.91694815549842587956e-16,-1.08168200463675760054e-03,-1.08790933458124006866e-03,-1.08312836076500905447e-03,-9.55382385114427498500e-04,-2.21894944454565322661e-04,1.45588708576396307450e-12,1.44685486826321634949e-12,1.45588708576396307450e-12,True,1.44685486826321634949e-12,True,series tail and order change; rounding and minimizer search are not enclosed
262144,18,joint_window,1.95,1.0649047277360968,64,3.81249588766342586976e-02,3.77693792403691330772e-02,3.40700215894603614109e-02,2.60454094115728729264e-01,4.86150184106635917219e-16,-1.20487113591465425100e-03,-1.21281125429721983733e-03,-1.20631902026893840507e-03,-1.21905101679633002740e-03,-2.22292315583736869262e-04,1.43132659118624736875e-12,1.42278022584949616290e-12,1.43132659118624736875e-12,True,1.42278022584949616290e-12,True,series tail and order change; rounding and minimizer search are not enclosed
262144,18,joint_window,2.0,1.0665689515242018,64,4.12350211111124284602e-02,4.09139984564920317078e-02,3.66798773683029988302e-02,2.60863027650356571474e-01,4.80662186588362859476e-16,-1.33482700285794154971e-03,-1.34480950211718266324e-03,-1.33627181275487554035e-03,-1.53376369756705603804e-03,-2.21985280813062944112e-04,1.40903070140393320867e-12,1.40090866062759547058e-12,1.40903070140393320867e-12,True,1.40090866062759547058e-12,True,series tail and order change; rounding and minimizer search are not enclosed
262144,18,joint_window,2.05,1.0682331753123069,64,4.44388609955600130674e-02,4.41478592002350692103e-02,3.93364370412461680782e-02,2.61271998293296003890e-01,4.75230313283601644669e-16,-1.47147757693433071935e-03,-1.48387604642662932625e-03,-1.47291631813399950812e-03,-1.90640959584946717391e-03,-2.21219547273856289313e-04,1.38858062210265135495e-12,1.38082771604401996954e-12,1.38858062210265135495e-12,True,1.38082771604401996954e-12,True,series tail and order change; rounding and minimizer search are not enclosed
262144,18,joint_window,2.1,1.069897399100412,64,4.77298678092097361514e-02,4.74650612107071281920e-02,4.20339027043696786268e-02,2.61681006180836894792e-01,4.69854058235810691446e-16,-1.61473145032671114296e-03,-1.62996473942710051741e-03,-1.61616221252751986887e-03,-2.34409645309932492679e-03,-2.20160816630709241844e-04,1.36964699468882819141e-12,1.36221386182345058931e-12,1.36964699468882819141e-12,True,1.36221386182345058931e-12,True,series tail and order change; rounding and minimizer search are not enclosed
262144,18,joint_window,2.15,1.071561622888517,64,5.11016782342203074174e-02,5.08598272725650016324e-02,4.47667947583775746589e-02,2.62090051449234251457e-01,4.64532919226593416095e-16,-1.76448056019054295290e-03,-1.78301397730387407164e-03,-1.76590216955828816642e-03,-2.85414218810632093482e-03,-2.18921763121861722660e-04,1.35196934865916039381e-12,1.34481185744702492205e-12,1.35196934865916039381e-12,True,1.34481185744702492205e-12,True,series tail and order change; rounding and minimizer search are not enclosed
262144,18,joint_window,2.2,1.073225846676622,64,5.45481772952178048386e-02,5.43265272123499495804e-02,4.75299565913741561829e-02,2.62499134234707387492e-01,4.59266397758867885135e-16,-1.92060262887869346443e-03,-1.94294901136304962869e-03,-1.92201441507223406285e-03,-3.44405645063854863944e-03,-2.17579488560519024786e-04,1.33534044208383014224e-12,1.32841908371819060835e-12,1.33534044208383014224e-12,True,1.32841908371819060835e-12,True,series tail and order change; rounding and minimizer search are not enclosed
262144,18,joint_window,2.25,1.074890070464727,64,5.80634983013400829410e-02,5.78596966631136633286e-02,5.03185540856484619932e-02,2.62908254673440811011e-01,4.54053999039946439147e-16,-2.08296334766004155592e-03,-2.10968396497275990226e-03,-2.08436498586720905801e-03,-4.12151627598247860540e-03,-2.16186962284279976174e-04,1.31959434208802140044e-12,1.31287365930814945892e-12,1.31959434208802140044e-12,True,1.31287365930814945892e-12,True,series tail and order change; rounding and minimizer search are not enclosed
262144,18,joint_window,2.3,1.0765542942528321,64,6.16420218487264831575e-02,6.14540513209822711338e-02,5.31280710511642453864e-02,2.63317412901584113616e-01,4.48895231964527457230e-16,-2.25141832893004621707e-03,-2.28312359910055710788e-03,-2.25280973165955730741e-03,-4.89433854781854468102e-03,-2.14780612682092126578e-04,1.30459734205610616161e-12,1.29804541509288515921e-12,1.30459734205610616161e-12,True,1.29804541509288515921e-12,True,series tail and order change; rounding and minimizer search are not enclosed
262144,18,joint_window,2.35,1.0782185180409372,64,6.52783739010051738960e-02,6.51044973430418560945e-02,5.59543015214332487006e-02,2.63726609055252414482e-01,4.43789609097604241757e-16,-2.42581484938240478366e-03,-2.46316486070700859518e-03,-2.42719609165425488639e-03,-5.77045106614710451298e-03,-2.13385425151273958738e-04,1.29024102044168163697e-12,1.28382901645509506164e-12,1.29024102044168163697e-12,True,1.28382901645509506164e-12,True,series tail and order change; rounding and minimizer search are not enclosed
262144,18,joint_window,2.4,1.0798827418290422,64,6.89674229719670767169e-02,6.88061384644125112464e-02,5.87933396965859833561e-02,2.64135843270525805249e-01,4.38736646657292995577e-16,-2.60599340430224882259e-03,-2.64969824205940097939e-03,-2.60736467151044190582e-03,-6.75786342752437898390e-03,-2.12018404354519853514e-04,1.27643691408672123300e-12,1.27013869833450125536e-12,1.27643691408672123300e-12,True,1.27013869833450125536e-12,True,series tail and order change; rounding and minimizer search are not enclosed
262144,18,joint_window,2.45,1.0815469656171472,64,7.27042764560826559883e-02,7.25542803450494044881e-02,6.16415681847564400631e-02,2.64545115683450349220e-01,4.33735864497585512316e-16,-2.79178909110706918728e-03,-2.84260897440932573665e-03,-2.79315064243663112309e-03,-7.86463853300176790606e-03,-2.10690950603900287305e-04,1.26311240993857549285e-12,1.25690421303727787430e-12,1.26311240993857549285e-12,True,1.25690421303727787430e-12,True,series tail and order change; rounding and minimizer search are not enclosed
262144,18,joint_window,2.5,1.0832111894052523,64,7.64842761743294713428e-02,7.63444325945198259964e-02,6.44956450761523386594e-02,2.64954426430038192386e-01,4.28786786091026924880e-16,-2.98303283848891896690e-03,-3.04177807593876935177e-03,-2.98438498110932363960e-03,-9.09886527159622059135e-03,-2.09410507101472455945e-04,1.25020755884267079044e-12,1.24406769309710251625e-12,1.25020755884267079044e-12,True,1.24406769309710251625e-12,True,series tail and order change; rounding and minimizer search are not enclosed
262144,18,joint_window,2.55,1.0848754131933573,64,8.03029932193583956268e-02,8.01723088661162180957e-02,6.73524902835891531305e-02,2.65363775646266675245e-01,4.23888938511325562629e-16,-3.17955249596244687860e-03,-3.24708327109273289790e-03,-3.18089556675542339814e-03,-1.04686327397112491355e-02,-2.08181712231017047605e-04,1.23767259001040571080e-12,1.23158120773539805216e-12,1.23767259001040571080e-12,True,1.23158120773539805216e-12,True,series tail and order change; rounding and minimizer search are not enclosed
262144,18,joint_window,2.6,1.0865396369814624,64,8.41562221940809623844e-02,8.40338253602678914023e-02,7.02092714974829334995e-02,2.65773163468079665073e-01,4.19041852415895015804e-16,-3.38117379726025207853e-03,-3.45839979617051235250e-03,-3.38250814985923721478e-03,-1.19820062232311713019e-02,-2.07007212380217299821e-04,1.22546596054039854615e-12,1.21940484787740406811e-12,1.22546596054039854615e-12,True,1.21940484787740406811e-12,True,series tail and order change; rounding and minimizer search are not enclosed
262144,18,joint_window,2.65,1.0882038607695674,64,8.80399749417609955859e-02,8.79250980311783864041e-02,7.30633900309195505329e-02,2.66182590031387056317e-01,4.14245062028333140394e-16,-3.58772120980512150556e-03,-3.67560110419197505482e-03,-3.58904720540666882789e-03,-1.36470050714279662191e-02,-2.05888239514653056516e-04,1.21355281573456823448e-12,1.20750521627974247098e-12,1.21355281573456823448e-12,True,1.20750521627974247098e-12,True,series tail and order change; rounding and minimizer search are not enclosed
262144,18,joint_window,2.7,1.0898680845576725,64,9.19504738650357283936e-02,9.18424387496587640856e-02,7.59124667698177352237e-02,2.66592055472065381228e-01,4.09498105120841553307e-16,-3.79901868139783695233e-03,-3.89855948049739990668e-03,-3.80033668227032148113e-03,-1.54715825209764436254e-02,-2.04825024487136363215e-04,1.20190376660182155453e-12,1.19585423000803861317e-12,1.20190376660182155453e-12,True,1.19585423000803861317e-12,True,series tail and order change; rounding and minimizer search are not enclosed
262144,18,joint_window,2.75,1.0915323083457773,64,9.58841449270487616863e-02,9.57823506389367251845e-02,7.87543283929498377782e-02,2.67001559925957199226e-01,4.04800522996588230945e-16,-4.01489029427523104465e-03,-4.12714657920587243978e-03,-4.01620065920603105947e-03,-1.74636074751891856582e-02,-2.03817094304099485913e-04,1.19049391369069634692e-12,1.18442816518879822306e-12,1.19049391369069634692e-12,True,1.18442816518879822306e-12,True,series tail and order change; rounding and minimizer search are not enclosed
262144,18,joint_window,2.8,1.0931965321338826,64,9.98376104214384191282e-02,9.97415227683852712026e-02,8.15869939852112563416e-02,2.67411103528872207136e-01,4.00151860472012767459e-16,-4.23516083579241441048e-03,-4.36123388950730543623e-03,-4.23646391693534470069e-03,-1.96308482055561339674e-02,-2.02863487045345581346e-04,1.17930206332823176663e-12,1.17320689079714942073e-12,1.17930206332823176663e-12,True,1.17320689079714942073e-12,True,series tail and order change; rounding and minimizer search are not enclosed
262144,18,joint_window,2.85,1.0948607559219874,64,1.03807681590039752040e-01,1.03716824362235240931e-01,8.44086621337261922005e-02,2.67820686416586850598e-01,3.95551665859090760135e-16,-4.45965629415955196191e-03,-4.60069313975532828698e-03,-4.46095243489714327056e-03,-2.19809579143885498731e-02,-2.01962907787221995597e-04,1.16831009500311617590e-12,1.16217325079835949002e-12,1.16831009500311617590e-12,True,1.16217325079835949002e-12,True,series tail and order change; rounding and minimizer search are not enclosed
262144,18,joint_window,2.9,1.0965249797100927,64,1.07791351158697021329e-01,1.07705298656071438157e-01,8.72176985690473749457e-02,2.68230308724844435098e-01,3.90999490947534149154e-16,-4.68820428691022784984e-03,-4.84539664644746334576e-03,-4.68949382045284572651e-03,-2.45214620776418659731e-02,-2.01113841944726878981e-04,1.15750244814131493097e-12,1.15131256337407962630e-12,1.15750244814131493097e-12,True,1.15131256337407962630e-12,True,series tail and order change; rounding and minimizer search are not enclosed
262144,18,joint_window,2.95,1.0981892034981975,64,1.11785785852904828719e-01,1.11704156512756905273e-01,9.00126243917015456120e-02,2.68639970589355681074e-01,3.86494890986965968658e-16,-4.92063442907969550433e-03,-5.09521761439368954527e-03,-4.92191767760018911160e-03,-2.72597474734198701174e-02,-2.00314637761521104672e-04,1.14686570370332120763e-12,1.14061221306051724132e-12,1.14686570370332120763e-12,True,1.14061221306051724132e-12,True,series tail and order change; rounding and minimizer search are not enclosed
262144,18,joint_window,3.0,1.0998534272863028,64,1.15788318946630303108e-01,1.15710769891217923888e-01,9.27921049069212050542e-02,2.69049672145797946765e-01,3.82037424669033024335e-16,-5.15677864743591118923e-03,-5.35003039368620730842e-03,-5.15805592159301190547e-03,-3.02030527931709084910e-02,-1.99563566289590185125e-04,1.13638824148323670243e-12,1.13006131700530815507e-12,1.13638824148323670243e-12,True,1.13006131700530815507e-12,True,series tail and order change; rounding and minimizer search are not enclosed
262144,18,fixed_power,0.30044036359396215,1.01,96,2.32994418190363801122e-03,8.89030870783047040376e-10,8.89030859748090814317e-10,2.46982802406764012648e-01,7.02210792393058841393e-16,3.90029175112920599173e-04,2.41095981333206449415e-01,2.41095981332545034048e-01,2.65812527929013491246e+01,2.65812527928477173589e+01,3.99010652669745265694e-08,3.99010652558751722647e-08,7.14229102527497161645e-08,True,7.14229173581770737655e-08,True,series tail and order change; rounding and minimizer search are not enclosed
262144,18,fixed_power,0.6008807271879243,1.02,64,2.98621603435961571749e-03,2.86903264877213845367e-05,2.86841787357967439626e-05,2.49433602775279067432e-01,6.57367441407962136636e-16,2.83776147436189574332e-04,1.65855916768437375297e-02,1.65820376461744377339e-02,2.40143209496864518115e+00,2.40092111811665587240e+00,2.19977110011206667073e-10,2.19930696212453118221e-10,1.18706156015946362459e-09,True,1.18681731109404609015e-09,True,series tail and order change; rounding and minimizer search are not enclosed
262144,18,fixed_power,0.9013210907818865,1.03,64,4.28550236862633091017e-03,9.13411442080404008606e-04,9.09013631898211238794e-04,2.51885604726352130278e-01,6.15119179317306829544e-16,1.52907148500619981778e-04,5.13756738533004153092e-04,5.11212291558644452844e-04,5.46261950575521737505e-02,5.42412200739980990272e-02,8.97538203287467544955e-12,8.94381485909984341080e-12,3.00659497298738642712e-11,True,2.98819649580117641108e-11,True,series tail and order change; rounding and minimizer search are not enclosed
262144,18,fixed_power,1.5022018179698107,1.05,64,1.56372417213146569503e-02,1.45544472101400926972e-02,1.38470565024270790555e-02,2.56793332426625109388e-01,5.37886872588731785396e-16,-3.42242754897356411120e-04,-3.41468573563790149181e-04,-3.42664437950030527011e-04,1.18124165296451394945e-04,-6.43402874036442563865e-05,1.83980738783908560687e-12,1.82412841328285305745e-12,1.83980738783908560687e-12,True,1.82412841328285305745e-12,True,series tail and order change; rounding and minimizer search are not enclosed
262144,18,fixed_power,2.253302726954713,1.075,64,5.82979867004797397412e-02,5.80952896668537818736e-02,5.05035378848362956350e-02,2.62935280264485649049e-01,4.53711590116804997635e-16,-2.09390421563586566489e-03,-2.12093472103994963585e-03,-2.09530517832333222639e-03,-4.16953680326959987001e-03,-2.16094167411005774965e-04,1.31858192490637099249e-12,1.31187333771668582912e-12,1.31858192490637099249e-12,True,1.31187333771668582912e-12,True,series tail and order change; rounding and minimizer search are not enclosed
262144,18,fixed_power,3.0044036359396213,1.1,64,1.16141136148782908588e-01,1.16063931192650182656e-01,9.30361202314286123150e-02,2.69085757582120721487e-01,3.81647087259406181161e-16,-5.17774892989446289260e-03,-5.37270747319086930394e-03,-5.17902569236820126131e-03,-3.04723386010001470736e-02,-1.99499664959636597563e-04,1.13547274754999823959e-12,1.12913890770039046949e-12,1.13547274754999823959e-12,True,1.12913890770039046949e-12,True,series tail and order change; rounding and minimizer search are not enclosed
262144,18,fixed_power,4.506605453909426,1.15,64,2.31883716745721335517e-01,2.31857402815325880363e-01,1.66338193807252343603e-01,2.81414141449873145273e-01,2.67753125767527484985e-16,-1.33018762063204787349e-02,-1.48171826396707242979e-02,-1.33030708529188468336e-02,-2.44363489313984938445e-01,-1.92183533320811950930e-04,8.69396253236486184332e-13,8.58465403894445837570e-13,8.69396253236486184332e-13,True,8.58465403894445837570e-13,True,series tail and order change; rounding and minimizer search are not enclosed
262144,18,fixed_power,6.0088072718792365,1.2,64,3.27694249318364771995e-01,3.27680000000000026805e-01,2.19929072016202736828e-01,2.93782149799831859838e-01,1.85660647477735116084e-16,-2.16605460039798053407e-02,-2.62411903776707255975e-02,-2.16617482845815473302e-02,-7.65023294868962144832e-01,-1.99271403449665464097e-04,6.65469105408600382754e-13,6.49183393444728557422e-13,6.65469105408600382754e-13,True,6.49183393444728557422e-13,True,series tail and order change; rounding and minimizer search are not enclosed
262144,18,fixed_power,7.511009089849048,1.25,64,4.03246853090369117290e-01,4.03237402439117431641e-01,2.59180357765401492287e-01,3.06193425614168013293e-01,1.27158890281189772502e-16,-2.89614909795787439650e-02,-3.83747211736510940305e-02,-2.89627326457261441428e-02,-1.63138107136698762289e+00,-2.11735984612471068783e-04,5.06374508498029789117e-13,4.86134088788841205825e-13,5.06374508498029789117e-13,True,4.86134088788841205825e-13,True,series tail and order change; rounding and minimizer search are not enclosed
262144,18,fixed_power,9.013210907818857,1.3,64,4.63040547405862090713e-01,4.63033551265942477926e-01,2.88789010916076727131e-01,3.18651592588365506487e-01,8.59502543425497381873e-17,-3.47789470454596683080e-02,-5.06018222326822461610e-02,-3.47802412009797778936e-02,-2.84861373118988492337e+00,-2.26535970727364741051e-04,3.82331905482312664104e-13,3.60068556776036911740e-13,3.82331905482312664104e-13,True,3.60068556776036911740e-13,True,series tail and order change; rounding and minimizer search are not enclosed
262144,18,fixed_power,12.017614543758473,1.4,64,5.50338670102399674100e-01,5.50334077948180566686e-01,3.30145309393032881928e-01,3.43723018532124391378e-01,3.75641078659009409959e-17,-4.17806312862354645166e-02,-7.42346364868040620166e-02,-4.17820433423022746799e-02,-6.31400071551604380460e+00,-2.58403818589539508756e-04,2.13144771724566211160e-13,1.93380008439761130088e-13,2.13144771724566211160e-13,True,1.93380008439761130088e-13,True,series tail and order change; rounding and minimizer search are not enclosed
262144,18,fixed_power,15.022018179698096,1.5,64,6.10355006700793012442e-01,6.10351562500000000000e-01,3.57509534293642405878e-01,3.69025157164765693629e-01,1.52863260928892972912e-17,-4.32351275985602273577e-02,-9.60404647561461100036e-02,-4.32366586755394965991e-02,-1.11078372421235922474e+01,-2.89871340757375634770e-04,1.20653049064575392323e-13,1.12350389796420863745e-13,4.70734562441066373140e-13,True,1.12350389796420863745e-13,True,series tail and order change; rounding and minimizer search are not enclosed
1048576,20,joint_window,0.0,1.0,96,9.65826086531451199341e-04,0.00000000000000000000e+00,0.00000000000000000000e+00,2.44533173793497621284e-01,7.49786258826540693388e-16,2.41503197561788253466e-04,2.38748120932375240688e-01,2.38748120932375240688e-01,2.63422489892483220331e+01,2.63422489892483220331e+01,4.27738213193778248717e-08,4.27738213193778248717e-08,7.61225287249089888064e-08,True,7.61225287249089888064e-08,True,series tail and order change; rounding and minimizer search are not enclosed
1048576,20,joint_window,0.05,1.0014978014092946,96,9.93494166921668909326e-04,5.76224440248182137298e-61,5.76224440248296825616e-61,2.44900006076008008860e-01,7.42480901747671857033e-16,2.34150524079850371395e-04,2.39107610385930258179e-01,2.39107610385930258179e-01,2.63819842479590889184e+01,2.63819842479590889184e+01,4.24759052898393903744e-08,4.24759052898393903744e-08,7.55950431141627632314e-08,True,7.55950431141627632314e-08,True,series tail and order change; rounding and minimizer search are not enclosed
1048576,20,joint_window,0.1,1.0029956028185891,96,1.02306508069552716880e-03,7.30448019910885764280e-31,7.30448019910916855590e-31,2.45266864076018803464e-01,7.35239537963178572466e-16,2.26680630695693063848e-04,2.39467153892721801300e-01,2.39467153892721801300e-01,2.64217248079721080956e+01,2.64217248079721080956e+01,4.21796320653074376554e-08,4.21796320653074376554e-08,7.50704174379279720597e-08,True,7.50704174379279720597e-08,True,series tail and order change; rounding and minimizer search are not enclosed
1048576,20,joint_window,0.15,1.0044934042278837,96,1.05476100439633917530e-03,7.90534048202218369239e-21,7.90534048202218369239e-21,2.45633747893983706012e-01,7.28061683361876523984e-16,2.19083551899972462512e-04,2.39826751646554980901e-01,2.39826751646554980901e-01,2.64614717487998412082e+01,2.64614717487998412082e+01,4.18849965605009707642e-08,4.18849965605009707642e-08,7.45486232744951848872e-08,True,7.45486232744951848872e-08,True,series tail and order change; rounding and minimizer search are not enclosed
1048576,20,joint_window,0.2,1.0059912056371783,96,1.08884059287965855208e-03,8.22404065432440699636e-16,8.22404065432417329632e-16,2.46000657630329383485e-01,7.20946856640306272405e-16,2.11348180261773915117e-04,2.40186403644770785082e-01,2.40186403644770785082e-01,2.65012262599916894601e+01,2.65012262599916894601e+01,4.15919902292338132047e-08,4.15919902292338132047e-08,7.40296535184370441129e-08,True,7.40296535184370441129e-08,True,series tail and order change; rounding and minimizer search are not enclosed
1048576,20,joint_window,0.25,1.0074890070464726,96,1.12560670774090832921e-03,8.42138028591366647684e-13,8.42138028578387828444e-13,2.46367593385454636268e-01,7.13894579297030875413e-16,2.03462080264760181679e-04,2.40545909262055157551e-01,2.40545909262055157551e-01,2.65409734030096302604e+01,2.65409734030096302604e+01,4.12970848962589447289e-08,4.12970848962588917893e-08,7.35086373992999142502e-08,True,7.35086373992999142502e-08,True,series tail and order change; rounding and minimizer search are not enclosed
1048576,20,joint_window,0.3,1.0089868084557672,96,1.16541614995984256845e-03,8.55555112701621767923e-11,8.55555111572541299044e-11,2.46734555259732174504e-01,7.06904375626774552416e-16,1.95411263239436423355e-04,2.40885380620428080078e-01,2.40885380620401046148e-01,2.65791022833411823001e+01,2.65791022833389902758e+01,4.06564382005005974170e-08,4.06564382000355829464e-08,7.25122681899392773630e-08,True,7.25122646372255985625e-08,True,series tail and order change; rounding and minimizer search are not enclosed
1048576,20,joint_window,0.35,1.0104846098650617,96,1.20869200840643281104e-03,2.32125169738825967199e-09,2.32125162539286128788e-09,2.47101543353506869494e-01,6.99975772714422016864e-16,1.87179913504257797695e-04,2.40709635985055514507e-01,2.40709635967833512904e-01,2.65754664585740307814e+01,2.65754664571768586256e+01,3.24668668559851118698e-08,3.24668666371393731922e-08,6.07728232182580541121e-08,True,6.07728196655443753116e-08,True,series tail and order change; rounding and minimizer search are not enclosed
1048576,20,joint_window,0.4,1.0119824112743563,96,1.25593944785319091770e-03,2.75948117037651916146e-08,2.75948027077053444795e-08,2.47468557767097058209e-01,6.93108300428859247509e-16,1.78750052903323467229e-04,2.35106815503850069549e-01,2.35106813414546866881e-01,2.61286281341138248990e+01,2.61286279624576849301e+01,7.19901480794221706493e-09,7.19901251625190071190e-09,1.66987952354702429147e-08,True,1.66987916827565641142e-08,True,series tail and order change; rounding and minimizer search are not enclosed
1048576,20,joint_window,0.45,1.0134802126836508,64,1.30776605226085290007e-03,1.89243050624981822789e-07,1.89242670640358115741e-07,2.47835598600794571045e-01,6.86301491416675222942e-16,1.70101127045185057923e-04,2.01384449616160560170e-01,2.01384377303202494192e-01,2.32599212965733137537e+01,2.32599148817057006511e+01,7.99718958952332704098e-09,7.99717378650968300282e-09,2.87417449840177141596e-08,True,2.87416952460262109526e-08,True,series tail and order change; rounding and minimizer search are not enclosed
1048576,20,joint_window,0.5,1.0149780140929454,64,1.36490824229631990683e-03,8.83026137630484212352e-07,8.83018615380175631089e-07,2.48202665954863982423e-01,6.79554881095721365338e-16,1.61209491330417534812e-04,1.12596176901727129671e-01,1.12595554744500850330e-01,1.44899584339259455135e+01,1.44898898719450386352e+01,1.76383847286934064157e-09,1.76382381638975085320e-09,7.60366347662966290955e-09,True,7.60361373863815970253e-09,True,series tail and order change; rounding and minimizer search are not enclosed
1048576,20,joint_window,0.55,1.01647581550224,64,1.42826584164212596131e-03,3.11385866250871202885e-06,3.11377276418367404868e-06,2.48569759929543943056e-01,6.72868007648533327975e-16,1.52047768047811266475e-04,3.80086616655456177583e-02,3.80076233896363621656e-02,5.40011070421591465873e+00,5.39997059556666947344e+00,5.07206428733497631009e-10,5.07192551391901127658e-10,2.62116284233115948155e-09,True,2.62109800530652137240e-09,True,series tail and order change; rounding and minimizer search are not enclosed
1048576,20,joint_window,0.6,1.0179736169115345,64,1.49894762704245814409e-03,8.90026673276500814263e-06,8.89961701829897467418e-06,2.48936880625045930948e-01,6.66240412015615718174e-16,1.42584036456845696193e-04,1.33377984345051624204e-02,1.33368247743320417903e-02,1.95185628972163605077e+00,1.95171507538358901535e+00,1.77631453457634872557e-10,1.77618591509450636266e-10,9.76291270049500781170e-10,True,9.76222658266578946495e-10,True,series tail and order change; rounding and minimizer search are not enclosed
1048576,20,joint_window,0.65,1.019471418320829,64,1.57833172165707273302e-03,2.16439731199202998178e-05,2.16403915473059977280e-05,2.49304028141555583664e-01,6.59671637888596954003e-16,1.32780805837847201570e-04,5.49305276762091648779e-03,5.49214375294011184631e-03,8.02603362979100176666e-01,8.02468346769002582874e-01,7.33297802032806398043e-11,7.33178535597956879688e-11,4.05602107456104477023e-10,True,4.05535494074626967631e-10,True,series tail and order change; rounding and minimizer search are not enclosed
1048576,20,joint_window,0.7,1.0209692197301234,64,1.66814603014687145265e-03,4.63593406373473911389e-05,4.63439361837250651810e-05,2.49671202579231588103e-01,6.53161231703252677045e-16,1.22593705709362011053e-04,2.56833562037330279115e-03,2.56748202054677592335e-03,3.67997929447410498938e-01,3.67869965248569130711e-01,3.46364190204462667181e-11,3.46253041542912573829e-11,1.87334592283150414005e-10,True,1.87271254059595548824e-10,True,series tail and order change; rounding and minimizer search are not enclosed
1048576,20,joint_window,0.75,1.022467021139418,64,1.77057556069397121351e-03,8.97078721797144642549e-05,8.96535322991723272919e-05,2.50038404038207373592e-01,6.46708742632400087789e-16,1.11969807847523100501e-04,1.32875591999950999102e-03,1.32795036219527859411e-03,1.83516282993836515880e-01,1.83395011182631212376e-01,1.83083738991268471475e-11,1.82979653485842811638e-11,9.44041234074433077694e-11,True,9.43441436085379336873e-11,True,series tail and order change; rounding and minimizer search are not enclosed
1048576,20,joint_window,0.8,1.0239648225487126,64,1.88840525702252555983e-03,1.59840546660640678680e-04,1.59677345431990109744e-04,2.50405632618589391036e-01,6.40313722578676614302e-16,1.00845471834150215810e-04,7.45687714726456381785e-04,7.44924221167132783426e-04,9.73892098380820109282e-02,9.72740131272910452109e-02,1.06517809015116973999e-11,1.06419922830196279941e-11,5.09219888478185112035e-11,True,5.08653119624113969621e-11,True,series tail and order change; rounding and minimizer search are not enclosed
1048576,20,joint_window,0.85,1.0254626239580071,64,2.02520827259270981904e-03,2.66091261118175514012e-04,2.65661869678213548394e-04,2.50772888420458639480e-01,6.33975726167188024408e-16,8.91435827761456972638e-05,4.46449996332730803406e-04,4.45723658050319179388e-04,5.40143808835499977805e-02,5.39046387605521121200e-02,6.73016010154128398791e-12,6.72092048362947235186e-12,2.89134341469043931738e-11,True,2.88597479247698629479e-11,True,series tail and order change; rounding and minimizer search are not enclosed
1048576,20,joint_window,0.9,1.0269604253673017,64,2.18558893290320870387e-03,4.18581773066413953197e-04,4.17569885594055837958e-04,2.51140171543869750170e-01,6.27694310738043632163e-16,7.67700352580756866135e-05,2.80712870258069998718e-04,2.80019614237486072928e-04,3.08532364274968322337e-02,3.07483903068883276943e-02,4.56365427784316869296e-12,4.55490507439852661372e-12,1.70386482700735086837e-11,True,1.69877618916292050244e-11,True,series tail and order change; rounding and minimizer search are not enclosed
1048576,20,joint_window,0.95,1.0284582267765963,64,2.37548363425585168027e-03,6.27797116183149181250e-04,6.25623682018218224207e-04,2.51507482088851708202e-01,6.21469036338774062654e-16,6.36093312563269547462e-05,1.82110361977974995152e-04,1.81446787091167562218e-04,1.79388243155205566459e-02,1.78383894939475248775e-02,3.28452015083230718289e-12,3.27621284251656592422e-12,1.02982934679918258780e-11,True,1.02498842746712170992e-11,True,series tail and order change; rounding and minimizer search are not enclosed
1048576,20,joint_window,1.0,1.0299560281858908,64,2.60250545719838350181e-03,9.04178604072110206173e-04,8.99863833347396935118e-04,2.51874820155407741495e-01,6.15299465716636406908e-16,4.95192405522603871192e-05,1.18975290138710479773e-04,1.18338560231365480351e-04,1.05205425322722583015e-02,1.04241067886986140539e-02,2.48299140614968769900e-12,2.47508592249921710387e-12,6.32131152977777333035e-12,True,6.27516788531679026164e-12,True,series tail and order change; rounding and minimizer search are not enclosed
1048576,20,joint_window,1.05,1.0314538295951854,64,2.87628035812399155541e-03,1.25776617854946319748e-03,1.24975921551380214289e-03,2.52242185843515709376e-01,6.09185164310809232093e-16,3.43246849864761423635e-05,7.51180326110748594962e-05,7.45058251167932149902e-05,6.18245356951113624738e-03,6.08967584623413323713e-03,1.95298810521567290357e-12,1.94545168383688449685e-12,3.90940751993085200411e-12,True,3.86531692070368748659e-12,True,series tail and order change; rounding and minimizer search are not enclosed
1048576,20,joint_window,1.1,1.03295163100448,64,3.20865781099851331282e-03,1.69790738340407153066e-03,1.68388943544242977203e-03,2.52609579253127713994e-01,6.03125700244479517783e-16,1.78114334306985139592e-05,4.17205945585716201154e-05,4.11311112323502854268e-05,3.62553708046804918155e-03,3.53615217600891131033e-03,1.58522435419881914654e-12,1.57803071829052066052e-12,2.42160588456719061412e-12,True,2.37948593120873574946e-12,True,series tail and order change; rounding and minimizer search are not enclosed
1048576,20,joint_window,1.15,1.0344494324137745,64,3.61359967646653545623e-03,2.23303872035207672322e-03,2.20970861006297442791e-03,2.52977000484170100325e-01,5.97120644316823884851e-16,-2.79133325326204329020e-07,1.36827221708907915618e-05,1.31147751801344346692e-05,2.11828324923604444791e-03,2.03211646793231186583e-03,1.31912952047087048359e-12,1.31225823651661482752e-12,1.49744713157096143163e-12,True,1.45710266769016882904e-12,True,series tail and order change; rounding and minimizer search are not enclosed
1048576,20,joint_window,1.2,1.0359472338230689,64,4.10651926094489361230e-03,2.87053708004155177375e-03,2.83339021402630392502e-03,2.53344449636544399862e-01,5.91169569994889441820e-16,-2.02521730883752386007e-05,-1.21225430943036225837e-05,-1.26693516412770606702e-05,1.23407909377932318781e-03,1.15107442701046515897e-03,1.11987517279400433492e-12,1.11331106733814995506e-12,1.11987517279400433492e-12,True,1.11331106733814995506e-12,True,series tail and order change; rounding and minimizer search are not enclosed
1048576,20,joint_window,1.21,1.0362467941049278,64,4.21704576891602980065e-03,3.01088985431165146942e-03,2.97031783710841089732e-03,2.53417942826368702836e-01,5.89985795575621267394e-16,-2.45026690030819126881e-05,-1.72075094009863311176e-05,-1.77500492677182394527e-05,1.10752417970728304734e-03,1.02515862587405459476e-03,1.08605595544895959446e-12,1.07955188483515148373e-12,1.08605595544895959446e-12,True,1.07955188483515148373e-12,True,series tail and order change; rounding and minimizer search are not enclosed
1048576,20,joint_window,1.22,1.0365463543867868,64,4.33183887452688251574e-03,3.15563456837670772148e-03,3.11138873088108577555e-03,2.53491437137840225358e-01,5.88804160078921355732e-16,-2.88452662368957014546e-05,-2.22988658989320604788e-05,-2.28371005720290017917e-05,9.93956055177566775299e-04,9.12235307205944883149e-04,1.05393847291183139353e-12,1.04749405171531947644e-12,1.05393847291183139353e-12,True,1.04749405171531947644e-12,True,series tail and order change; rounding and minimizer search are not enclosed
1048576,20,joint_window,1.23,1.0368459146686457,64,4.45101563182846195199e-03,3.30481353508453330053e-03,3.25663253831708944530e-03,2.53564932571757883917e-01,5.87624660130785368234e-16,-3.32829886686765875209e-05,-2.74083019886073851225e-05,-2.79421837791808767154e-05,8.92063037556087594024e-04,8.10994484402602117297e-04,1.02341405022525191708e-12,1.01702892557818949875e-12,1.02341405022525191708e-12,True,1.01702892557818949875e-12,True,series tail and order change; rounding and minimizer search are not enclosed
1048576,20,joint_window,1.24,1.0371454749505045,64,4.57468934091359233363e-03,3.45846717184239557316e-03,3.40607670028374946020e-03,2.53638429128920372957e-01,5.86447292361446135437e-16,-3.78189052619831147725e-05,-3.25467111489890852626e-05,-3.30761804154476026993e-05,8.00660596955327531071e-04,7.20253442641402173360e-04,9.94383595046084890619e-13,9.88057445354920089654e-13,9.94383595046084890619e-13,True,9.88057445354920089654e-13,True,series tail and order change; rounding and minimizer search are not enclosed
1048576,20,joint_window,1.25,1.0374450352323634,64,4.70296900665638940159e-03,3.61663400447493179127e-03,3.55974646787210946206e-03,2.53711926810126553455e-01,5.85272053405368529419e-16,-4.24561246828031053219e-05,-3.77242651380955539703e-05,-3.82492494592897788741e-05,7.18679339147693823676e-04,6.38944729372181588825e-04,9.66756567552613099536e-13,9.60489101161890649756e-13,9.66756567552613099536e-13,True,9.60489101161890649756e-13,True,series tail and order change; rounding and minimizer search are not enclosed
1048576,20,joint_window,1.26,1.0377445955142224,64,4.83595883945865234049e-03,3.77935067340322543988e-03,3.71766491759613262186e-03,2.53785425616175397412e-01,5.84098939901251140126e-16,-4.71977896184213371183e-05,-4.29504800928006249053e-05,-4.34708933904348615584e-05,6.45154165313574024312e-04,5.66105321816891510038e-04,9.40450061210028325938e-13,9.34241015011520919321e-13,9.40450061210028325938e-13,True,9.34241015011520919321e-13,True,series tail and order change; rounding and minimizer search are not enclosed
1048576,20,joint_window,1.27,1.0380441557960813,64,4.97375780697182755946e-03,3.94665194201834421128e-03,3.87985296930625509285e-03,2.53858925547865210692e-01,5.82927948492020260315e-16,-5.20470708544825983594e-05,-4.82342754888818959699e-05,-4.87500170981581409935e-05,5.79214472309746747532e-04,5.00866835154668930269e-04,9.15387982849823492796e-13,9.09237120836645514224e-13,9.15387982849823492796e-13,True,9.09237120836645514224e-13,True,series tail and order change; rounding and minimizer search are not enclosed
1048576,20,joint_window,1.28,1.0383437160779403,64,5.11645924443030527401e-03,4.11857070712132958962e-03,4.04632940665800109464e-03,2.53932426605994743252e-01,5.81759075824828406431e-16,-5.70071611717230808392e-05,-5.35840267997376345013e-05,-5.40949804872447540666e-05,5.20075276288049456221e-04,4.42446654215097878726e-04,8.91500321978724098802e-13,8.85407433744632023458e-13,8.91500321978724098802e-13,True,8.85407433744632023458e-13,True,series tail and order change; rounding and minimizer search are not enclosed
1048576,20,joint_window,1.29,1.038643276359799,64,5.26415052961148963867e-03,4.29513801130705728110e-03,4.21711089998185340716e-03,2.54005928791362745045e-01,5.80592318551052149246e-16,-6.20812691270338813665e-05,-5.90076125865701467052e-05,-5.95136455145278686629e-05,4.67029158910517330598e-04,3.90139887910984117011e-04,8.68722500436309285586e-13,8.62687399621076908026e-13,8.68722500436309285586e-13,True,8.62687399621076908026e-13,True,series tail and order change; rounding and minimizer search are not enclosed
1048576,20,joint_window,1.3,1.038942836641658,64,5.41691282661294331441e-03,4.47638305717236017339e-03,4.39221203140254413261e-03,2.54079432104767521938e-01,5.79427673326285901577e-16,-6.72726127847301331661e-05,-6.45124566613774087093e-05,-6.50134182973988302909e-05,4.19438949387164862828e-04,3.43312059628523603971e-04,8.46994794509821483127e-13,8.41017317192205297776e-13,8.46994794509821483127e-13,True,8.41017317192205297776e-13,True,series tail and order change; rounding and minimizer search are not enclosed
1048576,20,joint_window,1.31,1.039242396923517,64,5.57482090069109145064e-03,4.66233322322917934089e-03,4.57164532205603813680e-03,2.54152936547007934909e-01,5.78265136810344580691e-16,-7.25844134634437074260e-05,-7.01055658847823861407e-05,-7.06012868563924778434e-05,3.76731067460327466879e-04,3.01392458687513309108e-04,8.26261822427415585010e-13,8.20341825467897015274e-13,8.26261822427415585010e-13,True,8.20341825467897015274e-13,True,series tail and order change; rounding and minimizer search are not enclosed
1048576,20,joint_window,1.32,1.039541957205376,64,5.73794300444785757009e-03,4.85301408141205255914e-03,4.75542126126048993184e-03,2.54226442118882234311e-01,5.77104705667257396024e-16,-7.80198895620122945954e-05,-7.57935640920868406584e-05,-7.62838549853245241270e-05,3.38389462507777873806e-04,2.63868088030087615762e-04,8.06472090820380717990e-13,8.00609450156506513986e-13,8.06472090820380717990e-13,True,8.00609450156506513986e-13,True,series tail and order change; rounding and minimizer search are not enclosed
1048576,20,joint_window,1.33,1.0398415174872349,64,5.90634083377170309576e-03,5.04844941606760657521e-03,4.94354833749547500910e-03,2.54299948821188892545e-01,5.75946376565265581212e-16,-8.35822505239379801023e-05,-8.15827225810575621875e-05,-8.20673726825832654946e-05,3.03950092397856661084e-04,2.30278151756857588908e-04,7.87577594303366146018e-13,7.81772203201152284357e-13,7.87577594303366146018e-13,True,7.81772203201152284357e-13,True,series tail and order change; rounding and minimizer search are not enclosed
1048576,20,joint_window,1.34,1.0401410777690936,64,6.08006955021197972172e-03,5.24866124431985336257e-03,5.13603307105245029951e-03,2.54373456654726437520e-01,5.74790146176821210791e-16,-8.92746909950168201012e-05,-8.74789875429768555570e-05,-8.79577635251514678913e-05,2.72995892821037801964e-04,2.00209033228170723857e-04,7.69533462795286952378e-13,7.63785230060897368779e-13,7.69533462795286952378e-13,True,7.63785230060897368779e-13,True,series tail and order change; rounding and minimizer search are not enclosed
1048576,20,joint_window,1.35,1.0404406380509525,64,6.25917786498708054316e-03,5.45366983770933632519e-03,5.33288004821694510554e-03,2.54446965620292897547e-01,5.73636011178580297672e-16,-9.51003852226372983075e-05,-9.34880047731826866950e-05,-9.39606493217021209244e-05,2.45152193735454708001e-04,1.73289720350032309948e-04,7.52297651615820880946e-13,7.46606499772095267737e-13,7.52297651615820880946e-13,True,7.46606499772095267737e-13,True,series tail and order change; rounding and minimizer search are not enclosed
1048576,20,joint_window,1.36,1.0407401983328115,64,6.44370817861686286804e-03,5.66349374500431032575e-03,5.53409195685363418382e-03,2.54520475718687133604e-01,5.72483968251405849971e-16,-1.01062481738171667904e-04,-9.96151419575972080570e-05,-1.00081372341372706186e-04,2.20082544487782089202e-04,1.49187639589981949073e-04,7.35830669761891687376e-13,7.30196533195200508921e-13,7.35830669761891687376e-13,True,7.30196533195200508921e-13,True,series tail and order change; rounding and minimizer search are not enclosed
1048576,20,joint_window,1.37,1.0410397586146705,64,6.63369676928655428727e-03,5.87814981609090410342e-03,5.73966962326477852380e-03,2.54593986950707007466e-01,5.71334014080361067089e-16,-1.07164098356630327867e-04,-1.05865508797358103682e-04,-1.06325015380364078926e-04,1.97484913260520344004e-04,1.27604864369161824077e-04,7.20095342110007472919e-13,7.14518165193253341890e-13,7.20095342110007472919e-13,True,7.14518165193253341890e-13,True,series tail and order change; rounding and minimizer search are not enclosed
1048576,20,joint_window,1.38,1.0413393188965292,64,6.82917402247908752327e-03,6.09765322684839659179e-03,5.94961205019819538292e-03,2.54667499317150825000e-01,5.70186145354708550845e-16,-1.13408317519922744419e-04,-1.12243975203181055485e-04,-1.12696419898149148738e-04,1.77088229911025895778e-04,1.08274666872074624849e-04,7.05056601614203770181e-13,6.99536336812396091261e-13,7.05056601614203770181e-13,True,6.99536336812396091261e-13,True,series tail and order change; rounding and minimizer search are not enclosed
1048576,20,joint_window,1.39,1.0416388791783882,64,7.03016469416125038688e-03,6.32201750492231585171e-03,6.16391645588566794434e-03,2.54741012818817225138e-01,5.69040358767904093203e-16,-1.19798182002551112553e-04,-1.18755187764635122480e-04,-1.19200202428516302197e-04,1.58649244118378579538e-04,9.09583851835641136671e-05,6.90681307882137297515e-13,6.85217913847438230714e-13,6.90681307882137297515e-13,True,6.85217913847438230714e-13,True,series tail and order change; rounding and minimizer search are not enclosed
1048576,20,joint_window,1.4,1.0419384394602471,64,7.23668819983746582081e-03,6.55125455630847612631e-03,6.38257831399471637496e-03,2.54814527456503792102e-01,5.67896651017599535887e-16,-1.26336690991188317808e-04,-1.25403584676161603505e-04,-1.25840769447395231864e-04,1.41949673158965356673e-04,7.54425800560963903067e-05,6.76938088817878599307e-13,6.71531528481440568220e-13,6.76938088817878599307e-13,True,6.71531528481440568220e-13,True,series tail and order change; rounding and minimizer search are not enclosed
1048576,20,joint_window,1.41,1.042237999742106,64,7.44875892206960966979e-03,6.78537469266985056315e-03,6.60559139438515307424e-03,2.54888043231008776246e-01,5.66755018805635374813e-16,-1.33026796542951887548e-04,-1.32193409281245030304e-04,-1.32622330858978010326e-04,1.26793615705261044366e-04,6.15364576859755600191e-05,6.63797202319396219904e-13,6.58447440987675303137e-13,6.63797202319396219904e-13,True,6.58447440987675303137e-13,True,series tail and order change; rounding and minimizer search are not enclosed
1048576,20,joint_window,1.42,1.042537560023965,64,7.66638652953312207255e-03,7.02438665930595149828e-03,6.83294780456178939276e-03,2.54961560143130594458e-01,5.65615458838039872621e-16,-1.39871400420824498409e-04,-1.39128722378110752586e-04,-1.39548912243543372751e-04,1.13005209797286185333e-04,4.90695366428766619219e-05,6.51230415312329949654e-13,6.45937418775881500398e-13,6.51230415312329949654e-13,True,6.45937418775881500398e-13,True,series tail and order change; rounding and minimizer search are not enclosed
1048576,20,joint_window,1.43,1.0428371203058238,64,7.88957630131995393818e-03,7.26829766370166215766e-03,7.06463803172143519488e-03,2.55035078193666775448e-01,5.64477967825026987914e-16,-1.46873351299506901130e-04,-1.46213413414358049149e-04,-1.46624365994583419522e-04,1.00426514760420165567e-04,3.78895386974204006775e-05,6.39210897685999772643e-13,6.33974630348979100039e-13,6.39210897685999772643e-13,True,6.33974630348979100039e-13,True,series tail and order change; rounding and minimizer search are not enclosed
1048576,20,joint_window,1.44,1.0431366805876827,64,8.11832945092494200068e-03,7.51711340458568934991e-03,7.30065098529733298022e-03,2.55108597383415958149e-01,5.63342542480989472724e-16,-1.54035442330287698082e-04,-1.53451210684150984344e-04,-1.53852381458837285735e-04,8.89155982081106630206e-05,2.78604846880067854166e-05,6.27713128971498739687e-13,6.22533552010265077785e-13,6.27713128971498739687e-13,True,6.22533552010265077785e-13,True,series tail and order change; rounding and minimizer search are not enclosed
1048576,20,joint_window,1.45,1.0434362408695417,64,8.35264344514821503729e-03,7.77083810142818482564e-03,7.54097403990500441545e-03,2.55182117713175615759e-01,5.62209179524501830742e-16,-1.61360409049824109901e-04,-1.60845690628919893092e-04,-1.61236494180370601437e-04,7.83448106181779363281e-05,1.88609778872955317691e-05,6.16712815861787431916e-13,6.11589885421102318327e-13,6.16712815861787431916e-13,True,6.11589885421102318327e-13,True,series tail and order change; rounding and minimizer search are not enclosed
1048576,20,joint_window,1.46,1.0437358011514006,64,8.59251231395385603462e-03,8.02947452431761014846e-03,7.78559307860226049169e-03,2.55255639183743887610e-01,5.61077875678314302254e-16,-1.68850927614896690471e-04,-1.68400286331943588661e-04,-1.68780094339089810351e-04,6.85992311361398213014e-05,1.07826585188458655141e-05,6.06186818917561070159e-13,6.01120484352836107701e-13,6.06186818917561070159e-13,True,6.01120484352836107701e-13,True,series tail and order change; rounding and minimizer search are not enclosed
1048576,20,joint_window,1.47,1.0440353614332594,64,8.83792694811256183962e-03,8.29302402415290837445e-03,8.03449253638003485500e-03,2.55329161795918524458e-01,5.59948627669350793380e-16,-1.76509613342991887597e-04,-1.76118295287216834744e-04,-1.76486434464203549924e-04,5.95752694256663860696e-05,3.52881422760897056463e-06,5.96113087028705300122e-13,5.91103289202775681314e-13,5.96113087028705300122e-13,True,5.91103289202775681314e-13,True,series tail and order change; rounding and minimizer search are not enclosed
1048576,20,joint_window,1.48,1.0443349217151183,64,9.08887538220733495753e-03,8.56148656309524413999e-03,8.28765544379756087523e-03,2.55402685550497554612e-01,5.58821432228703452654e-16,-1.84339019537182145780e-04,-1.84002886514615790134e-04,-1.84358636494784747240e-04,5.11794094401262861455e-05,-2.98686764325912536199e-06,5.86470598407608524250e-13,5.81517285677289626913e-13,5.86470598407608524250e-13,True,5.81517285677289626913e-13,True,series tail and order change; rounding and minimizer search are not enclosed
1048576,20,joint_window,1.49,1.0446344819969773,64,9.34534306126246112900e-03,8.83486074522206454862e-03,8.54506347069128834038e-03,2.55476210448278728826e-01,5.57696286091634939003e-16,-1.92341636572995657722e-04,-1.92057107085642688599e-04,-1.92399698251676746358e-04,4.33270820359180913067e-05,-8.84141904284166614731e-06,5.77239307076556769212e-13,5.72342414509876971845e-13,5.77239307076556769212e-13,True,5.72342414509876971845e-13,True,series tail and order change; rounding and minimizer search are not enclosed
1048576,20,joint_window,1.5,1.0449340422788362,64,9.60731308987361996843e-03,9.11314384733545590489e-03,8.80669696988255548686e-03,2.55549736490059853367e-01,5.56573185997571617819e-16,-2.00519891224752982301e-04,-2.00283888117430827411e-04,-2.00612499378641272532e-04,3.59416543094680910361e-05,-1.41035936213297706765e-05,5.68400093977156736045e-13,5.63559522926626560485e-13,5.68400093977156736045e-13,True,5.63559522926626560485e-13,True,series tail and order change; rounding and minimizer search are not enclosed
1048576,20,joint_window,1.51,1.0452336025606952,64,9.87476646324188939152e-03,9.39633184987284826584e-03,9.07253502081509927146e-03,2.55623263676638512454e-01,5.55452128690101983235e-16,-2.08876146209028808534e-04,-2.08686050286566171508e-04,-2.08999806804275808925e-04,2.89535244898125452195e-05,-1.88347637210878386628e-05,5.59934721975412191282e-13,5.55150359776606504701e-13,5.59934721975412191282e-13,True,5.55150359776606504701e-13,True,series tail and order change; rounding and minimizer search are not enclosed
1048576,20,joint_window,1.52,1.045533162842554,64,1.01476822799619857685e-02,9.68441946787556608156e-03,9.34255547305949847481e-03,2.55696792008812345820e-01,5.54333110916974883194e-16,-2.17412699923485649989e-04,-2.17266308908951400261e-04,-2.17564279771060220189e-04,2.22993121107266621401e-05,-2.30897222464288745904e-05,5.51825794162430696020e-13,5.47097512742434237089e-13,5.51825794162430696020e-13,True,5.47097512742434237089e-13,True,series tail and order change; rounding and minimizer search are not enclosed
1048576,20,joint_window,1.53,1.0458327231244129,64,1.04260379367918081667e-02,9.97740018197232694797e-03,9.61673498962274317381e-03,2.55770321487379381775e-01,5.53216129430092616910e-16,-2.26131786360317214857e-04,-2.26027278627297404864e-04,-2.26308474473201331340e-04,1.59211340355240150524e-05,-2.69173988518044722399e-05,5.44056714959108326509e-13,5.39384369554467545047e-13,5.44056714959108326509e-13,True,5.39384369554467545047e-13,True,series tail and order change; rounding and minimizer search are not enclosed
1048576,20,joint_window,1.54,1.0461322834062718,64,1.07098093059066843541e-02,1.02752662693342596695e-02,9.89504909000558756371e-03,2.55843852113136982496e-01,5.52101180985513794494e-16,-2.35035575174377718913e-04,-2.34971477743409771013e-04,-2.35234848340428251423e-04,9.76595770038378347712e-06,-3.03614990803926673398e-05,5.36611653625256981267e-13,5.31995081613490285828e-13,5.36611653625256981267e-13,True,5.31995081613490285828e-13,True,series tail and order change; rounding and minimizer search are not enclosed
1048576,20,joint_window,1.55,1.0464318436881308,64,1.09989708953829399413e-02,1.05780088345674601336e-02,1.01774721929568153639e-02,2.55917383886882787714e-01,5.50988262343446631630e-16,-2.44126171887696459192e-04,-2.44101332228843217673e-04,-2.44345764001497678733e-04,3.78502372971688058617e-06,-3.34610743280408775495e-05,5.29475509850376633182e-13,5.24914529698611474684e-13,5.29475509850376633182e-13,True,5.24914529698611474684e-13,True,series tail and order change; rounding and minimizer search are not enclosed
1048576,20,joint_window,1.56,1.0467314039699895,64,1.12934959938023587317e-02,1.08856178405032366641e-02,1.04639776588718227263e-02,2.55990916809414159605e-01,5.49877370268248259329e-16,-2.53405618212996152847e-04,-2.53419179443998892828e-04,-2.53643492957443539293e-04,-2.06666925647155374097e-06,-3.62510298065349349642e-05,5.22633892144356897393e-13,5.18128291501114886178e-13,5.22633892144356897393e-13,True,5.18128291501114886178e-13,True,series tail and order change; rounding and minimizer search are not enclosed
1048576,20,joint_window,1.57,1.0470309642518485,64,1.15933567999913847424e-02,1.11980821388562527124e-02,1.07545378317922945416e-02,2.56064450881528737902e-01,5.48768501528418018605e-16,-2.62875892480629418102e-04,-2.62927271592750932266e-04,-2.63130218991794624650e-04,-7.83082410022482649451e-06,-3.87625769842199973617e-05,5.16073073029282983350e-13,5.11622610776895227873e-13,5.16073073029282983350e-13,True,5.11622610776895227873e-13,True,series tail and order change; rounding and minimizer search are not enclosed
1048576,20,joint_window,1.58,1.0473305245337075,64,1.18985245389633832042e-02,1.15153895007147899499e-02,1.10491240809605564127e-02,2.56137986104024051315e-01,5.47661652896599629848e-16,-2.72538910154302522690e-04,-2.72627778936958015815e-04,-2.72808041342110976085e-04,-1.35462547290544801075e-05,-4.10236364041059985977e-05,5.09779934158337282160e-13,5.05384367952529137111e-13,5.09779934158337282160e-13,True,5.05384367952529137111e-13,True,series tail and order change; rounding and minimizer search are not enclosed
1048576,20,joint_window,1.59,1.0476300848155664,64,1.22089695651705631985e-02,1.18375266468388924690e-02,1.13477068418927073967e-02,2.56211522477697406508e-01,5.46556821149575572185e-16,-2.82396524422735351392e-04,-2.82522792792930807840e-04,-2.82678977655015720161e-04,-1.92492512313293648351e-05,-4.30591961819041252747e-05,5.03741986694572529582e-13,4.99401052053561873266e-13,5.03741986694572529582e-13,True,4.99401052053561873266e-13,True,series tail and order change; rounding and minimizer search are not enclosed
1048576,20,joint_window,1.6,1.0479296450974254,64,1.25246614541668441906e-02,1.21644792777361315794e-02,1.16502556569302861966e-02,2.56285060003346276680e-01,5.45454003068264223861e-16,-2.92450526855433283815e-04,-2.92614328329558271227e-04,-2.92744966744437704748e-04,-2.49739051568077826521e-05,-4.48916309591881776365e-05,4.97947323955138796350e-13,4.93660733850371156035e-13,4.97947323955138796350e-13,True,4.93660733850371156035e-13,True,series tail and order change; rounding and minimizer search are not enclosed
1048576,20,joint_window,1.61,1.048229205379284,64,1.28455690837573511393e-02,1.24962321034908195594e-02,1.19567392152426961449e-02,2.56358598681767635430e-01,5.44353195437718580343e-16,-3.02702648112132067029e-04,-3.02904327186022956711e-04,-3.03007871171066811566e-04,-3.07523993380130761114e-05,-4.65409856184654019862e-05,4.92384595569103346338e-13,4.88152040137716667385e-13,4.92384595569103346338e-13,True,4.88152040137716667385e-13,True,series tail and order change; rounding and minimizer search are not enclosed
1048576,20,joint_window,1.62,1.048528765661143,64,1.31716607056766021877e-02,1.28327688733245060676e-02,1.22671253922412987203e-02,2.56432138513759400045e-01,5.43254395047119154567e-16,-3.13154558696620384170e-04,-3.13394659925223017030e-04,-3.13469479659144898906e-04,-3.66152660810710228788e-05,-4.80252276097188008698e-05,4.87042982701875768887e-13,4.82864129079989291068e-13,4.87042982701875768887e-13,True,4.82864129079989291068e-13,True,series tail and order change; rounding and minimizer search are not enclosed
1048576,20,joint_window,1.63,1.048828325943002,64,1.35029040087760298511e-02,1.31740724048632438375e-02,1.25813812883844369783e-02,2.56505679500118433101e-01,5.42157598689776836562e-16,-3.23807869746645538706e-04,-3.24087128337388705873e-04,-3.24131509365201131434e-04,-4.25916171767203805888e-05,-4.93604713577392662720e-05,4.81912174291234610616e-13,4.77786666566403350455e-13,4.81912174291234610616e-13,True,4.77786666566403350455e-13,True,series tail and order change; rounding and minimizer search are not enclosed
1048576,20,joint_window,1.64,1.049127886224861,64,1.38392661746490636815e-02,1.35201246130964326808e-02,1.28994732673440512527e-02,2.56579221641642041263e-01,5.41062803163126483955e-16,-3.34664133852870769592e-04,-3.34983467607144697401e-04,-3.34995608011904753495e-04,-4.87093488039259456929e-05,-5.05611778109067786912e-05,4.76982344248976199788e-13,4.72909803529264772626e-13,4.76982344248976199788e-13,True,4.72909803529264772626e-13,True,series tail and order change; rounding and minimizer search are not enclosed
1048576,20,joint_window,1.65,1.0494274465067197,64,1.41807139265474196899e-02,1.38709065390050685640e-02,1.32213669935168781633e-02,2.56652764939127364663e-01,5.39970005268725147033e-16,-3.45724845900430158632e-04,-3.46085348355859448791e-04,-3.46063355898989285370e-04,-5.49953240979751464411e-05,-5.16403319206658862847e-05,4.72244129588804616149e-13,4.68224154185221657706e-13,4.72244129588804616149e-13,True,4.68224154185221657706e-13,True,series tail and order change; rounding and minimizer search are not enclosed
1048576,20,joint_window,1.66,1.0497270067885787,64,1.45272135723812333141e-02,1.42263983778466353985e-02,1.35470274688517071382e-02,2.56726309393371543432e-01,5.38879201812246743930e-16,-3.56991443927724087098e-04,-3.57394378570028868267e-04,-3.57336267802033352020e-04,-6.14755358230681153882e-05,-5.26096004976745319727e-05,4.67688609445862988255e-13,4.63720775164068538304e-13,4.67688609445862988255e-13,True,4.63720775164068538304e-13,True,series tail and order change; rounding and minimizer search are not enclosed
1048576,20,joint_window,1.67,1.0500265670704376,64,1.48787310425191107027e-02,1.45865795070769868613e-02,1.38764190689801298478e-02,2.56799855005171939748e-01,5.37790389603483342532e-16,-3.68465309997661766978e-04,-3.68912105425357565724e-04,-3.68815794768711114476e-04,-6.81752513401315588491e-05,-5.34794726278675278380e-05,4.63307284956582206205e-13,4.59391145493165181172e-13,4.63307284956582206205e-13,True,4.59391145493165181172e-13,True,series tail and order change; rounding and minimizer search are not enclosed
1048576,20,joint_window,1.68,1.0503261273522966,64,1.52352319230445107379e-02,1.49514285139006417730e-02,1.42095055786347727877e-02,2.56873401775325416185e-01,5.36703565456339145404e-16,-3.80147771077362500725e-04,-3.80640017015501002165e-04,-3.80503325821569728798e-04,-7.51191418328064555851e-05,-5.42593846259294913109e-05,4.59092059969790715140e-13,4.55227147407743834620e-13,4.59092059969790715140e-13,True,4.55227147407743834620e-13,True,series tail and order change; rounding and minimizer search are not enclosed
1048576,20,joint_window,1.69,1.0506256876341555,64,1.55966814850572663143e-02,1.53209232224339915451e-02,1.45462502263412618575e-02,2.56946949704628835320e-01,5.35618726188828813469e-16,-3.92040099922876146554e-04,-3.92579543993268288357e-04,-3.92400189575095852818e-04,-8.23313974949189735994e-05,-5.49578312239272769599e-05,4.55035222561596073472e-13,4.51221047959072919842e-13,4.55035222561596073472e-13,True,4.51221047959072919842e-13,True,series tail and order change; rounding and minimizer search are not enclosed
1048576,20,joint_window,1.7,1.0509252479160143,64,1.59630447105415934628e-02,1.56950407204714537102e-02,1.48866157183696560390e-02,2.57020498793879392796e-01,5.34535868623074507775e-16,-4.04143515965862086536e-04,-4.04732061131570387130e-04,-4.04507655774455267966e-04,-8.98358302477947996342e-05,-5.55824645788175183210e-05,4.51129427327581723863e-13,4.47365481393499890215e-13,4.51129427327581723863e-13,True,4.47365481393499890215e-13,True,series tail and order change; rounding and minimizer search are not enclosed
1048576,20,joint_window,1.75,1.0524230493253088,64,1.78673226069354859624e-02,1.76341198696385453859e-02,1.66414181250826090364e-02,2.57388261667230444640e-01,5.29151195382014976664e-16,-4.67865962950477637383e-04,-4.68733886582006417654e-04,-4.68244523171301458425e-04,-1.32558335414439807569e-04,-5.78176159719416784990e-05,4.33632574561134603682e-13,4.30111477140282998324e-13,4.33632574561134603682e-13,True,4.30111477140282998324e-13,True,series tail and order change; rounding and minimizer search are not enclosed
1048576,20,joint_window,1.8,1.0539208507346034,64,1.98890571258173269598e-02,1.96849534694270751622e-02,1.84809032333979501861e-02,2.57756053658785233562e-01,5.23815590359535589947e-16,-5.37019382062696708918e-04,-5.38236978263368845421e-04,-5.37405460584875274699e-04,-1.86075050112713576405e-04,-5.90010785455179559357e-05,4.18993015369566070391e-13,4.15699489233105843495e-13,4.18993015369566070391e-13,True,4.15699489233105843495e-13,True,series tail and order change; rounding and minimizer search are not enclosed
1048576,20,joint_window,1.85,1.055418652143898,64,2.20236485249872757097e-02,2.18439994157132860719e-02,2.04000069825356622477e-02,2.58123874868123659443e-01,5.18528660923673103660e-16,-6.11701431669383483003e-04,-6.13358182675138516315e-04,-6.12090735557048026133e-04,-2.53340784926853830519e-04,-5.95299842794646267142e-05,4.06615522496239779843e-13,4.03532849033784409821e-13,4.06615522496239779843e-13,True,4.03532849033784409821e-13,True,series tail and order change; rounding and minimizer search are not enclosed
1048576,20,joint_window,1.9,1.0569164535531925,64,2.42664206832394584168e-02,2.41074340921874144539e-02,2.23935544977072534256e-02,2.58491725394801863391e-01,5.13290016987200969754e-16,-6.91982798830777841997e-04,-6.94188311430879445574e-04,-6.92372642023501762981e-04,-3.37461447151937547501e-04,-5.96490278460894319959e-05,3.96034543640536274848e-13,3.93145259521698074152e-13,3.96034543640536274848e-13,True,3.93145259521698074152e-13,True,series tail and order change; rounding and minimizer search are not enclosed
1048576,20,joint_window,1.95,1.058414254962487,64,2.66126470400004956629e-02,2.64712154554290583774e-02,2.44563307255999465295e-02,2.58859605338352005699e-01,5.08099270998250766007e-16,-7.77909608615783444013e-04,-7.80794934141593524601e-04,-7.78298310287489029241e-04,-4.41753488335851435351e-04,-5.95113658807840372736e-05,3.86885958217745111554e-13,3.84172499267433821607e-13,3.86885958217745111554e-13,True,3.84172499267433821607e-13,True,series tail and order change; rounding and minimizer search are not enclosed
1048576,20,joint_window,2.0,1.0599120563717817,64,2.90575739337299264464e-02,2.89311392620483845417e-02,2.65831400597549769027e-02,2.59227514798282321351e-01,5.02956037930866276941e-16,-8.69505676124444210062e-04,-8.73224821790184648623e-04,-8.69892193386556482337e-04,-5.69774148844589753415e-04,-5.92142495722323524820e-05,3.78884793025683353482e-13,3.76330023212327933294e-13,3.78884793025683353482e-13,True,3.76330023212327933294e-13,True,series tail and order change; rounding and minimizer search are not enclosed
1048576,20,joint_window,2.05,1.0614098577810762,64,3.15964427894520061280e-02,3.14828887217982397728e-02,2.87688557860796279009e-02,2.59595453874077231049e-01,4.97859935275493676998e-16,-9.66774609293944396649e-04,-9.71506122567036833892e-04,-9.67158309231740120904e-04,-7.25333704749531074478e-04,-5.88202180500476792314e-05,3.71807701833625857739e-13,3.69395299958915300300e-13,3.71807701833625857739e-13,True,3.69395299958915300300e-13,True,series tail and order change; rounding and minimizer search are not enclosed
1048576,20,joint_window,2.1,1.0629076591903708,64,3.42245113527188740687e-02,3.41220779604588728140e-02,3.10084602970312796233e-02,2.59963422665198118366e-01,4.92810583029409097889e-16,-1.06970177223017406248e-03,-1.07565032278239200436e-03,-1.07008228816493113078e-03,-9.12496215424702002139e-04,-5.83699140928412043530e-05,3.65479243051778371027e-13,3.63193948300771646818e-13,3.65479243051778371027e-13,True,3.63193948300771646818e-13,True,series tail and order change; rounding and minimizer search are not enclosed
1048576,20,joint_window,2.15,1.0644054605996651,64,3.69370737211274224876e-02,3.68442897362833143848e-02,3.32970770721974923534e-02,2.60331421271081442370e-01,4.87807603687085946684e-16,-1.17825611785041684670e-03,-1.18565402744752815267e-03,-1.17863325735304436820e-03,-1.13557268044119910252e-03,-5.78899613391090133102e-05,3.59761176934625703570e-13,3.57588912952476551831e-13,3.59761176934625703570e-13,True,3.57588912952476551831e-13,True,series tail and order change; rounding and minimizer search are not enclosed
1048576,20,joint_window,2.2,1.0659032620089597,64,3.97294788438544432818e-02,3.96451078838439621710e-02,3.56299954216368827686e-02,2.60699449791141457666e-01,4.82850622230500101113e-16,-1.29239189713406792820e-03,-1.30150058407524967657e-03,-1.29276558234400242020e-03,-1.39910906516227872762e-03,-5.73978832943547521810e-05,3.54544152764822010269e-13,3.52472058371181378428e-13,3.54544152764822010269e-13,True,3.52472058371181378428e-13,True,series tail and order change; rounding and minimizer search are not enclosed
1048576,20,joint_window,2.25,1.0674010634182542,64,4.25971472234321288375e-02,4.25201449672187314910e-02,3.80026889516300869776e-02,2.61067508324768215999e-01,4.77939266119386787133e-16,-1.41205025102169711565e-03,-1.42316156651388619342e-03,-1.41242047944007114574e-03,-1.70787082371865383754e-03,-5.69052220127827491306e-05,3.49741276186244409822e-13,3.47757671588843565212e-13,3.49741276186244409822e-13,True,3.47757671588843565212e-13,True,series tail and order change; rounding and minimizer search are not enclosed
1048576,20,joint_window,2.3,1.0688988648275488,64,4.55355856586727933411e-02,4.54650656169174258170e-02,4.04108286526081370016e-02,2.61435596971329231586e-01,4.73073165281433262938e-16,-1.53716069016505453571e-03,-1.55059813153639401012e-03,-1.53752750861173292929e-03,-2.06682505519783761908e-03,-5.64195440030140730613e-05,3.45283145200320260507e-13,3.43377458716974888908e-13,3.45283145200320260507e-13,True,3.43377458716974888908e-13,True,series tail and order change; rounding and minimizer search are not enclosed
1048576,20,joint_window,2.35,1.0703966662368434,64,4.85403999689695900277e-02,4.84756060066103694473e-02,4.28502914352371366835e-02,2.61803715830167538225e-01,4.68251952102423481062e-16,-1.66764246726926017306e-03,-1.68376225842442519415e-03,-1.66800595441879504627e-03,-2.48112112351592381185e-03,-5.59457480012220923654e-05,3.41114025358342879458e-13,3.39276699901441165128e-13,3.41114025358342879458e-13,True,3.39276699901441165128e-13,True,series tail and order change; rounding and minimizer search are not enclosed
1048576,20,joint_window,2.4,1.071894467646138,64,5.16073057224065018245e-02,5.15475899003779644558e-02,4.53171648600838375409e-02,2.62171865000604353835e-01,4.63475261416330882878e-16,-1.80340584658147951025e-03,-1.82259788027381609832e-03,-1.80376610116079159896e-03,-2.95607037141122023366e-03,-5.54869284121736611724e-05,3.37188903176558002999e-13,3.35411295931208502307e-13,3.37188903176558002999e-13,True,3.35411295931208502307e-13,True,series tail and order change; rounding and minimizer search are not enclosed
1048576,20,joint_window,2.45,1.0733922690554325,64,5.47321370501833298627e-02,5.46769416716257131150e-02,4.78077487239674664421e-02,2.62540044581937248580e-01,4.58742730495360903216e-16,-1.94435327506148163124e-03,-1.96704191480503044059e-03,-1.94471040782777295636e-03,-3.49712542001028546534e-03,-5.50449520765512812837e-05,3.33471213417658727527e-13,3.31745497220828089160e-13,3.33471213417658727527e-13,True,3.31745497220828089160e-13,True,series tail and order change; rounding and minimizer search are not enclosed
1048576,20,joint_window,2.5,1.074890070464727,64,5.79108536699632220346e-02,5.78596966631136633286e-02,5.03185540856484619932e-02,2.62908254673440811011e-01,4.54053999039946439147e-16,-2.09038045983510854808e-03,-2.11702520184390511476e-03,-2.09073458810472498359e-03,-4.10985944279176722282e-03,-5.46208476756525126571e-05,3.29931081910899443932e-13,3.28250153135835467603e-13,3.29931081910899443932e-13,True,3.28250153135835467603e-13,True,series tail and order change; rounding and minimizer search are not enclosed
1048576,20,joint_window,2.55,1.0763878718740214,64,6.11395462646958931519e-02,6.10920092252334734351e-02,5.28463002372356813185e-02,2.63276495374366648061e-01,4.49408709168698057871e-16,-2.24137735662445145013e-03,-2.27247335419826761854e-03,-2.24172860053967713811e-03,-4.79994572298848148906e-03,-5.42150711751134190865e-05,3.26543962321274870944e-13,3.24901357531472238190e-13,3.26543962321274870944e-13,True,3.24901357531472238190e-13,True,series tail and order change; rounding and minimizer search are not enclosed
1048576,20,joint_window,2.6,1.077885673283316,64,6.44144403751941152514e-02,6.43701587378183309740e-02,5.53879100570749752230e-02,2.63644766783944273225e-01,4.44806505408306281312e-16,-2.39722907392837282503e-03,-2.43330752830587474650e-03,-2.39757755391830675029e-03,-5.57313773912260744525e-03,-5.38276883170661976782e-05,3.23289574099375589767e-13,3.21679396134136879631e-13,3.23289574099375589767e-13,True,3.21679396134136879631e-13,True,series tail and order change; rounding and minimizer search are not enclosed
1048576,20,joint_window,2.65,1.0793834746926105,64,6.77318989674859511796e-02,6.76905538900903075428e-02,5.79405041156311403916e-02,2.64013069001379552247e-01,4.40247034683408273355e-16,-2.55781669777533152144e-03,-2.59944512071824500310e-03,-2.55816253284300507143e-03,-6.43524996962062303257e-03,-5.34585009843238927359e-05,3.20151071126342341216e-13,3.18567924356530262588e-13,3.20151071126342341216e-13,True,3.18567924356530262588e-13,True,series tail and order change; rounding and minimizer search are not enclosed
1048576,20,joint_window,2.7,1.080881276101905,64,7.10884238326945777642e-02,7.10497354643688100451e-02,6.05013938483495022913e-02,2.64381402125856868057e-01,4.35729946306406899614e-16,-2.72301804187551413361e-03,-2.77080039619007935381e-03,-2.72336134846032536239e-03,-7.39213956257438187247e-03,-5.31071352608412220234e-05,3.17114387602158680879e-13,3.15553321623327069987e-13,3.17114387602158680879e-13,True,3.15553321623327069987e-13,True,series tail and order change; rounding and minimizer search are not enclosed
1048576,20,joint_window,2.75,1.0823790775111997,64,7.44806559697513415053e-02,7.44443778420892654513e-02,6.30680740585164573142e-02,2.64749766256537011344e-01,4.31254891967254091241e-16,-2.89270832795906346346e-03,-2.94728505284687358756e-03,-2.89304921920120056145e-03,-8.44968897823207380771e-03,-5.27731030206714387624e-05,3.14167720643064990580e-13,3.12624181481512399526e-13,3.14167720643064990580e-13,True,3.12624181481512399526e-13,True,series tail and order change; rounding and minimizer search are not enclosed
1048576,20,joint_window,2.8,1.0838768789204942,64,7.79053750913732412364e-02,7.78712894257309051760e-02,6.56382149685325044786e-02,2.65118161492559178960e-01,4.26821525723195505243e-16,-3.06676080100459595712e-03,-3.12880872960561925988e-03,-3.06709938629154757472e-03,-9.61378967954919921857e-03,-5.24558451964490140337e-05,3.11301118801165832265e-13,3.09770906677431061341e-13,3.11301118801165832265e-13,True,3.09770906677431061341e-13,True,series tail and order change; rounding and minimizer search are not enclosed
1048576,20,joint_window,2.85,1.0853746803297888,64,8.13594983824876827327e-02,8.13274121474224925832e-02,6.82096539992637362904e-02,2.65486587933039697162e-01,4.22429503988479439548e-16,-3.24504728394283369075e-03,-3.31527946071881463030e-03,-3.24538366865331773248e-03,-1.08903269182795917752e-02,-5.21547621023010210257e-05,3.08506153057054833035e-13,3.06985385804311400263e-13,3.08506153057054833035e-13,True,3.06985385804311400263e-13,True,series tail and order change; rounding and minimizer search are not enclosed
1048576,20,joint_window,2.9,1.0868724817390834,64,8.48400786285070790393e-02,8.48098202142662516145e-02,7.07803874238073643665e-02,2.65855045677073020816e-01,4.18078485524031136790e-16,-3.42743867626706111285e-03,-3.50660408200930036327e-03,-3.42777296165379906367e-03,-1.22851656415801004790e-02,-5.18692347974845159890e-05,3.05775652358801541900e-13,3.04260733684251457659e-13,3.05775652358801541900e-13,True,3.04260733684251457659e-13,True,series tail and order change; rounding and minimizer search are not enclosed
1048576,20,joint_window,2.95,1.088370283148378,64,8.83443018190102902221e-02,8.83157182217281927494e-02,7.33485620135002347464e-02,2.66223534823731622367e-01,4.13768131427094448980e-16,-3.61380540080757928223e-03,-3.70268859305879736998e-03,-3.61413768397596431303e-03,-1.38041375244510235859e-02,-5.15986398727024409287e-05,3.03103489942999264860e-13,3.01591081822462801579e-13,3.03103489942999264860e-13,True,3.01591081822462801579e-13,True,series tail and order change; rounding and minimizer search are not enclosed
1048576,20,joint_window,3.0,1.0898680845576725,64,9.18694843210426104196e-02,9.18424387496587640856e-02,7.59124667698177352237e-02,2.66592055472065381228e-01,4.09498105120841553307e-16,-3.80401780273029871404e-03,-3.90343847931552342945e-03,-3.80434817668379686439e-03,-1.54530291181286701108e-02,-5.13423597697538211873e-05,3.00484409819149862737e-13,2.98971408414862112946e-13,3.00484409819149862737e-13,True,2.98971408414862112946e-13,True,series tail and order change; rounding and minimizer search are not enclosed
1048576,20,fixed_power,0.33382262621551356,1.01,96,1.19428184283825009233e-03,8.89030870783047040376e-10,8.89030859748090814317e-10,2.46982802406764012648e-01,7.02210792393058841393e-16,1.89863953578572110812e-04,2.40936216589126506182e-01,2.40936216586483425983e-01,2.65904055477357808002e+01,2.65904055475214811111e+01,3.73415062464310598312e-08,3.73415062058280789009e-08,6.78169698176134261303e-08,True,6.78169662648997473298e-08,True,series tail and order change; rounding and minimizer search are not enclosed
1048576,20,fixed_power,0.6676452524310271,1.02,64,1.60873513642215354782e-03,2.86903264877213845367e-05,2.86841787357967439626e-05,2.49433602775279067432e-01,6.57367441407962136636e-16,1.29232082381985224776e-04,4.14616798210245586509e-03,4.14527947016074798520e-03,6.02783466181282423513e-01,6.02650939140398578253e-01,5.54886379853303034154e-11,5.54770111751456318316e-11,3.05379166398722645681e-10,True,3.05313552217967298930e-10,True,series tail and order change; rounding and minimizer search are not enclosed
1048576,20,fixed_power,1.0014678786465405,1.03,64,2.60982421549417172371e-03,9.13411442080404008606e-04,9.09013631898211238794e-04,2.51885604726352130278e-01,6.15119179317306829544e-16,4.90898485644564847551e-05,1.17468991903191521389e-04,1.16833012534594155593e-04,1.03575969206681096219e-02,1.02612730754753980755e-02,2.46426535835750100866e-12,2.45637114282553399826e-12,6.23230286822540335834e-12,True,6.18620779602174764022e-12,True,series tail and order change; rounding and minimizer search are not enclosed
1048576,20,fixed_power,1.6691131310775678,1.05,64,1.48473541601397262396e-02,1.45544472101400926972e-02,1.38470565024270790555e-02,2.56793332426625109388e-01,5.37886872588731785396e-16,-3.67439318067615001279e-04,-3.67882161714738970329e-04,-3.67789325535589246841e-04,-6.75715652059598689437e-05,-5.34060932073477813279e-05,4.63689022817922948044e-13,4.59768317297502961870e-13,4.63689022817922948044e-13,True,4.59768317297502961870e-13,True,series tail and order change; rounding and minimizer search are not enclosed
1048576,20,fixed_power,2.503669696616348,1.075,64,5.81461674708136991296e-02,5.80952896668537818736e-02,5.05035378848362956350e-02,2.62935280264485649049e-01,4.53711590116804997635e-16,-2.10129509911416087475e-03,-2.12824926265946234860e-03,-2.10164901158840095041e-03,-4.15780775394326319871e-03,-5.45904402043843756391e-05,3.29677554401415128958e-13,3.27999650854883858371e-13,3.29677554401415128958e-13,True,3.27999650854883858371e-13,True,series tail and order change; rounding and minimizer search are not enclosed
1048576,20,fixed_power,3.3382262621551355,1.1,64,1.16083247352472510028e-01,1.16063931192650182656e-01,9.30361202314286123150e-02,2.69085757582120721487e-01,3.81647087259406181161e-16,-5.18187458602018674592e-03,-5.37669207488092326663e-03,-5.18219419446572238108e-03,-3.04504812079441078421e-02,-4.99404507849196999288e-05,2.83873028438750012518e-13,2.82289017250544491159e-13,2.83873028438750012518e-13,True,2.82289017250544491159e-13,True,series tail and order change; rounding and minimizer search are not enclosed
1048576,20,fixed_power,5.007339393232696,1.15,64,2.31863982179804084538e-01,2.31857402815325880363e-01,1.66338193807252343603e-01,2.81414141449873145273e-01,2.67753125767527484985e-16,-1.33043250254886100126e-02,-1.48194095569386535827e-02,-1.33046237328359392982e-02,-2.44328582089388651744e-01,-4.80533547967190179627e-05,2.17350288547864379766e-13,2.14617214193920471188e-13,2.17350288547864379766e-13,True,2.14617214193920471188e-13,True,series tail and order change; rounding and minimizer search are not enclosed
1048576,20,fixed_power,6.676452524310263,1.2,64,3.27683562515479309685e-01,3.27680000000000026805e-01,2.19929072016202736828e-01,2.93782149799831859838e-01,1.85660647477735116084e-16,-2.16625132600273551109e-02,-2.62428680519594600962e-02,-2.16628138447065854422e-02,-7.64977074599519357712e-01,-4.98203469184084975804e-05,1.66367880793994564542e-13,1.62296209390644293676e-13,1.66367880793994564542e-13,True,1.62296209390644293676e-13,True,series tail and order change; rounding and minimizer search are not enclosed
1048576,20,fixed_power,8.34556565538783,1.25,64,4.03239765169416231050e-01,4.03237402439117431641e-01,2.59180357765401492287e-01,3.06193425614168013293e-01,1.27158890281189772502e-16,-2.89632602566760044560e-02,-3.83761385327262283251e-02,-2.89635706803215570160e-02,-1.63132408858291211295e+00,-5.29352840174917020806e-05,1.26596710294659626697e-13,1.21539071817701560967e-13,1.26596710294659626697e-13,True,1.21539071817701560967e-13,True,series tail and order change; rounding and minimizer search are not enclosed
1048576,20,fixed_power,10.014678786465398,1.3,64,4.63035300333624944003e-01,4.63033551265942477926e-01,2.88789010916076727131e-01,3.18651592588365506487e-01,8.59502543425497381873e-17,-3.47806248635706000139e-02,-5.06030888632675729388e-02,-3.47809484067825303022e-02,-2.84854620017244197783e+00,-5.66348210715293500016e-05,9.56383681300421933943e-14,9.01245136885458060610e-14,9.56383681300421933943e-14,True,9.01245136885458060610e-14,True,series tail and order change; rounding and minimizer search are not enclosed
1048576,20,fixed_power,13.352905048620526,1.4,64,5.50335225998949240100e-01,5.50334077948180566686e-01,3.30145309393032881928e-01,3.43723018532124391378e-01,3.75641078659009409959e-17,-4.17822539081273841566e-02,-7.42357355670460739017e-02,-4.17826069244039005612e-02,-6.31391236024257995751e+00,-6.46014348158135769638e-05,5.48365890519942499144e-14,5.12614689425474193152e-14,1.17239551400416530669e-13,True,5.12614689425474193152e-14,True,series tail and order change; rounding and minimizer search are not enclosed
1048576,20,fixed_power,16.69113131077566,1.5,64,6.10352423556566492380e-01,6.10351562500000000000e-01,3.57509534293642405878e-01,3.69025157164765693629e-01,1.52863260928892972912e-17,-4.32367638304491930246e-02,-9.60414716003828439206e-02,-4.32371466011880617453e-02,-1.11077283731548455137e+01,-7.24681849944483469621e-05,3.81388568947849253707e-14,4.24439769813830061189e-14,4.88498130835068877786e-13,True,4.24439769813830061189e-14,True,series tail and order change; rounding and minimizer search are not enclosed
4194304,22,joint_window,0.0,1.0,96,4.82913043265725599670e-04,0.00000000000000000000e+00,0.00000000000000000000e+00,2.44533173793497621284e-01,7.49786258826540693388e-16,1.20739930325478028728e-04,2.38748120932375240688e-01,2.38748120932375240688e-01,2.63555868835361515323e+01,2.63555868835361515323e+01,4.27782351041178256634e-08,4.27782351041178256634e-08,7.61091314416262321174e-08,True,7.61091314416262321174e-08,True,series tail and order change; rounding and minimizer search are not enclosed
4194304,22,joint_window,0.05,1.0013616376448131,96,4.96750915548740783201e-04,5.49530670554562571486e-67,5.49530670554609418378e-67,2.44866656625491840860e-01,7.43142373470992666178e-16,1.17091031329565807518e-04,2.39074927295824135598e-01,2.39074927295824135598e-01,2.63913745677040409987e+01,2.63913745677040409987e+01,4.25071944284019151794e-08,4.25071944284019151794e-08,7.56299023407791537466e-08,True,7.56299023407791537466e-08,True,series tail and order change; rounding and minimizer search are not enclosed
4194304,22,joint_window,0.1,1.0027232752896265,96,5.11554062959881559146e-04,7.13328719343177817550e-34,7.13328719343208180157e-34,2.45200160704070718731e-01,7.36551411589168231500e-16,1.13382994544102041058e-04,2.39401778316806257418e-01,2.39401778316806257418e-01,2.64271624804323401747e+01,2.64271624804323401747e+01,4.22375120987738361779e-08,4.22375120987738361779e-08,7.51530286891011201078e-08,True,7.51530286891011201078e-08,True,series tail and order change; rounding and minimizer search are not enclosed
4194304,22,joint_window,0.15,1.0040849129344396,96,5.27437622154245723018e-04,7.78134134570264348463e-23,7.78134134570275398110e-23,2.45533686104709270026e-01,7.30013009173279050893e-16,1.09610713187271394814e-04,2.39728674140939235215e-01,2.39728674140939235215e-01,2.64629511705907596308e+01,2.64629511705907596308e+01,4.19691842254209072661e-08,4.19691842254209072661e-08,7.46784927230237371987e-08,True,7.46784927230237371987e-08,True,series tail and order change; rounding and minimizer search are not enclosed
4194304,22,joint_window,0.2,1.005446550579253,96,5.44536183836111242762e-04,2.57001684824204525168e-17,2.57001684824199070934e-17,2.45867232902864107924e-01,7.23526804133946026236e-16,1.05768477281946150738e-04,2.40055614889251256461e-01,2.40055614889251256461e-01,2.64987412516209026592e+01,2.64987412516209026592e+01,4.17022064883410478659e-08,4.17022064883410478659e-08,7.42063086534017202212e-08,True,7.42063086534017202212e-08,True,series tail and order change; rounding and minimizer search are not enclosed
4194304,22,joint_window,0.25,1.006808188224066,96,5.63008069276918336234e-04,5.26337328824982677764e-14,5.26337328824438553066e-14,2.46200801173973138347e-01,7.17092436296689065935e-16,1.01849871654325141511e-04,2.40382550463439925714e-01,2.40382550463439925714e-01,2.65345293405486337690e+01,2.65345293405486337690e+01,4.14356899798485584865e-08,4.14356899798485518691e-08,7.37352330304474889999e-08,True,7.37352330304474889999e-08,True,series tail and order change; rounding and minimizer search are not enclosed
4194304,22,joint_window,0.3,1.0081698258688794,96,5.83040768950845653129e-04,8.48820232194301333844e-12,8.48820232072762975583e-12,2.46534390993455809760e-01,7.10709547398310749318e-16,9.78476515976068038924e-05,2.40701506196509484869e-01,2.40701506196508346891e-01,2.65696695683701520352e+01,2.65696695683700632173e+01,4.10305856538139673911e-08,4.10305856537937246271e-08,7.30740410403996065725e-08,True,7.30740374876859277720e-08,True,series tail and order change; rounding and minimizer search are not enclosed
4194304,22,joint_window,0.35,1.0095314635136925,96,6.04857919697201844821e-04,3.20359611538506916321e-10,3.20359610040128638589e-10,2.46868002436712863368e-01,7.04377781083214219751e-16,9.37535901768514761019e-05,2.40729841874998518048e-01,2.40729841873564359700e-01,2.65812487829121550931e+01,2.65812487827958427999e+01,3.60170795878373179964e-08,3.60170795668577544959e-08,6.59565948524232226191e-08,True,6.59565984051369014196e-08,True,series tail and order change; rounding and minimizer search are not enclosed
4194304,22,joint_window,0.4,1.0108931011585058,96,6.28728337816686680926e-04,4.87813536006949545474e-09,4.87813505316108471513e-09,2.47201635579127110276e-01,6.98096782899616948118e-16,8.95582892258323559793e-05,2.36736622021241627234e-01,2.36736621733594221340e-01,2.62651868747328656184e+01,2.62651868511925457028e+01,1.00686990428993226895e-08,1.00686984591708254150e-08,2.27904983773896674393e-08,True,2.27904983773896674393e-08,True,series tail and order change; rounding and minimizer search are not enclosed
4194304,22,joint_window,0.45,1.012254738803319,64,6.54977825785468272500e-04,4.05570138513071661414e-08,4.05569948147712111593e-08,2.47535290496062876375e-01,6.91866200295701683248e-16,8.52509434590954470225e-05,2.06361954326659907677e-01,2.06361939358180007664e-01,2.37013455690207663906e+01,2.37013442567682766082e+01,9.35648508518727177084e-09,9.35648075538365845354e-09,3.32939755764982692199e-08,True,3.32939613656435540179e-08,True,series tail and order change; rounding and minimizer search are not enclosed
4194304,22,joint_window,0.5,1.013616376448132,64,6.84004756767593352813e-04,2.20757425035817770089e-07,2.20756912650169911680e-07,2.47868967262865808054e-01,6.85685682615668794731e-16,8.08190434876361808074e-05,1.12444003336017811501e-01,1.12443834050084276455e-01,1.44779544282866012850e+01,1.44779357738466707417e+01,1.77346907000508868207e-09,1.77346505295260501681e-09,7.64608998338189849164e-09,True,7.64606156167246808764e-09,True,series tail and order change; rounding and minimizer search are not enclosed
4194304,22,joint_window,0.55,1.0149780140929454,64,7.16300853173235194810e-04,8.83026137630484212352e-07,8.83018615380175631089e-07,2.48202665954863982423e-01,6.79554881095721365338e-16,7.62479985655610667181e-05,3.34870575717107765712e-02,3.34867736163838650154e-02,4.79460460037035485215e+00,4.79456580520949238178e+00,4.49715446241956630280e-10,4.49711637258559003062e-10,2.35546426807786701829e-09,True,2.35544650450947301579e-09,True,series tail and order change; rounding and minimizer search are not enclosed
4194304,22,joint_window,0.6,1.0163396517377585,64,7.52479169779263473011e-04,2.80342192777070272678e-06,2.80335178672426646627e-06,2.48536386647366991376e-01,6.73473448859971298750e-16,7.15206528445987133307e-05,1.05686893955137580642e-02,1.05684249682457698932e-02,1.55831277836427251060e+00,1.55827413562449157425e+00,1.41537116066674995806e-10,1.41533591291233788755e-10,7.87482967723462934373e-10,True,7.87463205753624606587e-10,True,series tail and order change; rounding and minimizer search are not enclosed
4194304,22,joint_window,0.65,1.0177012893825719,64,7.93312147344749909669e-04,7.45102798282413126310e-06,7.45056645345238212802e-06,2.48870129415666108130e-01,6.67441040916259145617e-16,6.66166592884447338616e-05,3.98185055957676198313e-03,3.98160391209578193999e-03,5.87222277569988460044e-01,5.87185501623019967532e-01,5.33025853687527797416e-11,5.32993186119754688721e-11,2.99017588467620498704e-10,True,2.98998492631596946012e-10,True,series tail and order change; rounding and minimizer search are not enclosed
4194304,22,joint_window,0.7,1.019062927027385,64,8.39783822116803540907e-04,1.72225261919501961537e-05,1.72202159805520781252e-05,2.49203894335035064378e-01,6.61457314151915159489e-16,6.15116618681614345894e-05,1.72496324457489368792e-03,1.72473183513027544453e-03,2.50451104016409353825e-01,2.50416350003545229441e-01,2.32202101839294480033e-11,2.32171664888957506649e-11,1.28173249791529997310e-10,True,1.28155708267740919837e-10,True,series tail and order change; rounding and minimizer search are not enclosed
4194304,22,joint_window,0.75,1.0204245646721983,64,8.93161974645283814229e-04,3.56008082679124367642e-05,3.55915138785189256532e-05,2.49537681480729217620e-01,6.55521927329430028162e-16,5.61762181681948531047e-05,8.35396223164911540422e-04,8.35178020275746039840e-04,1.17530482748657835734e-01,1.17497609673149344678e-01,1.14147813270828318099e-11,1.14119314443254871307e-11,6.06581312956322449281e-11,True,6.06416861170799847969e-11,True,series tail and order change; rounding and minimizer search are not enclosed
4194304,22,joint_window,0.8,1.0217862023170114,64,9.55098249626274656970e-04,6.72051055452110981730e-05,6.71737870951014999108e-05,2.49871490927986106279e-01,6.49634541082070581986e-16,5.05743697728305402180e-05,4.42637776426566334487e-04,4.42431131727124399809e-04,5.91969999602720495235e-02,5.91658174819972501601e-02,6.21869329480310847108e-12,6.21601333674758976366e-12,3.10046988083456653840e-11,True,3.09891626248948170996e-11,True,series tail and order change; rounding and minimizer search are not enclosed
4194304,22,joint_window,0.85,1.0231478399618248,64,1.02776694149091479651e-03,1.17728241609126445212e-04,1.17637029353242925306e-04,2.50205322752025560717e-01,6.43794817909408431647e-16,4.46617364457474545205e-05,2.52079391123136696030e-04,2.51882949649812764876e-04,3.13407697540000404479e-02,3.13110967770891743256e-02,3.70194335282629580439e-12,3.69941366602512992233e-12,1.67914918081102371161e-11,True,1.67768229863973772353e-11,True,series tail and order change; rounding and minimizer search are not enclosed
4194304,22,joint_window,0.9,1.024509477606638,64,1.11405545197094902818e-03,1.93778548216497778587e-04,1.93543265042672257793e-04,2.50539177028049342422e-01,6.38002422172796343909e-16,3.83829749042896475452e-05,1.51761017515918958170e-04,1.51573653269940699598e-04,1.71417141755736794628e-02,1.71133912777802904559e-02,2.37884584775878576945e-12,2.37645010781924754834e-12,9.47888642577332518613e-12,True,9.46496006570818337877e-12,True,series tail and order change; rounding and minimizer search are not enclosed
4194304,22,joint_window,0.95,1.025871115251451,64,1.21781903555165816472e-03,3.02655778541846803408e-04,3.02107781475032660928e-04,2.50873053831241588085e-01,6.32257020090761392542e-16,3.16684149410684256422e-05,9.47911438122074981056e-05,9.46119134551696376167e-05,9.54869269471705396646e-03,9.52158276652368545934e-03,1.63127123939014776892e-12,1.62899578120185147849e-12,5.49961291784750727629e-12,True,5.48638391661970814539e-12,True,series tail and order change; rounding and minimizer search are not enclosed
4194304,22,joint_window,1.0,1.0272327528962644,64,1.34420363838585999426e-03,4.52092955255821785099e-04,4.50922653471333987132e-04,2.51206953236769225946e-01,6.26558279734343283404e-16,2.44296944901266951510e-05,5.98158938045299098940e-05,5.96440048699959675512e-05,5.35562818869418384021e-03,5.32961453992870145407e-03,1.18050176182716983168e-12,1.17833508916424699979e-12,3.24025268422234447030e-12,True,3.22763690774330314071e-12,True,series tail and order change; rounding and minimizer search are not enclosed
4194304,22,joint_window,1.05,1.0285943905410775,64,1.50001215304296935983e-03,6.49992527333318565949e-04,6.47672182504435570496e-04,2.51540875319781087605e-01,6.20905871022365626357e-16,1.65543260215341553852e-05,3.63567092151017011740e-05,3.61915021396923275443e-05,2.99850425072906894355e-03,2.97348911072657694568e-03,8.92038991921621187070e-13,8.89971419971699926991e-13,1.91909075436536014081e-12,True,1.90703095676036937789e-12,True,series tail and order change; rounding and minimizer search are not enclosed
4194304,22,joint_window,1.1,1.0299560281858908,64,1.69402582300991156813e-03,9.04178604072110206173e-04,8.99863833347396935118e-04,2.51874820155407741495e-01,6.15299465716636406908e-16,7.89945225265507107622e-06,1.89000087080155355652e-05,1.87409547541464839657e-05,1.66651239985363824880e-03,1.64241716122050804630e-03,6.97179916865049575047e-13,6.95203312871410961337e-13,1.13354204495097476979e-12,True,1.12200049598443207799e-12,True,series tail and order change; rounding and minimizer search are not enclosed
4194304,22,joint_window,1.15,1.031317665830704,64,1.93709111487282538769e-03,1.22217973298881384635e-03,1.21459120210760614968e-03,2.52208787818763824351e-01,6.09738737417099942910e-16,-1.71428616723437671557e-06,4.33919788994565486240e-06,4.18591780311240160492e-06,9.17495623984235860078e-04,8.94263952776781041384e-04,5.59152761498160963201e-13,5.57260356371525669918e-13,6.64430316321684699687e-13,True,6.53363647906690658829e-13,True,series tail and order change; rounding and minimizer search are not enclosed
4194304,22,joint_window,1.2,1.0326793034755173,64,2.24169960137935797909e-03,1.61105009654111531840e-03,1.59833887446767138052e-03,2.52542778384945154624e-01,6.04223361556912518971e-16,-1.25068873511354600701e-05,-9.20208734353088371460e-06,-9.34977639413192237496e-06,5.01126921728856393121e-04,4.78732040097206421915e-04,4.57518271164451011026e-13,4.55704519550581131933e-13,4.57518271164451011026e-13,True,4.55704519550581131933e-13,True,series tail and order change; rounding and minimizer search are not enclosed
4194304,22,joint_window,1.21,1.03295163100448,64,2.31116088820222881708e-03,1.69790738340407153066e-03,1.68388943544242977203e-03,2.52609579253127713994e-01,6.03125700244479517783e-16,-1.48291154620649881860e-05,-1.19028317648616258594e-05,-1.20494017859719036116e-05,4.43771855850943911046e-04,4.21544559107838356839e-04,4.40423846052314662424e-13,4.38625259383626285957e-13,4.40423846052314662424e-13,True,4.38625259383626285957e-13,True,series tail and order change; rounding and minimizer search are not enclosed
4194304,22,joint_window,1.22,1.0332239585334424,64,2.38371081259336091082e-03,1.78790768472822749792e-03,1.77247447401452686011e-03,2.52676381041026965057e-01,6.02029837541095287215e-16,-1.72110581638894983257e-05,-1.46201794622852210281e-05,-1.47656241370296278589e-05,3.92944480380710739042e-04,3.70885759476971110359e-04,4.24234392509267868057e-13,4.22450802208899532923e-13,4.24234392509267868057e-13,True,4.22450802208899532923e-13,True,series tail and order change; rounding and minimizer search are not enclosed
4194304,22,joint_window,1.23,1.033496286062405,64,2.45944944191613936932e-03,1.88109810652774094020e-03,1.86413440655475680374e-03,2.52743183749243649494e-01,6.00935770876526062209e-16,-1.96550282827336725809e-05,-1.73612145864414152072e-05,-1.75055245737711019823e-05,3.47922928142895134754e-04,3.26034232589527989566e-04,4.08889935826898975686e-13,4.07121181581785063164e-13,4.08889935826898975686e-13,True,4.07121181581785063164e-13,True,series tail and order change; rounding and minimizer search are not enclosed
4194304,22,joint_window,1.24,1.0337686135913677,64,2.53847400453775361856e-03,1.97752456416009714593e-03,1.95890821519809684575e-03,2.52809987378378120404e-01,5.99843497683454299262e-16,-2.21633856766133784631e-05,-2.01325690130145116760e-05,-2.02757316967442009249e-05,3.08060800499623322398e-04,2.86344076653414526812e-04,3.94336060313686680672e-13,3.92581989919247438847e-13,3.94336060313686680672e-13,True,3.92581989919247438847e-13,True,series tail and order change; rounding and minimizer search are not enclosed
4194304,22,joint_window,1.25,1.0340409411203304,64,2.62087838704230585360e-03,2.07723176300013932793e-03,2.05683342902011467163e-03,2.52876791929031008443e-01,5.98753015397473943255e-16,-2.47385328105839620745e-05,-2.29404672558938013509e-05,-2.30824664735573251324e-05,2.72779718437607377433e-04,2.51237450862327473498e-04,3.80523265508554482487e-13,3.78783734712093328343e-13,3.80523265508554482487e-13,True,3.78783734712093328343e-13,True,series tail and order change; rounding and minimizer search are not enclosed
4194304,22,joint_window,1.26,1.034313268649293,64,2.70675267901519626956e-03,2.18026318127648903802e-03,2.15794610780690532606e-03,2.52943597401802278135e-01,5.97664321457089737202e-16,-2.73829100292483041887e-05,-2.57907662091530725905e-05,-2.59315819598307821178e-05,2.41562607960052651030e-04,2.20197863994010416050e-04,3.67406395551276089987e-13,3.65681267893205966289e-13,3.67406395551276089987e-13,True,3.65681267893205966289e-13,True,series tail and order change; rounding and minimizer search are not enclosed
4194304,22,joint_window,1.27,1.0345855961782557,64,2.79618277514397670439e-03,2.28666105500414332946e-03,2.26228082834934026910e-03,2.53010403797292837691e-01,5.96577413303715151490e-16,-3.00989905891013015404e-05,-2.86889903553792682649e-05,-2.88285984856328537929e-05,2.13947633047598828214e-04,1.92764110711062008115e-04,3.54944134317669187913e-13,3.53233280969769016554e-13,3.54944134317669187913e-13,True,3.53233280969769016554e-13,True,series tail and order change; rounding and minimizer search are not enclosed
4194304,22,joint_window,1.28,1.0348579237072184,64,2.88925004234624142191e-03,2.39646636494517508223e-03,2.36987067318794554158e-03,2.53077211116102818167e-01,5.95492288381671496410e-16,-3.28892755182085385138e-05,-3.16403629937933778861e-05,-3.17787348608535849190e-05,1.89522702901539293226e-04,1.68524782276076762503e-04,3.43098559826730379046e-13,3.41401859426626695048e-13,3.43098559826730379046e-13,True,3.41401859426626695048e-13,True,series tail and order change; rounding and minimizer search are not enclosed
4194304,22,joint_window,1.29,1.035130251236181,64,2.98603105726404820588e-03,2.50971882552812521755e-03,2.48074722173370967870e-03,2.53144019358832794708e-01,5.94408944138185062536e-16,-3.57562883732889130219e-05,-3.46498339693334105223e-05,-3.47869360807104245278e-05,1.67920491479895008348e-04,1.47113289688062071027e-04,3.31834752130753468760e-13,3.30152090611928443024e-13,3.31834752130753468760e-13,True,3.30152090611928443024e-13,True,series tail and order change; rounding and minimizer search are not enclosed
4194304,22,joint_window,1.3,1.0354025787651437,64,3.08659741691052515178e-03,2.62645687565627372270e-03,2.59494054368670937563e-03,2.53210828526082676326e-01,5.93327378023386824904e-16,-3.87025699646104982821e-05,-3.77221043217958467049e-05,-3.78578979504564771402e-05,1.48813916758149103253e-04,1.28203346675887370739e-04,3.21120449447986093340e-13,3.19451719864602751869e-13,3.21120449447986093340e-13,True,3.19451719864602751869e-13,True,series tail and order change; rounding and minimizer search are not enclosed
4194304,22,joint_window,1.31,1.0356749062941064,64,3.19101562267714872895e-03,2.74671767133416021983e-03,2.71247919467407705083e-03,2.53277638618453315722e-01,5.92247587490310076427e-16,-4.17306731169731523305e-05,-4.08616482204609784458e-05,-4.09960889947611167687e-05,1.31912034925518918292e-04,1.11504867752978788285e-04,3.10925747727540319617e-13,3.09270850073478154775e-13,3.10925747727540319617e-13,True,3.09270850073478154775e-13,True,series tail and order change; rounding and minimizer search are not enclosed
4194304,22,joint_window,1.32,1.0359472338230689,64,3.29934703546867292082e-03,2.87053708004155177375e-03,2.83339021402630392502e-03,2.53344449636544399862e-01,5.91169569994889441820e-16,-4.48431575308811118837e-05,-4.40727325034518638454e-05,-4.42057699710170812039e-05,1.16956311067434719241e-04,9.67602428833295395011e-05,3.01222839182231542111e-13,2.99581680203746360730e-13,3.01222839182231542111e-13,True,2.99581680203746360730e-13,True,series tail and order change; rounding and minimizer search are not enclosed
4194304,22,joint_window,1.33,1.0362195613520315,64,3.41164789756296738324e-03,2.99794967678482628462e-03,2.95769912461181679053e-03,2.53411261580956725936e-01,5.90093322995956243042e-16,-4.80425848019650305644e-05,-4.73594341010582869055e-05,-4.74910112658059792995e-05,1.03717233011465072637e-04,8.37409554360575081929e-05,2.91985785615944989024e-13,2.90358278617462868594e-13,2.91985785615944989024e-13,True,2.90358278617462868594e-13,True,series tail and order change; rounding and minimizer search are not enclosed
4194304,22,joint_window,1.34,1.0364918888809942,64,3.52796941499741809750e-03,3.12898874175362431624e-03,3.08542993464499051837e-03,2.53478074452290147445e-01,5.89018843955241950561e-16,-5.13315136492537189838e-05,-5.07256555875606920773e-05,-5.08557084191133966684e-05,9.19912391224119558274e-05,7.22445142057744310420e-05,2.83190322632687557720e-13,2.81576387275248789893e-13,2.83190322632687557720e-13,True,2.81576387275248789893e-13,True,series tail and order change; rounding and minimizer search are not enclosed
4194304,22,joint_window,1.35,1.0367642164099569,64,3.64835789293826377039e-03,3.26368625951503187749e-03,3.21660514138861564418e-03,2.53544888251145017488e-01,5.87946130337372858547e-16,-5.47124953945136061235e-05,-5.41751390761419353986e-05,-5.43035959908652328225e-05,8.15979340833545944978e-05,6.20916735380825247220e-05,2.74813691061831564444e-13,2.73213253153832488820e-13,2.74813691061831564444e-13,True,2.73213253153832488820e-13,True,series tail and order change; rounding and minimizer search are not enclosed
4194304,22,joint_window,1.36,1.0370365439389195,64,3.77285491560919302931e-03,3.40207291967418437237e-03,3.35124573666578098527e-03,2.53611702978121356100e-01,5.86875179609869394614e-16,-5.81880697258827612670e-05,-5.77114786452709912362e-05,-5.78382599582223720473e-05,7.23775692926095830454e-05,5.31239181822036417757e-05,2.66834492182081323947e-13,2.65247483461989672549e-13,2.66834492182081323947e-13,True,2.65247483461989672549e-13,True,series tail and order change; rounding and minimizer search are not enclosed
4194304,22,joint_window,1.37,1.0373088714678822,64,3.90149756194475361495e-03,3.54417811893341675941e-03,3.48937121409945106773e-03,2.53678518633819349848e-01,5.85805989243144246279e-16,-6.17607607700277087479e-05,-6.13381314622815187847e-05,-6.14631488093679220763e-05,6.41887665630932373675e-05,4.52011915555848738362e-05,2.59232563580795038606e-13,2.57658921491597664654e-13,2.59232563580795038606e-13,True,2.57658921491597664654e-13,True,series tail and order change; rounding and minimizer search are not enclosed
4194304,22,joint_window,1.38,1.0375811989968449,64,4.03431864814482021159e-03,3.69002996448230050075e-03,3.63099957799742313266e-03,2.53745335218839296321e-01,5.84738556710501177667e-16,-6.54330734883248497577e-05,-6.50584277500591140475e-05,-6.51815834797463285709e-05,5.69064654771800145666e-05,3.81998477667456367538e-05,2.51988872748668955301e-13,2.50428540203880189187e-13,2.51988872748668955301e-13,True,2.50428540203880189187e-13,True,series tail and order change; rounding and minimizer search are not enclosed
4194304,22,joint_window,1.39,1.0378535265258075,64,4.17134698867569451985e-03,3.83965527865191922491e-03,3.77614735380119807134e-03,2.53812152733781104530e-01,5.83672879488132860147e-16,-6.92074904044816209200e-05,-6.88755797254882434072e-05,-6.89967662594101862131e-05,5.04200761287375049009e-05,3.20108091273926234546e-05,2.45085425780731677923e-13,2.43538350921881026150e-13,2.45085425780731677923e-13,True,2.43538350921881026150e-13,True,series tail and order change; rounding and minimizer search are not enclosed
4194304,22,joint_window,1.4,1.03812585405477,64,4.31260766792160039201e-03,3.99307960476801265121e-03,3.92482960001740328881e-03,2.53878971179244738998e-01,5.82608955055120182076e-16,-7.30864686636706816988e-05,-7.27926896232041539120e-05,-7.29117887850934962360e-05,4.46318201493613547185e-05,2.65379120397462095601e-05,2.38505188829236945496e-13,2.36971324774818966973e-13,2.38505188829236945496e-13,True,2.36971324774818966973e-13,True,series tail and order change; rounding and minimizer search are not enclosed
4194304,22,joint_window,1.41,1.0383981815837326,64,4.45812231554734792610e-03,4.15032721413959200529e-03,4.07705992155290956880e-03,2.53945790555830386293e-01,5.81546780893427417030e-16,-7.70724374171628985597e-05,-7.68127569050337626055e-05,-7.69296392173932043132e-05,3.94552439774242900278e-05,2.16964252180971802126e-05,2.32232020227244776293e-13,2.30711324813210754146e-13,2.32232020227244776293e-13,True,2.30711324813210754146e-13,True,series tail and order change; rounding and minimizer search are not enclosed
4194304,22,joint_window,1.42,1.0386705091126953,64,4.60790937961476528006e-03,4.31142111411870251197e-03,4.23285048437221488732e-03,2.54012610864138010935e-01,5.80486354487905280633e-16,-8.11677955210702867933e-05,-8.09386847438592869908e-05,-8.10532086918449310234e-05,3.48138892698550192332e-05,1.74117251366622503850e-05,2.26250611467895231033e-13,2.24743046979830553385e-13,2.26250611467895231033e-13,True,2.24743046979830553385e-13,True,series tail and order change; rounding and minimizer search are not enclosed
4194304,22,joint_window,1.43,1.038942836641658,64,4.76198439253345921773e-03,4.47638305717236017339e-03,4.39221203140254413261e-03,2.54079432104767521938e-01,5.79427673326285901577e-16,-8.53749095339704231269e-05,-8.51732858605852224954e-05,-8.52852971226331860871e-05,3.06401062892855307663e-05,1.36181145273806133799e-05,2.20546435477866638511e-13,2.19051968375103799392e-13,2.20546435477866638511e-13,True,2.19051968375103799392e-13,True,series tail and order change; rounding and minimizer search are not enclosed
4194304,22,joint_window,1.44,1.0392151641706207,64,4.92036022595242900080e-03,4.64523355090533471984e-03,4.55515389960752924842e-03,2.54146254278319050357e-01,5.78370734899182131362e-16,-8.96961119949863132025e-05,-8.95192877839132714404e-05,-8.96286184286451161063e-05,2.68739969666527726225e-05,1.02577706271314609231e-05,2.15105700860483968243e-13,2.13624301492462441563e-13,2.15105700860483968243e-13,True,2.13624301492462441563e-13,True,series tail and order change; rounding and minimizer search are not enclosed
4194304,22,joint_window,1.45,1.0394874916995833,64,5.08304733167619284678e-03,4.81799186897633943683e-03,4.72168403815620418840e-03,2.54213077385392338670e-01,5.77315536700085966578e-16,-9.41336999619858758731e-05,-9.39793375947915341981e-05,-9.40858052437962754863e-05,2.34624752303580225848e-05,7.27981075609565014259e-06,2.09915311000313192141e-13,2.08446953315603303151e-13,2.09915311000313192141e-13,True,2.08446953315603303151e-13,True,series tail and order change; rounding and minimizer search are not enclosed
4194304,22,joint_window,1.46,1.039759819228546,64,5.25005396657775378483e-03,4.99467606285109149561e-03,4.89180902761236942322e-03,2.54279901426587018332e-01,5.76262076225366379535e-16,-9.86899337883067728078e-05,-9.85560062105214325714e-05,-9.86594131666592702098e-05,2.03584330386658428238e-05,4.63946365680710263790e-06,2.04962827115268172980e-13,2.03507488363733116784e-13,2.04962827115268172980e-13,True,2.03507488363733116784e-13,True,series tail and order change; rounding and minimizer search are not enclosed
4194304,22,joint_window,1.47,1.0400321467575087,64,5.42138640026295672014e-03,5.17530297433731190093e-03,5.06553410007527359776e-03,2.54346726402503442444e-01,5.75210350974268134975e-16,-1.03367036116036093742e-04,-1.03251792257384755226e-04,-1.03351924598298538713e-04,1.75200014166495209814e-05,2.29733588904963154442e-06,2.00236434512950819724e-13,1.98794094941649541830e-13,2.00236434512950819724e-13,True,1.98794094941649541830e-13,True,series tail and order change; rounding and minimizer search are not enclosed
4194304,22,joint_window,1.48,1.0403044742864713,64,5.59704910490634813952e-03,5.35988824884870134618e-03,5.24286316019709555669e-03,2.54413552313741020416e-01,5.74160358448909423486e-16,-1.08167191063999199377e-04,-1.08069125575324144484e-04,-1.08165752211875055254e-04,1.49098966201176030979e-05,2.18763398461419053329e-07,1.95724911455575633065e-13,1.94295553999014259921e-13,1.95724911455575633065e-13,True,1.94295553999014259921e-13,True,series tail and order change; rounding and minimizer search are not enclosed
4194304,22,joint_window,1.49,1.040576801815434,64,5.77704492722431236368e-03,5.54844634934626140116e-03,5.42379880701385555519e-03,2.54480379160899994329e-01,5.73112096154281171250e-16,-1.13092543589269050458e-04,-1.13010370393401039790e-04,-1.13103242092819997883e-04,1.24948423726831305539e-05,-1.62676080634136248533e-06,1.91417600162877546604e-13,1.90001213258816453693e-13,1.91417600162877546604e-13,True,1.90001213258816453693e-13,True,series tail and order change; rounding and minimizer search are not enclosed
4194304,22,joint_window,1.5,1.0408491293443964,64,5.96137524298466330019e-03,5.74099057090711548806e-03,5.60834235652001630162e-03,2.54547206944579940124e-01,5.72065561598245067891e-16,-1.18145199002038102550e-04,-1.18077828210589805269e-04,-1.18166676584156816673e-04,1.02450599054656496880e-05,-3.26609114172972343892e-06,1.87304379586936767552e-13,1.85900950479056005917e-13,1.87304379586936767552e-13,True,1.85900950479056005917e-13,True,series tail and order change; rounding and minimizer search are not enclosed
4194304,22,joint_window,1.51,1.041121456873359,64,6.15004009478058773913e-03,5.93753305587393573339e-03,5.79649386492430990919e-03,2.54614035665380489259e-01,5.71020752291529129133e-16,-1.23327222614924764989e-04,-1.23273740412760640477e-04,-1.23358276867893039766e-04,8.13381827337020131541e-06,-4.72287363857514088321e-06,1.83375639678343063544e-13,1.81985156992238186562e-13,1.83375639678343063544e-13,True,1.81985156992238186562e-13,True,series tail and order change; rounding and minimizer search are not enclosed
4194304,22,joint_window,1.52,1.0413937844023218,64,6.34303831402958234742e-03,6.13808480953595414498e-03,5.98825215252194332366e-03,2.54680865323901606256e-01,5.69977665747731049455e-16,-1.28640639509205859971e-04,-1.28600290653310754367e-04,-1.28680205309963414939e-04,6.13703814819283357521e-06,-6.01793663638160351652e-06,1.79622256932139824495e-13,1.78244710769904593853e-13,1.79622256932139824495e-13,True,1.78244710769904593853e-13,True,series tail and order change; rounding and minimizer search are not enclosed
4194304,22,joint_window,1.53,1.0416661119312844,64,6.54036762831947549729e-03,6.34265571630031246148e-03,6.18361482812565099038e-03,2.54747695920742700526e-01,5.68936299483312680071e-16,-1.34087434402069076954e-04,-1.34059607022112654492e-04,-1.34134567593478348617e-04,4.23294295193219470721e-06,-7.16963413156056065569e-06,1.76035571056376161519e-13,1.74670952660806169315e-13,1.76035571056376161519e-13,True,1.74670952660806169315e-13,True,series tail and order change; rounding and minimizer search are not enclosed
4194304,22,joint_window,1.54,1.0419384394602471,64,6.74202475530849033858e-03,6.55125455630847612631e-03,6.38257831399471637496e-03,2.54814527456503792102e-01,5.67896651017599535887e-16,-1.39669551600376628912e-04,-1.39653764024721851848e-04,-1.39723414662222436382e-04,2.40175181639296075886e-06,-8.19414729410785764284e-06,1.72607362648494975610e-13,1.71255664068630663912e-13,1.72607362648494975610e-13,True,1.71255664068630663912e-13,True,series tail and order change; rounding and minimizer search are not enclosed
4194304,22,joint_window,1.55,1.0422107669892098,64,6.94800548442714351743e-03,6.76388902245721613388e-03,6.58513787120642863498e-03,2.54881359931784179373e-01,5.66858717872778921957e-16,-1.45388895028121588153e-04,-1.45384784391517046624e-04,-1.45448744494184462051e-04,6.25409453411006711071e-07,-9.10574908479680609661e-06,1.69329831796811444600e-13,1.67991045555662647275e-13,1.69329831796811444600e-13,True,1.67991045555662647275e-13,True,series tail and order change; rounding and minimizer search are not enclosed
4194304,22,joint_window,1.56,1.0424830945181724,64,7.15830474762316811693e-03,6.98056573778460271590e-03,6.79128762541556657562e-03,2.54948193347183549307e-01,5.65822497573898059943e-16,-1.51247328316062999883e-04,-1.51254640734419377839e-04,-1.51312503722734223270e-04,-1.11265147683387038081e-06,-9.91703638064624921195e-06,1.66195579425189573828e-13,1.64869696313532211388e-13,1.66195579425189573828e-13,True,1.64869696313532211388e-13,True,series tail and order change; rounding and minimizer search are not enclosed
4194304,22,joint_window,1.57,1.0427554220471351,64,7.37291668035715969109e-03,7.20129027318281572656e-03,7.00102059294904766062e-03,2.55015027703301699891e-01,5.64787987648862904815e-16,-1.57246674943553946258e-04,-1.57265257066909825215e-04,-1.57316589121294508891e-04,-2.82771938944871694676e-06,-1.06391335183333381236e-05,1.63197582881887442276e-13,1.61884594459302088363e-13,1.63197582881887442276e-13,True,1.61884594459302088363e-13,True,series tail and order change; rounding and minimizer search are not enclosed
4194304,22,joint_window,1.58,1.0430277495760978,64,7.59183467399337803122e-03,7.42606716540168947799e-03,7.21432870718585056435e-03,2.55081863000737985026e-01,5.63755185628435383846e-16,-1.63388718423755586670e-04,-1.63418510201517996200e-04,-1.63462848965679726290e-04,-4.53398766871277300518e-06,-1.12818707335833761144e-05,1.60329179758221963735e-13,1.59029078127041852604e-13,1.60329179758221963735e-13,True,1.59029078127041852604e-13,True,series tail and order change; rounding and minimizer search are not enclosed
4194304,22,joint_window,1.59,1.0433000771050602,64,7.81505142066578686877e-03,7.65489993530772596525e-03,7.43120284517358089399e-03,2.55148699240091980656e-01,5.62724089046233692430e-16,-1.69675202524693187131e-04,-1.69716231037448923684e-04,-1.69753084286819629078e-04,-6.24471649162711302510e-06,-1.18539405638193408906e-05,1.57584050912964287142e-13,1.56296827332816954957e-13,1.57584050912964287142e-13,True,1.56296827332816954957e-13,True,series tail and order change; rounding and minimizer search are not enclosed
4194304,22,joint_window,1.6,1.043572404634023,64,8.04255895160489037155e-03,7.88779110636656823063e-03,7.65163285443567434824e-03,2.55215536421963318237e-01,5.61694695438726377628e-16,-1.76107831519637216336e-04,-1.76160205749697736446e-04,-1.76189050025279915143e-04,-7.97237528608892705390e-06,-1.23630349284452713612e-05,1.54956202011293552621e-13,1.53681846595876286518e-13,1.54956202011293552621e-13,True,1.53681846595876286518e-13,True,series tail and order change; rounding and minimizer search are not enclosed
4194304,22,joint_window,1.61,1.0438447321629856,64,8.27434866983509965943e-03,8.12474222331443542144e-03,7.87560757992501053737e-03,2.55282374546951462690e-01,5.60667002345235789433e-16,-1.82688270461235950301e-04,-1.82752176889834378609e-04,-1.82772456097802203645e-04,-9.72876820933587493890e-06,-1.28159652785455394346e-05,1.52439946879572085683e-13,1.51178448301337110735e-13,1.52439946879572085683e-13,True,1.51178448301337110735e-13,True,series tail and order change; rounding and minimizer search are not enclosed
4194304,22,joint_window,1.62,1.0441170596919482,64,8.51041137805708634845e-03,8.36575387099192969986e-03,8.10311489107965604584e-03,2.55349213615655712406e-01,5.59641007307933051780e-16,-1.89418145474735781508e-04,-1.89493844407638643151e-04,-1.89504968385073796835e-04,-1.15251447430745094461e-05,-1.32187679170040258959e-05,1.50029891586740295501e-13,1.48781236790649564930e-13,1.50029891586740295501e-13,True,1.48781236790649564930e-13,True,series tail and order change; rounding and minimizer search are not enclosed
4194304,22,joint_window,1.63,1.044389387220911,64,8.75073730244546599266e-03,8.61082569330864910917e-03,8.33414170894480367535e-03,2.55416053628675587817e-01,5.58616707871837372298e-16,-1.96299044066354337612e-04,-1.96386866601779919508e-04,-1.96388209648991340917e-04,-1.33722972422072713050e-05,-1.35767963365770196165e-05,1.47720919238538429291e-13,1.46485093166059091408e-13,1.47720919238538429291e-13,True,1.46485093166059091408e-13,True,series tail and order change; rounding and minimizer search are not enclosed
4194304,22,joint_window,1.64,1.0446617147498736,64,8.99531611301150439697e-03,8.85995641231214839384e-03,8.56867403331783988873e-03,2.55482894586610331800e-01,5.57594101584813675722e-16,-2.03332515443477258518e-04,-2.03432861006904580625e-04,-2.03423760386805489025e-04,-1.52806470566167758144e-05,-1.38948021990723666525e-05,1.45508175470031584570e-13,1.44285160794476809388e-13,1.45508175470031584570e-13,True,1.44285160794476809388e-13,True,series tail and order change; rounding and minimizer search are not enclosed
4194304,22,joint_window,1.65,1.0449340422788362,64,9.24413694109828612544e-03,9.11314384733545590489e-03,8.80669696988255548686e-03,2.55549736490059853367e-01,5.56573185997571617819e-16,-2.10520070844001953511e-04,-2.10633405223756460523e-04,-2.10613159628804868725e-04,-1.72603206350232393448e-05,-1.41770063696686356131e-05,1.43387054620750779703e-13,1.42176831495037811556e-13,1.43387054620750779703e-13,True,1.42176831495037811556e-13,True,series tail and order change; rounding and minimizer search are not enclosed
4194304,22,joint_window,1.66,1.045206369807799,64,9.49718839450853016815e-03,9.37038493419779273952e-03,9.04819475729717360990e-03,2.55616579339622840283e-01,5.55553958663663120197e-16,-2.17863183872579486283e-04,-2.17990037698274994465e-04,-2.17957905685559278144e-04,-1.93212168521427863721e-05,-1.44271612590978440423e-05,1.41353186575432219910e-13,1.40155732393273986601e-13,1.41353186575432219910e-13,True,1.40155732393273986601e-13,True,series tail and order change; rounding and minimizer search are not enclosed
4194304,22,joint_window,1.67,1.0454786973367616,64,9.75445857069634839065e-03,9.63167574443563392905e-03,9.29315079420400119714e-03,2.55683423135898979517e-01,5.54536417139480989800e-16,-2.25363290841963269037e-04,-2.25504258455010934276e-04,-2.25459456850060505420e-04,-2.14730666395274661306e-05,-1.46486055538686076700e-05,1.39402424252012493147e-13,1.38217713423494251483e-13,1.39402424252012493147e-13,True,1.38217713423494251483e-13,True,series tail and order change; rounding and minimizer search are not enclosed
4194304,22,joint_window,1.68,1.045751024865724,64,1.00159350683952583227e-02,9.89701150454142669632e-03,9.54154766612824549454e-03,2.55750267879487402922e-01,5.53520558984258031438e-16,-2.33021791117962078291e-04,-2.33177529789617551600e-04,-2.33119232059585471117e-04,-2.37254858686340262678e-05,-1.48443122932790142702e-05,1.37530831717285653152e-13,1.36358835459703631738e-13,1.37530831717285653152e-13,True,1.36358835459703631738e-13,True,series tail and order change; rounding and minimizer search are not enclosed
4194304,22,joint_window,1.69,1.0460233523946867,64,1.02816049980024963595e-02,1.01663866151904484086e-02,9.79336717223878473748e-03,2.55817113570987575422e-01,5.52506381760061624369e-16,-2.40840047466978025500e-04,-2.41011276924787964937e-04,-2.40938611521692661738e-04,-2.60880223027875040448e-05,-1.50169311160656924488e-05,1.35734672909518036626e-13,1.34575359054278731337e-13,1.35734672909518036626e-13,True,1.34575359054278731337e-13,True,series tail and order change; rounding and minimizer search are not enclosed
4194304,22,joint_window,1.7,1.0462956799236494,64,1.05514549909873096151e-02,1.04397946704326231165e-02,1.00485903519409048440e-02,2.55883960210998462337e-01,5.51493883031797173564e-16,-2.48819386405007983779e-04,-2.49006888633405325598e-04,-2.48918937308082377155e-04,-2.85701973588783507321e-05,-1.51688254120508302352e-05,1.34010400946444825094e-13,1.32863733762739768800e-13,1.34010400946444825094e-13,True,1.32863733762739768800e-13,True,series tail and order change; rounding and minimizer search are not enclosed
4194304,22,joint_window,1.75,1.0476573175684627,64,1.19629055338289283505e-02,1.18670508490469010093e-02,1.13750478575764223110e-02,2.56218207659687502442e-01,5.46456481799376787433e-16,-2.91176254580144053263e-04,-2.91459044073006951631e-04,-2.91279133310885958441e-04,-4.31114205950907525148e-05,-1.56839172839293781016e-05,1.26355213797166261097e-13,1.25271109219744388334e-13,1.26355213797166261097e-13,True,1.25271109219744388334e-13,True,series tail and order change; rounding and minimizer search are not enclosed
4194304,22,joint_window,1.8,1.0490189552132758,64,1.34765910506179052708e-02,1.33937391908292586368e-02,1.27833617648314516735e-02,2.56552478911018622121e-01,5.41460679328235341996e-16,-3.37738933470061201622e-04,-3.38146144818914128408e-04,-3.37843296154212045443e-04,-6.21117751265481678148e-05,-1.59183888010888811339e-05,1.20057672518197942916e-13,1.19034633106813701606e-13,1.20057672518197942916e-13,True,1.19034633106813701606e-13,True,series tail and order change; rounding and minimizer search are not enclosed
4194304,22,joint_window,1.85,1.0503805928580892,64,1.50903483215131736794e-02,1.50182644836409154299e-02,1.42704608712980584445e-02,2.56886774039866705444e-01,5.36506174410650708417e-16,-3.88634553378050529027e-04,-3.89203958882102267133e-04,-3.88739303701310118938e-04,-8.68967577444776676995e-05,-1.59858957185063144156e-05,1.14835480867964342013e-13,1.13871475123686591072e-13,1.14835480867964342013e-13,True,1.13871475123686591072e-13,True,series tail and order change; rounding and minimizer search are not enclosed
4194304,22,joint_window,1.9,1.0517422305029023,64,1.68017721779169341978e-02,1.67386656228043183281e-02,1.58329845409810911205e-02,2.57221093121089705580e-01,5.31592667597625914139e-16,-4.43970201344529285387e-04,-4.44749134612482978357e-04,-4.44074684674129055439e-04,-1.18935890874635779224e-04,-1.59536196505494973208e-05,1.10468551110745516703e-13,1.09561038786756241578e-13,1.10468551110745516703e-13,True,1.09561038786756241578e-13,True,series tail and order change; rounding and minimizer search are not enclosed
4194304,22,joint_window,1.95,1.0531038681477154,64,1.86082412081677826821e-02,1.85526686697672638093e-02,1.74673507519402353150e-02,2.57555436229529366443e-01,5.26719861193205104248e-16,-5.03834000593725902378e-04,-5.04880458445735886414e-04,-5.03937828027002741177e-04,-1.59870442136066879526e-04,-1.58619993419757920839e-05,1.06784526809455683890e-13,1.05930530170909392934e-13,1.06784526809455683890e-13,True,1.05930530170909392934e-13,True,series tail and order change; rounding and minimizer search are not enclosed
4194304,22,joint_window,2.0,1.0544655057925287,64,2.05069453635436833860e-02,2.04577363572783776924e-02,1.91698176103907019785e-02,2.57889803440011000646e-01,5.21887459248757751171e-16,-5.68296188360572183951e-04,-5.69680037354533888583e-04,-5.68399133450980548893e-04,-2.11529989149144333899e-04,-1.57357712554251501745e-05,1.03647902769159935068e-13,1.02844109356158271431e-13,1.03647902769159935068e-13,True,1.02844109356158271431e-13,True,series tail and order change; rounding and minimizer search are not enclosed
4194304,22,joint_window,2.05,1.0558271434373419,64,2.24949145745412595887e-02,2.24511137653841223727e-02,2.09365381252237213461e-02,2.58224194827342934389e-01,5.17095167557220956146e-16,-6.37410193052222358301e-04,-6.39214432884155532577e-04,-6.37512130016228053403e-04,-2.75941755075265041965e-04,-1.55902729912815491038e-05,1.00951792752568123077e-13,1.00194673235510900002e-13,1.00951792752568123077e-13,True,1.00194673235510900002e-13,True,series tail and order change; rounding and minimizer search are not enclosed
4194304,22,joint_window,2.1,1.0571887810821552,64,2.45690473740089940224e-02,2.45298700542093787991e-02,2.27636082888077566355e-02,2.58558610466317673193e-01,5.12342693647295503720e-16,-7.11213708489649362732e-04,-7.13535758761434709546e-04,-7.11314574560959356903e-04,-3.55334868142687088609e-04,-1.54351138563522540079e-05,9.86116459095771934896e-14,9.78975717630310306235e-14,9.86116459095771934896e-14,True,9.78975717630310306235e-14,True,series tail and order change; rounding and minimizer search are not enclosed
4194304,22,joint_window,2.15,1.0585504187269683,64,2.67261386795540033245e-02,2.66909362614554494797e-02,2.46471086955670354302e-02,2.58893050431710902703e-01,5.07629746777615094973e-16,-7.89729760561568017163e-04,-7.92682745726849477541e-04,-7.89829532672302672691e-04,-4.52140799362040011599e-04,-1.52763533521148552876e-05,9.65604079708288671031e-14,9.58857570975915942812e-14,9.65604079708288671031e-14,True,9.58857570975915942812e-14,True,series tail and order change; rounding and minimizer search are not enclosed
4194304,22,joint_window,2.2,1.0599120563717817,64,2.89629061118336465774e-02,2.89311392620483845417e-02,2.65831400597549769027e-02,2.59227514798282321351e-01,5.02956037930866276941e-16,-8.72967760282761327112e-04,-8.76681772868469991883e-04,-8.73066440400334722871e-04,-5.68990772966707905253e-04,-1.51178177487457743127e-05,9.47447666112893841737e-14,9.41060095206361009649e-14,9.47447666112893841737e-14,True,9.41060095206361009649e-14,True,series tail and order change; rounding and minimizer search are not enclosed
4194304,22,joint_window,2.25,1.0612736940165948,64,3.12760144376873494565e-02,3.12472320506415324193e-02,2.85678530781459834309e-02,2.59562003640775196267e-01,4.98321279807883522917e-16,-9.60924536822312450046e-04,-9.65547862740679871396e-04,-9.61022142605901658063e-04,-7.08710706413875944978e-04,-1.49619094925914051543e-05,9.31222217425995988687e-14,9.25159852828684718408e-14,9.31222217425995988687e-14,True,9.25159852828684718408e-14,True,series tail and order change; rounding and minimizer search are not enclosed
4194304,22,joint_window,2.3,1.0626353316614081,64,3.36620979015635757303e-02,3.36359205502013772215e-02,3.05974731314177066099e-02,2.59896517033916973904e-01,4.93725186821698164390e-16,-1.05358534429755065082e-03,-1.05928563694541229973e-03,-1.05368190307655613253e-03,-8.74314110582279503496e-04,-1.48101128468544149404e-05,9.16587915875329817649e-14,9.10819007606754481891e-14,9.16587915875329817649e-14,True,9.10819007606754481891e-14,True,series tail and order change; rounding and minimizer search are not enclosed
4194304,22,joint_window,2.35,1.0639969693062212,64,3.61177803418424939186e-02,3.60938871761599042176e-02,3.26683203379499881303e-02,2.60231055052418447371e-01,4.89167475091564248799e-16,-1.15092483676994088160e-03,-1.15789022902498817125e-03,-1.15102038162795145687e-03,-1.06899331032349526917e-03,-1.46633144928122752872e-05,9.03272136176583816528e-14,8.97767143137053776678e-14,9.03272136176583816528e-14,True,8.97767143137053776678e-14,True,series tail and order change; rounding and minimizer search are not enclosed
4194304,22,joint_window,2.4,1.0653586069510343,64,3.86396930852820411073e-02,3.86178113994432303802e-02,3.47768254727488096423e-02,2.60565617770974866652e-01,4.84647862436940911336e-16,-1.25290800674497746631e-03,-1.26134815208804075548e-03,-1.25300257395642624519e-03,-1.29610930177114272964e-03,-1.45220095869578069459e-05,8.91055330374561645968e-14,8.85786996475924015609e-14,8.91055330374561645968e-14,True,8.85786996475924015609e-14,True,series tail and order change; rounding and minimizer search are not enclosed
4194304,22,joint_window,2.45,1.0667202445958477,64,4.12244906799943480746e-02,4.12043875560721417628e-02,3.69195422479604157262e-02,2.60900205264264994920e-01,4.80166068371448714335e-16,-1.35949108342965554325e-03,-1.36963811933084062683e-03,-1.35958471077649630659e-03,-1.55918053165475479702e-03,-1.43864358775336981347e-05,8.79759955732091691388e-14,8.74703276270424007033e-14,8.79759955732091691388e-14,True,8.74703276270424007033e-14,True,series tail and order change; rounding and minimizer search are not enclosed
4194304,22,joint_window,2.5,1.0680818822406608,64,4.38688645717809494462e-02,4.38503401485235977386e-02,3.90931564248679225271e-02,2.61234817606952440805e-01,4.75721814096796207164e-16,-1.47062238795334868785e-03,-1.48273181639203225496e-03,-1.47071511362037183474e-03,-1.86187085788897194530e-03,-1.42566619359188010991e-05,8.69241792068359803593e-14,8.64373907668151571406e-14,8.69241792068359803593e-14,True,8.64373907668151571406e-14,True,series tail and order change; rounding and minimizer search are not enclosed
4194304,22,joint_window,2.55,1.0694435198854741,64,4.65695548561551667111e-02,4.65524368765659682379e-02,4.12944921940278791839e-02,2.61569454873683882035e-01,4.71314822496667240283e-16,-1.58624314365186577791e-03,-1.60059462520991974827e-03,-1.58633500550630669734e-03,-2.20797692679720837169e-03,-1.41326457890014992345e-05,8.59383132393577585210e-14,8.54683180795565220557e-14,8.59383132393577585210e-14,True,8.54683180795565220557e-14,True,series tail and order change; rounding and minimizer search are not enclosed
4194304,22,joint_window,2.6,1.0708051575302873,64,4.93233602534454002031e-02,4.93074996243727664558e-02,4.35205162232951067725e-02,2.61904117139090564237e-01,4.66944818130591318796e-16,-1.70628824032065338351e-03,-1.72318629969829377468e-03,-1.70637927544895016269e-03,-2.60141517890368064933e-03,-1.40142741805225123431e-05,8.50087438991018449862e-14,8.45536387230226291376e-14,8.50087438991018449862e-14,True,8.45536387230226291376e-14,True,series tail and order change; rounding and minimizer search are not enclosed
4194304,22,joint_window,2.65,1.0721667951751006,64,5.21271464606101395112e-02,5.21124136176394567310e-02,4.57683397351136417308e-02,2.62238804477788189917e-01,4.62611527227773033843e-16,-1.83068695204744585903e-03,-1.85046159410504670179e-03,-1.83077719646511979240e-03,-3.04620867224595802056e-03,-1.39013890253832755309e-05,8.41275143558772896484e-14,8.36855616053801184340e-14,8.41275143558772896484e-14,True,8.36855616053801184340e-14,True,series tail and order change; rounding and minimizer search are not enclosed
4194304,22,joint_window,2.7,1.0735284328199137,64,5.49778530333828799326e-02,5.49641349500056136668e-02,4.80352189361865217210e-02,2.62573516964376973970e-01,4.58314677680905519562e-16,-1.95936360883119248255e-03,-1.98237084535958594383e-03,-1.95945309730990828434e-03,-3.54647388931368613349e-03,-1.37938053338250055818e-05,8.32880339252686362199e-14,8.28576451629798757126e-14,8.32880339252686362199e-14,True,8.28576451629798757126e-14,True,series tail and order change; rounding and minimizer search are not enclosed
4194304,22,joint_window,2.75,1.074890070464727,64,5.78724989481658527724e-02,5.78596966631136633286e-02,5.03185540856484619932e-02,2.62908254673440811011e-01,4.54053999039946439147e-16,-2.09223822269027047438e-03,-2.11886051106168361163e-03,-2.09232698866410743443e-03,-4.10640767159828508348e-03,-1.36913233429712383313e-05,8.24848167699970036192e-14,8.20645371932679839321e-14,8.24848167699970036192e-14,True,8.20645371932679839321e-14,True,series tail and order change; rounding and minimizer search are not enclosed
4194304,22,joint_window,2.8,1.0762517081095402,64,6.08081869860807450179e-02,6.07962135495245248329e-02,5.26158874529469716697e-02,2.63243017679548163557e-01,4.49829222505878686739e-16,-2.22922706936026088220e-03,-2.25987366501866331764e-03,-2.22931514488568412180e-03,-4.73027440454245988455e-03,-1.35937367545829264793e-05,8.17132747802703648802e-14,8.13017691308179476984e-14,8.17132747802703648802e-14,True,8.13017691308179476984e-14,True,series tail and order change; rounding and minimizer search are not enclosed
4194304,22,joint_window,2.85,1.0776133457543535,64,6.37821070729225059193e-02,6.37708858329387728858e-02,5.49249003841772581724e-02,2.63577806057252395089e-01,4.45640080924435787785e-16,-2.37024322699649035717e-03,-2.40535045241727606091e-03,-2.37033064274833754626e-03,-5.42239355555513245777e-03,-1.35008382715169145604e-05,8.09695527530884105097e-14,8.05655926964280685843e-14,8.09695527530884105097e-14,True,8.05655926964280685843e-14,True,series tail and order change; rounding and minimizer search are not enclosed
4194304,22,joint_window,2.9,1.0789749833991666,64,6.67915386991099618852e-02,6.67810018658896303867e-02,5.72434096659200433721e-02,2.63912619881090548812e-01,4.41486308779813790155e-16,-2.51519707353170703101e-03,-2.55522850682686659962e-03,-2.51528385882305444143e-03,-6.18712764917227382722e-03,-1.34124232790210758343e-05,8.02503966721372119397e-14,7.98528496071512070647e-14,8.02503966721372119397e-14,True,7.98528496071512070647e-14,True,series tail and order change; rounding and minimizer search are not enclosed
4194304,22,joint_window,2.95,1.0803366210439798,64,6.98338525337682675120e-02,6.98239399715631231524e-02,5.95693633488157750500e-02,2.64247459225585235032e-01,4.37367642188350171009e-16,-2.66399674451223665572e-03,-2.70944333128908705632e-03,-2.66408292732996619667e-03,-7.02887074640420276422e-03,-1.33282922750553103761e-05,7.95530479688223422723e-14,7.91608671663711330746e-14,7.95530479688223422723e-14,True,7.91608671663711330746e-14,True,series tail and order change; rounding and minimizer search are not enclosed
4194304,22,joint_window,3.0,1.081698258688793,64,7.29065113370102046986e-02,7.28971695436665539924e-02,6.19008361690238165242e-02,2.64582324165242854797e-01,4.33283818892186867845e-16,-2.81654855335051849952e-03,-2.86792864575964590035e-03,-2.81663416040067032808e-03,-7.95203747972606650452e-03,-1.32482523944882905247e-05,7.88751582495266517759e-14,7.84873741913851478974e-14,7.88751582495266517759e-14,True,7.84873741913851478974e-14,True,series tail and order change; rounding and minimizer search are not enclosed
4194304,22,fixed_power,0.36720488883706487,1.01,96,6.12824826374527495410e-04,8.89030870783047040376e-10,8.89030859748090814317e-10,2.46982802406764012648e-01,7.02210792393058841393e-16,9.23219352905900382967e-05,2.40298460682650788511e-01,2.40298460672113106673e-01,2.65494404315929415361e+01,2.65494404307374622931e+01,2.90656646010819482332e-08,2.90656644863301233080e-08,5.57121957456274685683e-08,True,5.57121886402001109673e-08,True,series tail and order change; rounding and minimizer search are not enclosed
4194304,22,fixed_power,0.7344097776741297,1.02,64,8.75686597872757572537e-04,2.86903264877213845367e-05,2.86841787357967439626e-05,2.49433602775279067432e-01,6.57367441407962136636e-16,5.78665820892970830325e-05,1.03631081127582118373e-03,1.03608868329581002045e-03,1.47514243992306864905e-01,1.47480804461499498403e-01,1.40771469514733725590e-11,1.40742394281070132533e-11,7.58896834263111941254e-11,True,7.58730023253662011484e-11,True,series tail and order change; rounding and minimizer search are not enclosed
4194304,22,fixed_power,1.1016146665111948,1.03,64,1.70104514266561823894e-03,9.13411442080404008606e-04,9.09013631898211238794e-04,2.51885604726352130278e-01,6.15119179317306829544e-16,7.60504788994617857839e-06,1.83970552457383973444e-05,1.82381927785818997653e-05,1.63494354601021059901e-03,1.61087694070976812991e-03,6.91976597008807773542e-13,6.90002810936841996863e-13,1.11429789007022606029e-12,True,1.10276046107193881340e-12,True,series tail and order change; rounding and minimizer search are not enclosed
4194304,22,fixed_power,1.8360244441853244,1.05,64,1.46293434387285044285e-02,1.45544472101400926972e-02,1.38470565024270790555e-02,2.56793332426625109388e-01,5.37886872588731785396e-16,-3.73965824636011577239e-04,-3.74485558752476067196e-04,-3.74070547431978872588e-04,-7.93047429443188839479e-05,-1.59793419218124887961e-05,1.16200559267414462554e-13,1.15220287869591156001e-13,1.16200559267414462554e-13,True,1.15220287869591156001e-13,True,series tail and order change; rounding and minimizer search are not enclosed
4194304,22,fixed_power,2.7540366662779823,1.075,64,5.81080219575370940377e-02,5.80952896668537818736e-02,5.05035378848362956350e-02,2.62935280264485649049e-01,4.53711590116804997635e-16,-2.10314626084404446282e-03,-2.13007789806434009311e-03,-2.10323496990467290191e-03,-4.15434467971211637133e-03,-1.36832659740022670350e-05,8.24214080726788938254e-14,8.20018848863026001729e-14,8.24214080726788938254e-14,True,8.20018848863026001729e-14,True,series tail and order change; rounding and minimizer search are not enclosed
4194304,22,fixed_power,3.672048888370649,1.1,64,1.16068761166814041208e-01,1.16063931192650182656e-01,9.30361202314286123150e-02,2.69085757582120721487e-01,3.81647087259406181161e-16,-5.18290639173091260972e-03,-5.37768822530343242050e-03,-5.18298631999010786520e-03,-3.04449555965493161291e-02,-1.24892138835587692796e-05,7.09685599612973291181e-14,7.05725227120228834186e-14,7.09685599612973291181e-14,True,7.05725227120228834186e-14,True,series tail and order change; rounding and minimizer search are not enclosed
4194304,22,fixed_power,5.5080733325559645,1.15,64,2.31859047711579890905e-01,2.31857402815325880363e-01,1.66338193807252343603e-01,2.81414141449873145273e-01,2.67753125767527484985e-16,-1.33049372731215420629e-02,-1.48199662862556237608e-02,-1.33050119528152141490e-02,-2.44319848335362049818e-01,-1.20138057849218885128e-05,5.43376487217328678372e-14,5.36543575087341402261e-14,5.43376487217328678372e-14,True,5.36543575087341402261e-14,True,series tail and order change; rounding and minimizer search are not enclosed
4194304,22,fixed_power,7.34409777674129,1.2,64,3.27680890640489219656e-01,3.27680000000000026805e-01,2.19929072016202736828e-01,2.93782149799831859838e-01,1.85660647477735116084e-16,-2.16630050876600380172e-02,-2.62432874705316662722e-02,-2.16630802347378692563e-02,-7.64965517216845469761e-01,-1.24552427291332104146e-05,4.15920267955702656690e-14,4.05741122638059120090e-14,4.15920267955702656690e-14,True,4.05741122638059120090e-14,True,series tail and order change; rounding and minimizer search are not enclosed
4194304,22,fixed_power,9.180122220926615,1.25,64,4.03237993125910298975e-01,4.03237402439117431641e-01,2.59180357765401492287e-01,3.06193425614168013293e-01,1.27158890281189772502e-16,-2.89637025826147836982e-02,-3.83764928724949980210e-02,-2.89637801889704310510e-02,-1.63130984168814574531e+00,-1.32339014901237732677e-05,3.16519514046122094485e-14,3.03901941581726385614e-14,3.16519514046122094485e-14,True,3.03901941581726385614e-14,True,series tail and order change; rounding and minimizer search are not enclosed
4194304,22,fixed_power,11.016146665111938,1.3,64,4.63033988534907237078e-01,4.63033551265942477926e-01,2.88789010916076727131e-01,3.18651592588365506487e-01,8.59502543425497381873e-17,-3.47810443221594767227e-02,-5.06034055209139133069e-02,-3.47811252082332184044e-02,-2.84852931663882458224e+00,-1.41587570449749487918e-05,2.39647963129106875984e-14,2.26384570019659758830e-14,2.39647963129106875984e-14,True,2.26384570019659758830e-14,True,series tail and order change; rounding and minimizer search are not enclosed
4194304,22,fixed_power,14.68819555348258,1.4,64,5.50334364961636568481e-01,5.50334077948180566686e-01,3.30145309393032881928e-01,3.43723018532124391378e-01,3.75641078659009409959e-17,-4.17826595657187910282e-02,-7.42360103371065283007e-02,-4.17827478199291890704e-02,-6.31389027095301802461e+00,-1.61503887201139616572e-05,1.52594684845378155784e-14,1.57318401323379135719e-14,1.24344978758017532527e-13,True,1.57318401323379135719e-14,True,series tail and order change; rounding and minimizer search are not enclosed
4194304,22,fixed_power,18.36024444185323,1.5,64,6.10351777764550296190e-01,6.10351562500000000000e-01,3.57509534293642405878e-01,3.69025157164765693629e-01,1.52863260928892972912e-17,-4.32371728898173351974e-02,-9.60417233114419927054e-02,-4.32372685826002134402e-02,-1.11077011555469606918e+01,-1.81170690169709775700e-05,1.75102780884888751773e-14,2.49673867708549976313e-14,5.04485342389671131968e-13,True,2.49673867708549976313e-14,True,series tail and order change; rounding and minimizer search are not enclosed
16777216,24,joint_window,0.0,1.0,96,2.41456521632862799835e-04,0.00000000000000000000e+00,0.00000000000000000000e+00,2.44533173793497621284e-01,7.49786258826540693388e-16,6.03670478512913970346e-05,2.38748120932375240688e-01,2.38748120932375240688e-01,2.63622548641458180896e+01,2.63622548641458180896e+01,4.27804456452308576259e-08,4.27804456452308576259e-08,7.61024239182006567717e-08,True,7.61024239182006567717e-08,True,series tail and order change; rounding and minimizer search are not enclosed
16777216,24,joint_window,0.05,1.0012481678410787,96,2.48377055828720699066e-04,5.24073462547401732583e-73,5.24073462547446409260e-73,2.44838865579031950137e-01,7.43694004166926428728e-16,5.85540724179298228340e-05,2.39047691728542593959e-01,2.39047691728542593959e-01,2.63948911341546121889e+01,2.63948911341546121889e+01,4.25318704333969920588e-08,4.25318704333969920588e-08,7.56632339005136600463e-08,True,7.56632339005136600463e-08,True,series tail and order change; rounding and minimizer search are not enclosed
16777216,24,joint_window,0.1,1.0024963356821575,96,2.55786015007181837845e-04,6.96610545323237000866e-37,6.96610545323227145046e-37,2.45144575212313753365e-01,7.37646245466534559192e-16,5.67113219371746384327e-05,2.39347300039244537118e-01,2.39347300039244537118e-01,2.64275254040676337297e+01,2.64275254040676337297e+01,4.22844369132152809428e-08,4.22844369132152809428e-08,7.52260440606278280029e-08,True,7.52260440606278280029e-08,True,series tail and order change; rounding and minimizer search are not enclosed
16777216,24,joint_window,0.15,1.0037445035232364,96,2.63742678445486879949e-04,7.65928565282721295836e-25,7.65928565282721295836e-25,2.45450302751479804142e-01,7.31642702161834853371e-16,5.48361925213532242830e-05,2.39646945976649233812e-01,2.39646945976649233812e-01,2.64601579501308421527e+01,2.64601579501308421527e+01,4.20381420496235455501e-08,4.20381420496235455501e-08,7.47908224241200514371e-08,True,7.47908224241200514371e-08,True,series tail and order change; rounding and minimizer search are not enclosed
16777216,24,joint_window,0.2,1.0049926713643151,96,2.72316575560801858464e-04,8.03131344127528343223e-19,8.03131344127522661729e-19,2.45756048254653663987e-01,7.25683095044238654202e-16,5.29257652469237158989e-05,2.39946629649820608599e-01,2.39946629649820608599e-01,2.64927890831159551510e+01,2.64927890831159551510e+01,4.17929827538224605504e-08,4.17929827538224605504e-08,7.43575654382766515482e-08,True,7.43575654382766515482e-08,True,series tail and order change; rounding and minimizer search are not enclosed
16777216,24,joint_window,0.25,1.0062408392053939,96,2.81589806214967998919e-04,3.28961383062136869914e-15,3.28961383062113519631e-15,2.46061811779946154610e-01,7.19767146257825677669e-16,5.09767513349662285257e-05,2.40246338607906312346e-01,2.40246338607906312346e-01,2.65254181355104776685e+01,2.65254181355104776685e+01,4.15487339691288171011e-08,4.15487339691288171011e-08,7.39259569115802150918e-08,True,7.39259569115802150918e-08,True,series tail and order change; rounding and minimizer search are not enclosed
16777216,24,joint_window,0.3,1.0074890070464726,96,2.91660015025439777782e-04,8.42138028591366647684e-13,8.42138028578387828444e-13,2.46367593385454636268e-01,7.13894579297030875413e-16,4.89854248896116258060e-05,2.40542888164464008227e-01,2.40542888164464008227e-01,2.65577872150286111719e+01,2.65577872150286111719e+01,4.12495630021031018571e-08,4.12495630021022349718e-08,7.34192653339960088488e-08,True,7.34192653339960088488e-08,True,series tail and order change; rounding and minimizer search are not enclosed
16777216,24,joint_window,0.35,1.0087371748875515,96,3.02644241378285439904e-04,4.42133149601419750367e-11,4.42133149291820522749e-11,2.46673393129263868184e-01,7.08065119004272428593e-16,4.69475396857217539470e-05,2.40676580454353389316e-01,2.40676580454234873008e-01,2.65769488843465389039e+01,2.65769488843369252606e+01,3.82493996074948078235e-08,3.82493996056159828673e-08,6.91614481240776513005e-08,True,6.91614481240776513005e-08,True,series tail and order change; rounding and minimizer search are not enclosed
16777216,24,joint_window,0.4,1.0099853427286303,96,3.14683954786537493659e-04,8.62342966615112038662e-10,8.62342956218559230313e-10,2.46979211069444870574e-01,7.02278491567537833521e-16,4.48582253110695213221e-05,2.37865357842547142653e-01,2.37865357803332067022e-01,2.63565463188496416080e+01,2.63565463156490800145e+01,1.36871529860105258089e-08,1.36871528510180081935e-08,2.99233242628815787612e-08,True,2.99233242628815787612e-08,True,series tail and order change; rounding and minimizer search are not enclosed
16777216,24,joint_window,0.45,1.011233510569709,64,3.27951713018969867076e-04,8.69184031465344306682e-09,8.69183936756378427785e-09,2.47285047264056256910e-01,6.96534424517907765886e-16,4.27118563166695351337e-05,2.10766771858001661366e-01,2.10766768795206144160e-01,2.40842246183850043906e+01,2.40842243526378751994e+01,1.09401605020780370805e-08,1.09401593248985452456e-08,3.85913843103935505496e-08,True,3.85913807576798717491e-08,True,series tail and order change; rounding and minimizer search are not enclosed
16777216,24,joint_window,0.5,1.0124816784107877,64,3.42660068094353834154e-04,5.51895417834124109159e-08,5.51895071191979487262e-08,2.47590901771143512278e-01,6.90832646727043854595e-16,4.05018856941240235070e-05,1.12317447765262812265e-01,1.12317402006406427684e-01,1.44645423958054433200e+01,1.44645373534265218041e+01,1.78175087022798682001e-09,1.78174977784538250854e-09,7.68088526115207059775e-09,True,7.68087815572471299674e-09,True,series tail and order change; rounding and minimizer search are not enclosed
16777216,24,joint_window,0.55,1.0137298462518667,64,3.59073623665300673252e-04,2.50407827403479891849e-07,2.50407173075995788516e-07,2.47896774648739465219e-01,6.85172888404621235345e-16,3.82206307133644329122e-05,2.94967752291818638422e-02,2.94966983012779453144e-02,4.25009930924193479740e+00,4.25008868226045866123e+00,3.98509814487807805360e-10,3.98508777534728025319e-10,2.11091144564079513657e-09,True,2.11090789292711633607e-09,True,series tail and order change; rounding and minimizer search are not enclosed
16777216,24,joint_window,0.6,1.0149780140929454,64,3.77525564019981301443e-04,8.83026137630484212352e-07,8.83018615380175631089e-07,2.48202665954863982423e-01,6.79554881095721365338e-16,3.58589943631985056055e-05,8.37695568110831921549e-03,8.37688432011143499500e-03,1.24173037565625588030e+00,1.24171988413231249027e+00,1.12805213936342712506e-10,1.12804255653932642946e-10,6.32995877936082251836e-10,True,6.32990770910168976116e-10,True,series tail and order change; rounding and minimizer search are not enclosed
16777216,24,joint_window,0.65,1.0162261819340241,64,3.98440602462043970845e-04,2.56504520227612879218e-06,2.56498611667379187968e-06,2.48508575747523996480e-01,6.73978357678168237214e-16,3.34060988026481698351e-05,2.88737237719046508852e-03,2.88730586624833928527e-03,4.28544301224021983998e-01,4.28534356908710334366e-01,3.88060505956260120716e-11,3.88051628209968220978e-11,2.19641527188230156753e-10,True,2.19636586695770574806e-10,True,series tail and order change; rounding and minimizer search are not enclosed
16777216,24,joint_window,0.7,1.0174743497751029,64,4.22367243450674323228e-04,6.39817401878699142185e-06,6.39782980277816522372e-06,2.48814504084713478127e-01,6.68443052359829291467e-16,3.08487972066091576924e-05,1.15896367916907302824e-03,1.15890132462680953314e-03,1.69905793552973582994e-01,1.69896418268016990982e-01,1.56206774561411748420e-11,1.56198504723728858877e-11,8.73548733348883388317e-11,True,8.73500716203068350296e-11,True,series tail and order change; rounding and minimizer search are not enclosed
16777216,24,joint_window,0.75,1.0187225176161818,64,4.50023671793960437434e-04,1.41282614116089046656e-05,1.41266819907237869942e-05,2.49120451024414268915e-01,6.62948700675866334794e-16,2.81710158444152693582e-05,5.25412165556441877398e-04,5.25353412782535579388e-04,7.49921812090715567134e-02,7.49833269641936445149e-02,7.15881234228671487845e-12,7.15803813540213485993e-12,3.88123144734464631256e-11,True,3.88078180701967312416e-11,True,series tail and order change; rounding and minimizer search are not enclosed
16777216,24,joint_window,0.8,1.0199706854572606,64,4.82363664351266466582e-04,2.82564182702051181243e-05,2.82504474370677996866e-05,2.49426416624594721183e-01,6.57495039485949086169e-16,2.53528572199545967100e-05,2.62822895412800721076e-04,2.62767294131936919067e-04,3.58434029338387249997e-02,3.58350135599252925256e-02,3.66265572252382112592e-12,3.66192776141692517693e-12,1.87952431396354313620e-11,True,1.87910312310357596743e-11,True,series tail and order change; rounding and minimizer search are not enclosed
16777216,24,joint_window,0.85,1.0212188532983393,64,5.20671823150401901631e-04,5.20871032646271463077e-05,5.20678557159837571643e-05,2.49732400943211224620e-01,6.52081806971415376183e-16,2.23693654893818307363e-05,1.42345050836122197398e-04,1.42292230665579761892e-04,1.81197438771271840396e-02,1.81117679725640336186e-02,2.06113725978917391022e-12,2.06045016844537101567e-12,9.70928892840561275079e-12,True,9.70528865607001023363e-12,True,series tail and order change; rounding and minimizer search are not enclosed
16777216,24,joint_window,0.9,1.022467021139418,64,5.66701013941692602338e-04,8.97078721797144642549e-05,8.96535322991723272919e-05,2.50038404038207373592e-01,6.46708742632400087789e-16,1.91888158939582906563e-05,8.20334337172778097413e-05,8.19830865449423053020e-05,9.49611199245429388194e-03,9.48850502404887871655e-03,1.25989989160070471926e-12,1.25924919675269556255e-12,5.25170532061913775124e-12,True,5.24792709288846026539e-12,True,series tail and order change; rounding and minimizer search are not enclosed
16777216,24,joint_window,0.95,1.023715188980497,64,6.22867947525229974023e-04,1.45907651692080126251e-04,1.45770434151329966949e-04,2.50344425967513883879e-01,6.41375587284916173731e-16,1.57703438172565997772e-05,4.93247314244659200086e-05,4.92765986006820234499e-05,5.07256730190724144242e-03,5.06529121558225384897e-03,8.26694614728538591675e-13,8.26076558880851554345e-13,2.92617839681152958065e-12,True,2.92259012130147155517e-12,True,series tail and order change; rounding and minimizer search are not enclosed
16777216,24,joint_window,1.0,1.0249633568215757,64,6.92521172154539951110e-04,2.26047999423651096301e-04,2.25732822597307951004e-04,2.50650466789049064520e-01,6.36082083057901752960e-16,1.20606933771161023861e-05,3.00665220735495388404e-05,3.00203853124841765721e-05,2.72322476197616684251e-03,2.71624716824388819786e-03,5.75400765326126366137e-13,5.74812167687718936902e-13,1.65546396035942677827e-12,True,1.65204135094132453787e-12,True,series tail and order change; rounding and minimizer search are not enclosed
16777216,24,joint_window,1.05,1.0262115246626544,64,7.80278598296357036451e-04,3.35904792518867685146e-04,3.35237280412139853833e-04,2.50956526560718984342e-01,6.30827973390217706035e-16,7.98989133578051455471e-06,1.75940670517626488183e-05,1.75497427226130778386e-05,1.45317467587215208395e-03,1.44646821163561551532e-03,4.19829866698804545032e-13,4.19268019202198604971e-13,9.39006684907983668609e-13,True,9.35734129070553422025e-13,True,series tail and order change; rounding and minimizer search are not enclosed
16777216,24,joint_window,1.1,1.0274596925037331,64,8.92378746291620718496e-04,4.81497249398405249322e-04,4.80179142022499241393e-04,2.51262605340416833588e-01,6.25613003027615984050e-16,3.46585509065573443756e-06,8.52028256003936482546e-06,8.47761986682111438451e-06,7.65093903885415301501e-04,7.58636056962852653104e-04,3.17568134743262901207e-13,3.17030724194587886884e-13,5.28476025961344131332e-13,True,5.25337260671998595996e-13,True,series tail and order change; rounding and minimizer search are not enclosed
16777216,24,joint_window,1.15,1.028707860344812,64,1.03688287196408734404e-03,6.68918531594472551283e-04,6.66469401777265691399e-04,2.51568703186023534535e-01,6.20436918019663741361e-16,-1.63149440592905061592e-06,9.85507685201012732096e-07,9.44392186022518414015e-07,3.96306148746978245765e-04,3.90079840549675642414e-04,2.46690261032018593585e-13,2.46175310966185998030e-13,2.93104136881577881368e-13,True,2.90097535837058329022e-13,True,series tail and order change; rounding and minimizer search are not enclosed
16777216,24,joint_window,1.2,1.0299560281858908,64,1.22344446269299932974e-03,9.04178604072110206173e-04,8.99863833347396935118e-04,2.51874820155407741495e-01,6.15299465716636406908e-16,-7.45503498254245920880e-06,-6.11881164965818015802e-06,-6.15844661515808217134e-06,2.02436773685355918696e-04,1.96432119685837784434e-04,1.95416117845417486791e-13,1.94921945239392893515e-13,1.95416117845417486791e-13,True,1.94921945239392893515e-13,True,series tail and order change; rounding and minimizer search are not enclosed
16777216,24,joint_window,1.21,1.0302056617541064,64,1.26671718212807943131e-03,9.57485963927464647436e-04,9.52681708314008176587e-04,2.51936045849229461879e-01,6.14276589038830294981e-16,-8.72276092142646982189e-06,-7.55592347135170677719e-06,-7.59526466440462052175e-06,1.76789896269080143128e-04,1.70829242917499158749e-04,1.86878188823251257730e-13,1.86387993197882315416e-13,1.86878188823251257730e-13,True,1.86387993197882315416e-13,True,series tail and order change; rounding and minimizer search are not enclosed
16777216,24,joint_window,1.22,1.0304552953223223,64,1.31217066744715882970e-03,1.01298441119767831421e-03,1.00764488660625003633e-03,2.51997272310779341087e-01,6.13255245606393135719e-16,-1.00285627020665890890e-05,-9.00985157343419957449e-06,-9.04889822764628646776e-06,1.54360034027901813153e-04,1.48443505037103041242e-04,1.78817861575395310408e-13,1.78331588092038964350e-13,1.78817861575395310408e-13,True,1.78331588092038964350e-13,True,series tail and order change; rounding and minimizer search are not enclosed
16777216,24,joint_window,1.23,1.030704928890538,64,1.35988553351385453583e-03,1.07071826408977350403e-03,1.06479437997425083196e-03,2.52058499540520342119e-01,6.12235433416797872739e-16,-1.13741370527101399480e-05,-1.04848649291849449049e-05,-1.05236154886253650484e-05,1.34758211468935529005e-04,1.28886050164094190977e-04,1.71202569935232194052e-13,1.70720165677878215625e-13,1.71202569935232194052e-13,True,1.70720165677878215625e-13,True,series tail and order change; rounding and minimizer search are not enclosed
16777216,24,joint_window,1.24,1.0309545624587537,64,1.40994027285273578268e-03,1.13073123490365170553e-03,1.12417043571597053894e-03,2.52119727538914650822e-01,6.11217150469586040163e-16,-1.27612231248157379643e-05,-1.19849841596990878967e-05,-1.20234362031701317360e-05,1.17639388324751887607e-04,1.11811969167425434937e-04,1.64002878976754024403e-13,1.63524292916933701209e-13,1.64002878976754024403e-13,True,1.63524292916933701209e-13,True,series tail and order change; rounding and minimizer search are not enclosed
16777216,24,joint_window,1.25,1.0312041960269696,64,1.46241083146021592400e-03,1.19306640120086116658e-03,1.18581250542085020125e-03,2.52180956306425729796e-01,6.10200394766364311356e-16,-1.41915990022297485579e-05,-1.35140081773267421456e-05,-1.35521583352906879218e-05,1.02697911025916661844e-04,9.69157522552982849838e-05,1.57192092163234593890e-13,1.56717275126446885359e-13,1.57192092163234593890e-13,True,1.56717275126446885359e-13,True,series tail and order change; rounding and minimizer search are not enclosed
16777216,24,joint_window,1.26,1.0314538295951854,64,1.51737023752110899120e-03,1.25776617854946319748e-03,1.24975921551380214289e-03,2.52242185843515709376e-01,6.09185164310809232093e-16,-1.56670779498264685185e-05,-1.50755376027929580921e-05,-1.51133814665167971487e-05,8.96634113633846250614e-05,8.39271888219448127834e-05,1.50745906458574392653e-13,1.50274811092052139449e-13,1.50745906458574392653e-13,True,1.50274811092052139449e-13,True,series tail and order change; rounding and minimizer search are not enclosed
16777216,24,joint_window,1.27,1.031703463163401,64,1.57488829192720483120e-03,1.32487229483264218333e-03,1.31604833959412170427e-03,2.52303416150647719096e-01,6.08171457108663276250e-16,-1.71895044668962085257e-05,-1.66729953677767462564e-05,-1.67105273902332584438e-05,7.82971000921732371508e-05,7.26076623063433317833e-05,1.44642110769346292762e-13,1.44174691510991076284e-13,1.44642110769346292762e-13,True,1.44174691510991076284e-13,True,series tail and order change; rounding and minimizer search are not enclosed
16777216,24,joint_window,1.28,1.0319530967316168,64,1.63503132664682190173e-03,1.39442576610398160340e-03,1.38471677255861216373e-03,2.52364647228284055824e-01,6.07159271167730704287e-16,-1.87607502142989306798e-05,-1.83096448585687147405e-05,-1.83468582466225641273e-05,6.83884122695492248324e-05,6.27467968576238841003e-05,1.38860323550663685612e-13,1.38396536598989545923e-13,1.38860323550663685612e-13,True,1.38396536598989545923e-13,True,series tail and order change; rounding and minimizer search are not enclosed
16777216,24,joint_window,1.29,1.0322027302998327,64,1.69786203389106146733e-03,1.46646687396905471557e-03,1.45580050649361954739e-03,2.52425879076887682562e-01,6.06148604497882493628e-16,-2.03827098851961676079e-05,-1.99886059084852763749e-05,-2.00254925058846930657e-05,5.97519684788677175359e-05,5.41594199595704363327e-05,1.33381765738994735170e-13,1.32921569023910681583e-13,1.33381765738994735170e-13,True,1.32921569023910681583e-13,True,series tail and order change; rounding and minimizer search are not enclosed
16777216,24,joint_window,1.3,1.0324523638680483,64,1.76343936591491761562e-03,1.54103514447186877405e-03,1.52933460831923941428e-03,2.52487111696921062709e-01,6.05139455111052295749e-16,-2.20572970870991391136e-05,-2.17128689057138034042e-05,-2.17494190664021288910e-05,5.22248219669967794635e-05,4.66828110431463707002e-05,1.28189065410729649261e-13,1.27732418565005362329e-13,1.28189065410729649261e-13,True,1.27732418565005362329e-13,True,series tail and order change; rounding and minimizer search are not enclosed
16777216,24,joint_window,1.31,1.0327019974362641,64,1.83181850240179359274e-03,1.61816932846049451114e-03,1.60535319916362256149e-03,2.52548345088846937223e-01,6.04131821021232590481e-16,-2.37864402982065914222e-05,-2.34853072480470013127e-05,-2.35215096992896451934e-05,4.56639663194107666149e-05,4.01742107140093567051e-05,1.23266090744926071809e-13,1.22812955076184943049e-13,1.23266090744926071809e-13,True,1.22812955076184943049e-13,True,series tail and order change; rounding and minimizer search are not enclosed
16777216,24,joint_window,1.32,1.03295163100448,64,1.90305087990932909024e-03,1.69790738340407153066e-03,1.68388943544242977203e-03,2.52609579253127713994e-01,6.03125700244479517783e-16,-2.55720789540964804631e-05,-2.53086883457198424854e-05,-2.53445300405526067252e-05,3.99440818177706463807e-05,3.45085687383002250365e-05,1.18597808023230563103e-13,1.18148146486316869364e-13,1.18597808023230563103e-13,True,1.18148146486316869364e-13,True,series tail and order change; rounding and minimizer search are not enclosed
16777216,24,joint_window,1.33,1.0332012645726956,64,1.97718427593267980294e-03,1.78028645663284748428e-03,1.76497549161720853825e-03,2.52670814190225967444e-01,6.02121090798908637615e-16,-2.74161597123790063205e-05,-2.71856833476143795389e-05,-2.72211493060924892857e-05,3.49555012620934242086e-05,2.95765115728903888728e-05,1.14170161554148807534e-13,1.13723938723724071546e-13,1.14170161554148807534e-13,True,1.13723938723724071546e-13,True,series tail and order change; rounding and minimizer search are not enclosed
16777216,24,joint_window,1.34,1.0334508981409114,64,2.05426293884667212145e-03,1.86534286996981046869e-03,1.84864254460223413623e-03,2.52732049900604605064e-01,6.01117990704691281456e-16,-2.93206329334056076986e-05,-2.91188757436220302822e-05,-2.91539488823682651011e-05,3.06023779921943848092e-05,2.52825121719295923758e-05,1.09969972578770512139e-13,1.09527154621988433605e-13,1.09969972578770512139e-13,True,1.09527154621988433605e-13,True,series tail and order change; rounding and minimizer search are not enclosed
16777216,24,joint_window,1.35,1.0337005317091272,64,2.13432775431755686682e-03,1.95311210572030958046e-03,1.93492075978720745426e-03,2.52793286384725757188e-01,6.00116397984059384076e-16,-3.12874494052812319143e-05,-3.11107689766223875771e-05,-3.11454299261465505921e-05,2.68010402694729162716e-05,2.15432462347804329144e-05,1.05984854409053425376e-13,1.05545409058184514297e-13,1.05984854409053425376e-13,True,1.05545409058184514297e-13,True,series tail and order change; rounding and minimizer search are not enclosed
16777216,24,joint_window,1.36,1.0339501652773428,64,2.21741643869455750879e-03,2.04362879398727005295e-03,2.02383927864243761546e-03,2.52854523643051831705e-01,5.99116310661300750373e-16,-3.33185573318375903400e-05,-3.31637931808324913467e-05,-3.31980200901101476021e-05,2.34785172485038834498e-05,1.82861201224715983740e-05,1.02203141268965197695e-13,1.01767037793826426519e-13,1.02203141268965197695e-13,True,1.01767037793826426519e-13,True,series tail and order change; rounding and minimizer search are not enclosed
16777216,24,joint_window,1.37,1.0341997988455587,64,2.30356375029758513734e-03,2.13692670127601028196e-03,2.11542620787013961603e-03,2.52915761676045902639e-01,5.98117726762756294358e-16,-3.54158995931841370439e-05,-3.52803111487496700964e-05,-3.53140794765417157658e-05,2.05712225905508429649e-05,1.54479564958028123180e-05,9.86138285497955989851e-14,9.81810377298639929020e-14,9.86138285497955989851e-14,True,9.81810377298639929020e-14,True,series tail and order change; rounding and minimizer search are not enclosed
16777216,24,joint_window,1.38,1.0344494324137745,64,2.39280171030834421658e-03,2.23303872035207672322e-03,2.20970861006297442791e-03,2.52977000484170100325e-01,5.97120644316823884851e-16,-3.75814112804505784556e-05,-3.74626236163606331220e-05,-3.74959059087497819686e-05,1.80237824514833154066e-05,1.29738244084662041907e-05,9.52065224460683538221e-14,9.47770165421490955307e-14,9.52065224460683538221e-14,True,9.47770165421490955307e-14,True,series tail and order change; rounding and minimizer search are not enclosed
16777216,24,joint_window,1.39,1.0346990659819901,64,2.48515982602412217189e-03,2.33199686131645286466e-03,2.30671249583212518292e-03,2.53038240067886888163e-01,5.96125061353954401181e-16,-3.98170174996110150072e-05,-3.97129739453832880831e-05,-3.97457395990122894051e-05,1.57879952021328304732e-05,1.08160012119471714298e-05,9.19713971987948596108e-14,9.15451499241293533272e-14,9.19713971987948596108e-14,True,9.15451499241293533272e-14,True,series tail and order change; rounding and minimizer search are not enclosed
16777216,24,joint_window,1.4,1.034948699550206,64,2.58066531042772107085e-03,2.43383224386025569588e-03,2.40646281736374336585e-03,2.53099480427658729553e-01,5.95130975906648873559e-16,-4.21246314337267490149e-05,-4.20335522717918516795e-05,-4.20657672822986623135e-05,1.38219108318569675552e-05,8.93305422144732310351e-06,8.88991584294497224062e-14,8.84761449201503619358e-14,8.88991584294497224062e-14,True,8.84761449201503619358e-14,True,series tail and order change; rounding and minimizer search are not enclosed
16777216,24,joint_window,1.41,1.0351983331184216,64,2.67934329326544734551e-03,2.53857509065995605099e-03,2.50898346336099085582e-03,2.53160721563948087898e-01,5.94138386009462131564e-16,-4.45061526488239574476e-05,-4.44264991815856318848e-05,-4.44581258767184320409e-05,1.20890186106397751675e-05,7.28903072008223552392e-06,8.59810112926180741386e-14,8.55612080773235532639e-14,8.59810112926180741386e-14,True,8.55612080773235532639e-14,True,series tail and order change; rounding and minimizer search are not enclosed
16777216,24,joint_window,1.42,1.0354479666866374,64,2.78121702002977026769e-03,2.64625472187707050029e-03,2.61429725533162673687e-03,2.53221963477217204552e-01,5.93147289698996394647e-16,-4.69634656257350894225e-05,-4.68939089676003524783e-05,-4.69249057245174671163e-05,1.05575322260227097367e-05,5.85274551433717800906e-06,8.32086324013092311302e-14,8.27920173699650766757e-14,8.32086324013092311302e-14,True,8.27920173699650766757e-14,True,series tail and order change; rounding and minimizer search are not enclosed
16777216,24,joint_window,1.43,1.0356976002548532,64,2.88630803634534402469e-03,2.75689955072144212908e-03,2.72242594517493712025e-03,2.53283206167928542918e-01,5.92157685013904920613e-16,-4.94984384983564737817e-05,-4.94378325147627967553e-05,-4.94681534610121216577e-05,9.19976229020679864236e-06,4.59715593776292632557e-06,8.05741446823340904687e-14,8.01606970540043479550e-14,8.05741446823340904687e-14,True,8.01606970540043479550e-14,True,series tail and order change; rounding and minimizer search are not enclosed
16777216,24,joint_window,1.44,1.0359472338230689,64,2.99463635623235194944e-03,2.87053708004155177375e-03,2.83339021402630392502e-03,2.53344449636544399862e-01,5.91169569994889441820e-16,-5.21129219780246252455e-05,-5.20602798557386124527e-05,-5.20898745534516391040e-05,7.99156681944865882722e-06,3.49881489894144441150e-06,7.80700944969012984005e-14,7.76597947865299346015e-14,7.80700944969012984005e-14,True,7.76597947865299346015e-14,True,series tail and order change; rounding and minimizer search are not enclosed
16777216,24,joint_window,1.45,1.0361968673912847,64,3.10622061353882329346e-03,2.98719389990297718926e-03,2.94720967231482458559e-03,2.53405693883527294297e-01,5.90182942684695333412e-16,-5.48087484436016311382e-05,-5.47632224340773867376e-05,-5.47920355468808819438e-05,6.91187100016304081226e-06,2.53739329305001874427e-06,7.56894305134741123258e-14,7.52822604975241022592e-14,7.56894305134741123258e-14,True,7.52822604975241022592e-14,True,series tail and order change; rounding and minimizer search are not enclosed
16777216,24,joint_window,1.46,1.0364465009595005,64,3.22107819649363261161e-03,3.10689568611525719979e-03,3.06390286098702805881e-03,2.53466938909339689623e-01,5.89197801128117036733e-16,-5.75877311774040533295e-05,-5.75485951076401265440e-05,-5.75765660498380707662e-05,5.94224828862957024037e-06,1.69526381645371904790e-06,7.34254839464108246739e-14,7.30214266273082342283e-14,7.34254839464108246739e-14,True,7.30214266273082342283e-14,True,series tail and order change; rounding and minimizer search are not enclosed
16777216,24,joint_window,1.47,1.0366961345277161,64,3.33922536584704094872e-03,3.22966719967141815614e-03,3.18348725385512228842e-03,2.53528184714443327596e-01,5.88214143371993128948e-16,-6.04516637281884527781e-05,-6.04182979214844284067e-05,-6.04453604890504568765e-05,5.06655559774957639014e-06,9.57138939700414530904e-07,7.12719498766363140886e-14,7.08709894459679445545e-14,7.12719498766363140886e-14,True,7.08709894459679445545e-14,True,series tail and order change; rounding and minimizer search are not enclosed
16777216,24,joint_window,1.48,1.036945768095932,64,3.46067735743535356135e-03,3.35553228706107504326e-03,3.30597926102310689725e-03,2.53589431299300893663e-01,5.87231967465203364812e-16,-6.34023193836716369466e-05,-6.33741976760118915987e-05,-6.34002796589596415502e-05,4.27061602336896207365e-06,3.09756487363109105549e-07,6.92228694523325669826e-14,6.88249912527491230142e-14,6.92228694523325669826e-14,True,6.88249912527491230142e-14,True,series tail and order change; rounding and minimizer search are not enclosed
16777216,24,joint_window,1.49,1.0371954016641478,64,3.58544847026293989414e-03,3.48451388141915495769e-03,3.43139423334492621800e-03,2.53650678664374740201e-01,5.86251271458673015410e-16,-6.64414507365575983215e-05,-6.64181293132955858846e-05,-6.64431520890025931712e-05,3.54194322354197838144e-06,-2.58393063095494831912e-07,6.72726128307827755034e-14,6.68778034912281782818e-14,6.72726128307827755034e-14,True,6.68778034912281782818e-14,True,series tail and order change; rounding and minimizer search are not enclosed
16777216,24,joint_window,1.5,1.0374450352323634,64,3.71355214135181150442e-03,3.61663400447493179127e-03,3.55974646787210946206e-03,2.53711926810126553455e-01,5.85272053405368529419e-16,-6.95707893297384792099e-05,-6.95518971420247848411e-05,-6.95757752491030830727e-05,2.86950219439151295225e-06,-7.57302822388855042952e-07,6.54158627700569358714e-14,6.50241099636020606152e-14,6.54158627700569358714e-14,True,6.50241099636020606152e-14,True,series tail and order change; rounding and minimizer search are not enclosed
16777216,24,joint_window,1.51,1.0376946688005793,64,3.84500100868273922416e-03,3.75191376926436699971e-03,3.69104921424515466932e-03,2.53773175737019296427e-01,5.84294311360293983232e-16,-7.27920453678796092536e-05,-7.27772759191761225810e-05,-7.27999166115109955927e-05,2.24350177062271327193e-06,-1.19565394659414730026e-06,6.36475988140233362537e-14,6.32588910377560103384e-14,6.36475988140233362537e-14,True,6.32588910377560103384e-14,True,series tail and order change; rounding and minimizer search are not enclosed
16777216,24,joint_window,1.52,1.037944302368795,64,3.97980696356406080105e-03,3.89037338356876304449e-03,3.82531468198378391335e-03,2.53834425445514766384e-01,5.83318043380495616913e-16,-7.61069074841691289510e-05,-7.60960118045684967558e-05,-7.61173145851369147702e-05,1.65521471065788736242e-06,-1.58099244893821488967e-06,6.19630820385921947826e-14,6.15774087839237601020e-14,6.19630820385921947826e-14,True,6.15774087839237601020e-14,True,series tail and order change; rounding and minimizer search are not enclosed
16777216,24,joint_window,1.53,1.0381939359370107,64,4.11798119373747717464e-03,4.03203215404651996168e-03,3.96255404863388605713e-03,2.53895675936075204682e-01,5.82343247525057791281e-16,-7.95170425526128864593e-05,-7.95098232026937969466e-05,-7.95296793368325052875e-05,1.09682173484292344848e-06,-1.91988200656025446568e-06,6.03578403433983009378e-14,5.99751920496144361971e-14,6.03578403433983009378e-14,True,5.99751920496144361971e-14,True,series tail and order change; rounding and minimizer search are not enclosed
16777216,24,joint_window,1.54,1.0384435695052265,64,4.25953421845732226048e-03,4.17690849102287688199e-03,4.10277746872738779266e-03,2.53956927209162575121e-01,5.81369921855099339429e-16,-8.30240955375315635434e-05,-8.30204015046690857807e-05,-8.30386935124465940666e-05,5.61276311588841495184e-07,-2.21803596495399901902e-06,5.88276542833825090853e-14,5.84480222900863020568e-14,5.88276542833825090853e-14,True,5.84480222900863020568e-14,True,series tail and order change; rounding and minimizer search are not enclosed
16777216,24,joint_window,1.55,1.0386932030734424,64,4.40447591669905144651e-03,4.32501991390216253969e-03,4.24599408351073164675e-03,2.54018179265239396614e-01,5.80398064433777905461e-16,-8.66296893732321779749e-05,-8.66294117417105644097e-05,-8.66460128690964238515e-05,4.21874035946817866296e-08,-2.48043133384362369414e-06,5.73685434403171565303e-14,5.69919199387472732804e-14,5.73685434403171565303e-14,True,5.69919199387472732804e-14,True,series tail and order change; rounding and minimizer search are not enclosed
16777216,24,joint_window,1.56,1.038942836641658,64,4.55281554955324924833e-03,4.47638305717236017339e-03,4.39221203140254413261e-03,2.54079432104767521938e-01,5.79427673326285901577e-16,-9.03354248680043664041e-05,-9.03384931603869048913e-05,-9.03532668289426695030e-05,-4.66282262886568967870e-07,-2.71140721620003012974e-06,5.59767536009258978996e-14,5.56031313198749265906e-14,5.59767536009258978996e-14,True,5.56031313198749265906e-14,True,series tail and order change; rounding and minimizer search are not enclosed
16777216,24,joint_window,1.57,1.0391924702098738,64,4.70456177775532748825e-03,4.63101367696801963225e-03,4.54143845913752060989e-03,2.54140685728209247962e-01,5.78458746599846760987e-16,-9.41428806275264882034e-05,-9.41492597287724207814e-05,-9.41620589635751899932e-05,-9.69504529575649742255e-07,-2.91474979214113136977e-06,5.46487434304281179643e-14,5.42781161061799158591e-14,5.46487434304281179643e-14,True,5.42781161061799158591e-14,True,series tail and order change; rounding and minimizer search are not enclosed
16777216,24,joint_window,1.58,1.0394421037780897,64,4.85972267519612418502e-03,4.78892665815935404672e-03,4.69367953355513244790e-03,2.54201940136026649508e-01,5.77491282323719769679e-16,-9.80536129936734716928e-05,-9.80633005815902299152e-05,-9.80739674171759437046e-05,-1.47246256933384463536e-06,-3.09376570011157542910e-06,5.33811732339420647784e-14,5.30135353223665326725e-14,5.33811732339420647784e-14,True,5.30135353223665326725e-14,True,series tail and order change; rounding and minimizer search are not enclosed
16777216,24,joint_window,1.59,1.0396917373463053,64,5.01830573916046008415e-03,4.95013602193873723106e-03,4.84894045399475795421e-03,2.54263195328681579355e-01,5.76525278569195431868e-16,-1.02069155995531367365e-04,-1.02082180411706708451e-04,-1.02090545275789683181e-04,-1.97981767868691539467e-06,-3.25134540835923098684e-06,5.21708932940403138278e-14,5.18062398935969934265e-14,5.21708932940403138278e-14,True,5.18062398935969934265e-14,True,series tail and order change; rounding and minimizer search are not enclosed
16777216,24,joint_window,1.6,1.039941370914521,64,5.18031789794118780607e-03,5.11465493387407588860e-03,5.00722546525931254402e-03,2.54324451306636334369e-01,5.75560733409592314545e-16,-1.06191021309997766196e-04,-1.06207439814441032683e-04,-1.06213320889235181103e-04,-2.49596747478982590153e-06,-3.39001796223483764444e-06,5.10149329369260302393e-14,5.06532597351547097022e-14,5.10149329369260302393e-14,True,5.06532597351547097022e-14,True,series tail and order change; rounding and minimizer search are not enclosed
16777216,24,joint_window,1.61,1.0401910044827367,64,5.34576551638624858365e-03,5.28249571239809007084e-03,5.16853787110331877597e-03,2.54385708070352600796e-01,5.74597644920261879258e-16,-1.10420698229932385051e-04,-1.10440595590483893462e-04,-1.10443798151445759723e-04,-3.02509668207747057050e-06,-3.51199829171847266535e-06,4.99104901577793681499e-14,4.95517933768477464173e-14,4.99104901577793681499e-14,True,4.95517933768477464173e-14,True,series tail and order change; rounding and minimizer search are not enclosed
16777216,24,joint_window,1.62,1.0404406380509525,64,5.51465439986174952441e-03,5.45366983770933632519e-03,5.33288004821694510554e-03,2.54446965620292897547e-01,5.73636011178580297672e-16,-1.14759653638352296032e-04,-1.14783141012711519327e-04,-1.14783456744561905907e-04,-3.57122153681559911670e-06,-3.61922811292422043629e-06,4.88549217715705119722e-14,4.84991981129942217845e-14,4.88549217715705119722e-14,True,4.84991981129942217845e-14,True,series tail and order change; rounding and minimizer search are not enclosed
16777216,24,joint_window,1.63,1.0406902716191684,64,5.68698979703053351942e-03,5.62818796105310579364e-03,5.50025346066134162432e-03,2.54508223956919021891e-01,5.72675830263954072208e-16,-1.19209331987397645393e-04,-1.19236546061424154505e-04,-1.19233752351344040807e-04,-4.13822868818151103169e-06,-3.71341130809961894639e-06,4.78457340778253477317e-14,4.74929806664706011634e-14,4.78457340778253477317e-14,True,4.74929806664706011634e-14,True,series tail and order change; rounding and minimizer search are not enclosed
16777216,24,joint_window,1.64,1.040939905187384,64,5.86277640179153763933e-03,5.80605991435923039085e-03,5.67065867472515538344e-03,2.54569483080692549049e-01,5.71717100257815007055e-16,-1.23771155281308703651e-04,-1.23802257632273267351e-04,-1.23796116840165491314e-04,-4.72990935651025166812e-06,-3.79604454408424416546e-06,4.68805740256268491083e-14,4.65307883531229772802e-14,4.68805740256268491083e-14,True,4.65307883531229772802e-14,True,series tail and order change; rounding and minimizer search are not enclosed
16777216,24,joint_window,1.65,1.0411895387555998,64,6.04201835466154028170e-03,5.98729472021023931272e-03,5.84409537416611789967e-03,2.54630742992076108955e-01,5.70759819243618038800e-16,-1.28446523062776844434e-04,-1.28481699720566270272e-04,-1.28471958426326269241e-04,-5.34998940382219054587e-06,-3.86844379219626232551e-06,4.59572208634134445153e-14,4.56104007311095766760e-14,4.59572208634134445153e-14,True,4.56104007311095766760e-14,True,series tail and order change; rounding and minimizer search are not enclosed
16777216,24,joint_window,1.66,1.0414391723238157,64,6.22471924383063025116e-03,6.17190060211298026360e-03,6.02056237580250210029e-03,2.54692003691531165810e-01,5.69803985306843997441e-16,-1.33236812402238481712e-04,-1.33276273585185853557e-04,-1.33262661812948504658e-04,-6.00215587209952204509e-06,-3.93176730860159729948e-06,4.50735782567143566304e-14,4.47297217183231423415e-14,4.50735782567143566304e-14,True,4.47297217183231423415e-14,True,series tail and order change; rounding and minimizer search are not enclosed
16777216,24,joint_window,1.67,1.0416888058920313,64,6.41088210608533465296e-03,6.35988499505325995120e-03,6.20005764542471294459e-03,2.54753265179519627903e-01,5.68849596534996943985e-16,-1.38143377889975789603e-04,-1.38187357895221173479e-04,-1.38169588314551315851e-04,-6.69008047904448927354e-06,-3.98703556495859899340e-06,4.42276668558598544929e-14,4.38867721599383396784e-14,4.42276668558598544929e-14,True,4.38867721599383396784e-14,True,series tail and order change; rounding and minimizer search are not enclosed
16777216,24,joint_window,1.68,1.0419384394602471,64,6.60050942775040287019e-03,6.55125455630847612631e-03,6.38257831399471637496e-03,2.54814527456503792102e-01,5.67896651017599535887e-16,-1.43167551630900063628e-04,-1.43216308861861588674e-04,-1.43194075965928668305e-04,-7.41744047641410529387e-06,-4.03514854549434615034e-06,4.34176172949732104338e-14,4.30796828273997060165e-14,4.34176172949732104338e-14,True,4.30796828273997060165e-14,True,series tail and order change; rounding and minimizer search are not enclosed
16777216,24,joint_window,1.69,1.042188073028463,64,6.79360314576934673503e-03,6.74601517649501408735e-03,6.56812069410051598689e-03,2.54875790522945011585e-01,5.66945146846197858822e-16,-1.48310643241962429074e-04,-1.48364460357923552865e-04,-1.48337439618677303585e-04,-8.18793723843290305027e-06,-4.07690077441884205606e-06,4.26416636030789293493e-14,4.23066878296878855714e-14,4.26416636030789293493e-14,True,4.23066878296878855714e-14,True,series tail and order change; rounding and minimizer search are not enclosed
16777216,24,joint_window,1.7,1.0424377065966786,64,6.99016464902093084821e-03,6.94417199083135518178e-03,6.75668029663971381193e-03,2.54937054379305472196e-01,5.65995082114357383777e-16,-1.53573939852393016002e-04,-1.53633124027141988559e-04,-1.53600971027570464347e-04,-9.00531287261626738831e-06,-4.11299437579065260847e-06,4.18981370079194229600e-14,4.15661184174641290518e-14,4.18981370079194229600e-14,True,4.15661184174641290518e-14,True,series tail and order change; rounding and minimizer search are not enclosed
16777216,24,joint_window,1.75,1.0436858744377575,64,8.02499942580864149277e-03,7.98602728706618303356e-03,7.74452554952489210377e-03,2.55243385526059129997e-01,5.61266283464529999074e-16,-1.81736973938199887144e-04,-1.81828488667782001489e-04,-1.81764748389967242814e-04,-1.39309593836885258178e-05,-4.22800486543469241176e-06,3.86146027531780983850e-14,3.82973442960132169167e-14,3.86146027531780983850e-14,True,3.82973442960132169167e-14,True,series tail and order change; rounding and minimizer search are not enclosed
16777216,24,joint_window,1.8,1.0449340422788362,64,9.14642597435165113917e-03,9.11314384733545590489e-03,8.80669696988255548686e-03,2.55549736490059853367e-01,5.56573185997571617819e-16,-2.13085286852140141922e-04,-2.13220784500337164069e-04,-2.13113324691345442513e-04,-2.06357688987693561108e-05,-4.27005400662763639591e-06,3.59380712867009028350e-14,3.56355071980637263298e-14,3.59380712867009028350e-14,True,3.56355071980637263298e-14,True,series tail and order change; rounding and minimizer search are not enclosed
16777216,24,joint_window,1.85,1.046182210119915,64,1.03540184492059879340e-02,1.03253849763408032947e-02,9.94183496632350567623e-03,2.55856107329018422902e-01,5.51915553674095325248e-16,-2.47754554603002831795e-04,-2.47949490606211384730e-04,-2.47782582889687248706e-04,-2.97017461087163058215e-05,-4.27057510951720811326e-06,3.37401414103475356060e-14,3.34521508432670419075e-14,3.37401414103475356060e-14,True,3.34521508432670419075e-14,True,series tail and order change; rounding and minimizer search are not enclosed
16777216,24,joint_window,1.9,1.0474303779609937,64,1.16470382872758109610e-02,1.16222325921690149142e-02,1.11482090971654762557e-02,2.56162498100633684306e-01,5.47293151708333500211e-16,-2.85866588742482788388e-04,-2.86140836524940295194e-04,-2.85894452080449976844e-04,-4.18057783672256508571e-05,-4.24742940012715670289e-06,3.19221291706416827830e-14,3.16485117446279590814e-14,3.19221291706416827830e-14,True,3.16485117446279590814e-14,True,series tail and order change; rounding and minimizer search are not enclosed
16777216,24,joint_window,1.95,1.0486785458020726,64,1.30244557962135975443e-02,1.30028259033756268814e-02,1.24237717108651220949e-02,2.56468908862593325537e-01,5.42705746564547413359e-16,-3.27529533087426430113e-04,-3.27908098022451069062e-04,-3.27557144203234010954e-04,-5.77349982259156910410e-05,-4.21097339303666164378e-06,3.04075259143986683393e-14,3.01479854861506722090e-14,3.04075259143986683393e-14,True,3.01479854861506722090e-14,True,series tail and order change; rounding and minimizer search are not enclosed
16777216,24,joint_window,2.0,1.0499267136431514,64,1.44849752884456169783e-02,1.44659994042185113122e-02,1.37662095232516344667e-02,2.56775339672571989436e-01,5.38153105953415328888e-16,-3.72838139190525977643e-04,-3.73351945846455693032e-04,-3.72865450978027493378e-04,-7.83982681784460338961e-05,-4.16731707702892353580e-06,2.91365293852323434681e-14,2.88906670605468323432e-14,2.91365293852323434681e-14,True,2.88906670605468323432e-14,True,series tail and order change; rounding and minimizer search are not enclosed
16777216,24,joint_window,2.05,1.05117488148423,64,1.60270622146911033423e-02,1.60103195782221423282e-02,1.51729923066799537307e-02,2.57081790588233882744e-01,5.33634998828385797790e-16,-4.21874117632587732063e-04,-4.22560852270308789924e-04,-4.21901106994607318079e-04,-1.04834956067392741212e-04,-4.12011507290247145350e-06,2.80620532486382212751e-14,2.78293695517558195004e-14,2.80620532486382212751e-14,True,2.78293695517558195004e-14,True,series tail and order change; rounding and minimizer search are not enclosed
16777216,24,joint_window,2.1,1.0524230493253088,64,1.76489710394447767150e-02,1.76341198696385453859e-02,1.66414181250826090364e-02,2.57388261667230444640e-01,5.29151195382014976664e-16,-4.74706557977570050427e-04,-4.75611551967656392970e-04,-4.74733216298679240597e-04,-1.38221558536579972954e-04,-4.07157372198493581474e-06,2.71467892510380419783e-14,2.69266943085073037268e-14,2.71467892510380419783e-14,True,2.69266943085073037268e-14,True,series tail and order change; rounding and minimizer search are not enclosed
16777216,24,joint_window,2.15,1.0536712171663876,64,1.93487729127644753069e-02,1.93355336218730966547e-02,1.81686547659502643792e-02,2.57694752967202511673e-01,5.24701467042273575394e-16,-5.31392407738502138559e-04,-5.32569549425303528228e-04,-5.31418735165532698378e-04,-1.79876450218955388988e-04,-4.02302954937926302345e-06,2.63610205922766573434e-14,2.61528503750923500620e-14,2.63610205922766573434e-14,True,2.61528503750923500620e-14,True,series tail and order change; rounding and minimizer search are not enclosed
16777216,24,joint_window,2.2,1.0549193850074665,64,2.11243824645521889594e-02,2.11125247948240890583e-02,1.97517771974077688268e-02,2.58001264545777875270e-01,5.20285586468830632031e-16,-5.91976999568750821001e-04,-5.93489663171400602670e-04,-5.92003001522056152700e-04,-2.31262915262853363746e-04,-3.97528825705797256973e-06,2.56809745211817566727e-14,2.54840107529359174193e-14,2.56809745211817566727e-14,True,2.54840107529359174193e-14,True,series tail and order change; rounding and minimizer search are not enclosed
16777216,24,joint_window,2.25,1.0561675528485452,64,2.29735832651470975319e-02,2.29629163628412118203e-02,2.13878010191527294370e-02,2.58307796460573946273e-01,5.15903327549317073114e-16,-6.56494615718749511407e-04,-6.58416596623248411013e-04,-6.56520300735134124809e-04,-2.93990572412469741443e-04,-3.92882715365169963748e-06,2.50875655573827582520e-14,2.49010568698690180827e-14,2.50875655573827582520e-14,True,2.49010568698690180827e-14,True,series tail and order change; rounding and minimizer search are not enclosed
16777216,24,joint_window,2.3,1.057415720689624,64,2.48940516629743945065e-02,2.48844163650416942690e-02,2.30737119841564024270e-02,2.58614348769196034095e-01,5.11554465395558705632e-16,-7.24969079250895997307e-04,-7.27385525743306192437e-04,-7.24994457635201507845e-04,-3.69815294509059997851e-04,-3.88391812187877484493e-06,2.45654252149638801935e-14,2.43886074542633299092e-14,2.45654252149638801935e-14,True,2.43886074542633299092e-14,True,series tail and order change; rounding and minimizer search are not enclosed
16777216,24,joint_window,2.35,1.0586638885307027,64,2.68833788347685870290e-02,2.68746416331796973698e-02,2.48064917480817631601e-02,2.58920921529238123870e-01,5.07238776339793924809e-16,-7.97414362335232759782e-04,-8.00422694551817387465e-04,-7.97439445311022045149e-04,-4.60637727946994961041e-04,-3.84070354171343251282e-06,2.41021450111053770411e-14,2.39342591425794981366e-14,2.41021450111053770411e-14,True,2.39342591425794981366e-14,True,series tail and order change; rounding and minimizer search are not enclosed
16777216,24,joint_window,2.4,1.0599120563717817,64,2.89390909754110269014e-02,2.89311392620483845417e-02,2.65831400597549769027e-02,2.59227514798282321351e-01,5.02956037930866276941e-16,-8.73835202981256692345e-04,-8.77546010638042845581e-04,-8.73860002153779499845e-04,-5.68500527072393103956e-04,-3.79924381457059854699e-06,2.36876808368711021631e-14,2.35279875239243601423e-14,2.36876808368711021631e-14,True,2.35279875239243601423e-14,True,series tail and order change; rounding and minimizer search are not enclosed
16777216,24,joint_window,2.45,1.0611602242128604,64,3.10586676203338796221e-02,3.10514059159714209124e-02,2.84006936428824116603e-02,2.59534128633899796590e-01,4.98706028930397990972e-16,-9.54227722673511510876e-04,-9.58765633985253929589e-04,-9.54252249690685713790e-04,-6.95584428044828491020e-04,-3.75954751250543148762e-06,2.33138813427313636854e-14,2.31616718587056003397e-14,2.33138813427313636854e-14,True,2.31616718587056003397e-14,True,series tail and order change; rounding and minimizer search are not enclosed
16777216,24,joint_window,2.5,1.062408392053939,64,3.32395581399244632870e-02,3.32329050845293211269e-02,3.02562420403418158577e-02,2.59840763093649673721e-01,4.94488529308937181830e-16,-1.03858003849422765585e-03,-1.04408455358455474343e-03,-1.03860430483452333833e-03,-8.44203293759486538342e-04,-3.72159071083127437185e-06,2.29741129530068900301e-14,2.28287165476779419229e-14,2.29741129530068900301e-14,True,2.28287165476779419229e-14,True,series tail and order change; rounding and minimizer search are not enclosed
16777216,24,joint_window,2.55,1.0636565598950178,64,3.54791964771843867932e-02,3.54730824130705529873e-02,3.21469407011381810846e-02,2.60147418235080585269e-01,4.90303320242091150092e-16,-1.12687286438180930132e-03,-1.13349914740251515866e-03,-1.12689688122412715043e-03,-1.01679826552061739267e-03,-3.68532948762172390207e-06,2.26629609772039629690e-14,2.25237491259941076962e-14,2.26629609772039629690e-14,True,2.25237491259941076962e-14,True,series tail and order change; rounding and minimizer search are not enclosed
16777216,24,joint_window,2.6,1.0649047277360968,64,3.77750142207742348188e-02,3.77693792403691330772e-02,3.40700215894603614109e-02,2.60454094115728729264e-01,4.86150184106635917219e-16,-1.21908009716300939906e-03,-1.22699972225792999780e-03,-1.21910387531002067235e-03,-1.21593115776845363957e-03,-3.65070808037836170448e-06,2.23759910825921187962e-14,2.22423792034800560237e-14,2.23759910825921187962e-14,True,2.22423792034800560237e-14,True,series tail and order change; rounding and minimizer search are not enclosed
16777216,24,joint_window,2.65,1.0661528955771755,64,4.01244521182736665899e-02,4.01192444782518739532e-02,3.60228015875693474701e-02,2.60760790793119812125e-01,4.82028904476610871030e-16,-1.31516938389119198566e-03,-1.32457103104003433985e-03,-1.31519293372748830723e-03,-1.44427722992521612340e-03,-3.61766420241417037095e-06,2.21095588402896134144e-14,2.19810061000616259192e-14,2.21095588402896134144e-14,True,2.19810061000616259192e-14,True,series tail and order change; rounding and minimizer search are not enclosed
16777216,24,joint_window,2.7,1.0674010634182542,64,4.25249701411827621400e-02,4.25201449672187314910e-02,3.80026889516300869776e-02,2.61067508324768215999e-01,4.77939266119386787133e-16,-1.41510266781865422236e-03,-1.42619276546124013755e-03,-1.41512599929174195251e-03,-1.70461746456174526032e-03,-3.58613253655372166939e-06,2.18606576180571895722e-14,2.17366654046481434744e-14,2.18606576180571895722e-14,True,2.17366654046481434744e-14,True,series tail and order change; rounding and minimizer search are not enclosed
16777216,24,joint_window,2.75,1.068649231259333,64,4.49740562154412049090e-02,4.49695744388339188613e-02,4.00071880636080484672e-02,2.61374246768176721201e-01,4.73881054991724877059e-16,-1.51883671102646857637e-03,-1.53184002318439670132e-03,-1.51885983364258465855e-03,-1.99983047412870956761e-03,-3.55604700586187981115e-06,2.16267970575007317089e-14,2.15069066055069492945e-14,2.16267970575007317089e-14,True,2.15069066055069492945e-14,True,series tail and order change; rounding and minimizer search are not enclosed
16777216,24,joint_window,2.8,1.069897399100412,64,4.74692337304035150147e-02,4.74650612107071281920e-02,4.20339027043696786268e-02,2.61681006180836894792e-01,4.69854058235810691446e-16,-1.62632359233632565326e-03,-1.64148374870801486147e-03,-1.62634651516587597220e-03,-2.33288415015054859114e-03,-3.52734225152810952335e-06,2.14059059201605449509e-14,2.12896954711000377743e-14,2.14059059201605449509e-14,True,2.12896954711000377743e-14,True,series tail and order change; rounding and minimizer search are not enclosed
16777216,24,joint_window,2.85,1.0711455669414907,64,5.00080679360297222780e-02,5.00041747337099176662e-02,4.40805380541396327199e-02,2.61987786620229423651e-01,4.65858064175278852730e-16,-1.73751117964021564027e-03,-1.75509114783888899025e-03,-1.73753391132913485861e-03,-2.70682715922743654877e-03,-3.49995454563636877881e-06,2.11962543257694695693e-14,2.10833361026101536336e-14,2.11962543257694695693e-14,True,2.10833361026101536336e-14,True,series tail and order change; rounding and minimizer search are not enclosed
16777216,24,joint_window,2.9,1.0723937347825694,64,5.25881713334527267634e-02,5.25845311041581234268e-02,4.61449016072373666142e-02,2.62294588143823836912e-01,4.61892862311210374909e-16,-1.85234357621475234645e-03,-1.87262607594407878148e-03,-1.85236612499963416295e-03,-3.12478038014418497276e-03,-3.47382237550425274213e-06,2.09963914062726828321e-14,2.08864085937210801362e-14,2.09963914062726828321e-14,True,2.08864085937210801362e-14,True,series tail and order change; rounding and minimizer search are not enclosed
16777216,24,joint_window,2.95,1.0736419026236481,64,5.52072081584164958690e-02,5.52037976463220364520e-02,4.82249031691225557572e-02,2.62601410809078616992e-01,4.57958243318124264065e-16,-1.97076154094392649863e-03,-1.99404940046071527809e-03,-1.97078391466918613484e-03,-3.58992836599728373792e-03,-3.44888676201617512133e-06,2.08050952080771764496e-14,2.06977190601499529654e-14,2.08050952080771764496e-14,True,2.06977190601499529654e-14,True,series tail and order change; rounding and minimizer search are not enclosed
16777216,24,joint_window,3.0,1.074890070464727,64,5.78628980508742868372e-02,5.78596966631136633286e-02,5.03185540856484619932e-02,2.62908254673440811011e-01,4.54053999039946439147e-16,-2.09270288266788853648e-03,-2.11931933836613257266e-03,-2.09272508880395217978e-03,-4.10551090493903921702e-03,-3.42509142398411882440e-06,2.06213323271649914140e-14,2.05162594715009974987e-14,2.06213323271649914140e-14,True,2.05162594715009974987e-14,True,series tail and order change; rounding and minimizer search are not enclosed
16777216,24,fixed_power,0.40058715145861623,1.01,96,3.14832259622004637187e-04,8.89030870783047040376e-10,8.89030859748090814317e-10,2.46982802406764012648e-01,7.02210792393058841393e-16,4.48333633425851882360e-05,2.37768190393374712066e-01,2.37768190351772740199e-01,2.63487123299416623468e+01,2.63487123265455487342e+01,1.33469835165442756884e-08,1.33469833792363041762e-08,2.92767659004766755970e-08,True,2.92767694531903543975e-08,True,series tail and order change; rounding and minimizer search are not enclosed
16777216,24,fixed_power,0.8011743029172325,1.02,64,4.83189108946551295655e-04,2.86903264877213845367e-05,2.86841787357967439626e-05,2.49433602775279067432e-01,6.57367441407962136636e-16,2.52847921363871076068e-05,2.58846518569162621810e-04,2.58790986579576017153e-04,3.52540413586836035020e-02,3.52456622587615439612e-02,3.60977544717576849500e-12,3.60904850362571740513e-12,1.84936788105716232167e-11,True,1.84894669019719515290e-11,True,series tail and order change; rounding and minimizer search are not enclosed
16777216,24,fixed_power,1.2017614543758486,1.03,64,1.23091213162876650204e-03,9.13411442080404008606e-04,9.09013631898211238794e-04,2.51885604726352130278e-01,6.15119179317306829544e-16,-7.67564982201220948575e-06,-6.37092891862478202282e-06,-6.41051216042137425588e-06,1.97667124737845164781e-04,1.91670217217962813964e-04,1.93876001799845746253e-13,1.93382533785806028928e-13,1.93876001799845746253e-13,True,1.93382533785806028928e-13,True,series tail and order change; rounding and minimizer search are not enclosed
16777216,24,fixed_power,2.002935757293081,1.05,64,1.45732812044789775824e-02,1.45544472101400926972e-02,1.38470565024270790555e-02,2.56793332426625109388e-01,5.37886872588731785396e-16,-3.75613559588454035132e-04,-3.76136408011910937724e-04,-3.75640852906075628503e-04,-7.97801471095734363037e-05,-4.16461664752097845878e-06,2.90684159879907261643e-14,2.88233421945023288450e-14,2.90684159879907261643e-14,True,2.88233421945023288450e-14,True,series tail and order change; rounding and minimizer search are not enclosed
16777216,24,fixed_power,3.004403635939617,1.075,64,5.80984735438729305024e-02,5.80952896668537818736e-02,5.05035378848362956350e-02,2.62935280264485649049e-01,4.53711590116804997635e-16,-2.10360926776176175579e-03,-2.13053505691556538393e-03,-2.10363145948373395089e-03,-4.15344551410730400409e-03,-3.42304853331986999029e-06,2.06054784707269968405e-14,2.05005947178529300875e-14,2.06054784707269968405e-14,True,2.05005947178529300875e-14,True,series tail and order change; rounding and minimizer search are not enclosed
16777216,24,fixed_power,4.005871514586162,1.1,64,1.16065138744605306220e-01,1.16063931192650182656e-01,9.30361202314286123150e-02,2.69085757582120721487e-01,3.81647087259406181161e-16,-5.18316436767164365196e-03,-5.37793726290906881626e-03,-5.18318435137121030776e-03,-3.04435703595524777276e-02,-3.12255987825227299828e-06,1.77421589225376217136e-14,1.76431474569455329532e-14,1.77421589225376217136e-14,True,1.76431474569455329532e-14,True,series tail and order change; rounding and minimizer search are not enclosed
16777216,24,fixed_power,6.008807271879234,1.15,64,2.31857814042835841395e-01,2.31857402815325880363e-01,1.66338193807252343603e-01,2.81414141449873145273e-01,2.67753125767527484985e-16,-1.33050903377080337320e-02,-1.48201054685848723769e-02,-1.33051090078100328618e-02,-2.44317664462498917999e-01,-3.00348064371674985850e-06,1.35844169688853463608e-14,1.34135927534097911159e-14,1.35844169688853463608e-14,True,1.34135927534097911159e-14,True,series tail and order change; rounding and minimizer search are not enclosed
16777216,24,fixed_power,8.011743029172315,1.2,64,3.27680222660848952110e-01,3.27680000000000026805e-01,2.19929072016202736828e-01,2.93782149799831859838e-01,1.85660647477735116084e-16,-2.16631280454194774521e-02,-2.62433923251747039385e-02,-2.16631468322456902098e-02,-7.64962627726471944278e-01,-3.11382043283441951303e-06,1.03980290549735787227e-14,1.01435691619008339373e-14,1.03980290549735787227e-14,True,1.01435691619008339373e-14,True,series tail and order change; rounding and minimizer search are not enclosed
16777216,24,fixed_power,10.014678786465396,1.25,64,4.03237550111080533810e-01,4.03237402439117431641e-01,2.59180357765401492287e-01,3.06193425614168013293e-01,1.27158890281189772502e-16,-2.89638131645157531624e-02,-3.83765814574371783019e-02,-2.89638325661326495597e-02,-1.63130627988957455088e+00,-3.30848044012839192870e-06,7.91574234824431815948e-15,7.60296702963290309272e-15,7.91574234824431815948e-15,True,7.60296702963290309272e-15,True,series tail and order change; rounding and minimizer search are not enclosed
16777216,24,fixed_power,12.017614543758478,1.3,64,4.63033660583311801329e-01,4.63033551265942477926e-01,2.88789010916076727131e-01,3.18651592588365506487e-01,8.59502543425497381873e-17,-3.47811491870604200249e-02,-5.06034846853254810517e-02,-3.47811694085958522660e-02,-2.84852509570673051442e+00,-3.53969251033252258935e-06,6.04639164114324061735e-15,5.76693996063599050426e-15,7.10542735760100185871e-15,True,5.76693996063599050426e-15,True,series tail and order change; rounding and minimizer search are not enclosed
16777216,24,fixed_power,16.02348605834463,1.4,64,5.50334149701596109239e-01,5.50334077948180566686e-01,3.30145309393032881928e-01,3.43723018532124391378e-01,3.75641078659009409959e-17,-4.17827609802480237633e-02,-7.42360790296216627171e-02,-4.17827830438106118116e-02,-6.31388474860138071421e+00,-4.03759926817631370813e-06,5.36518366146561232569e-15,6.84943330880127373847e-15,1.35003119794419035316e-13,True,6.84943330880127373847e-15,True,series tail and order change; rounding and minimizer search are not enclosed
16777216,24,fixed_power,20.02935757293079,1.5,64,6.10351616316165190845e-01,6.10351562500000000000e-01,3.57509534293642405878e-01,3.69025157164765693629e-01,1.52863260928892972912e-17,-4.32372751547504402536e-02,-9.60417862392068111266e-02,-4.32372990779532617722e-02,-1.11076943511213350746e+01,-4.52926886032266121232e-06,1.23531314641734971761e-14,2.05982400303036909429e-14,5.02708985550270881504e-13,True,2.05982400303036909429e-14,True,series tail and order change; rounding and minimizer search are not enclosed
67108864,26,joint_window,0.0,1.0,96,1.20728260816431399918e-04,0.00000000000000000000e+00,0.00000000000000000000e+00,2.44533173793497621284e-01,7.49786258826540693388e-16,3.01827945731400549873e-05,2.38748120932375240688e-01,2.38748120932375240688e-01,2.63655886127979854905e+01,2.63655886127979854905e+01,4.27815518042774286401e-08,4.27815518042774286401e-08,7.60990737092015478993e-08,True,7.60990737092015478993e-08,True,series tail and order change; rounding and minimizer search are not enclosed
67108864,26,joint_window,0.05,1.0011521549302265,96,1.24189204494475877215e-04,4.99795543127542354768e-79,4.99795543127584961768e-79,2.44815350193391650935e-01,7.44161055817886208245e-16,2.92811719136939463382e-05,2.39024646490697739720e-01,2.39024646490697739720e-01,2.63956292612597529512e+01,2.63956292612597529512e+01,4.25520228108427663068e-08,4.25520228108427663068e-08,7.56936948675956955412e-08,True,7.56936948675956955412e-08,True,series tail and order change; rounding and minimizer search are not enclosed
67108864,26,joint_window,0.1,1.0023043098604532,96,1.27896813840014676776e-04,6.80284122250803374622e-40,6.80284122250803374622e-40,2.45097541797023088517e-01,7.38573784948815842552e-16,2.83645783359730834655e-05,2.39301204006714757222e-01,2.39301204006714757222e-01,2.64256670607766430692e+01,2.64256670607766430692e+01,4.23234667894393233540e-08,4.23234667894393233540e-08,7.52900248812693462241e-08,True,7.52900248812693462241e-08,True,series tail and order change; rounding and minimizer search are not enclosed
67108864,26,joint_window,0.15,1.0034564647906796,96,1.31881460977137707604e-04,7.53914331862963371848e-27,7.53914331862984752299e-27,2.45379748650119078324e-01,7.33024225425472282937e-16,2.74316908166405949384e-05,2.39577793568653052425e-01,2.39577793568653052425e-01,2.64557021486997321347e+01,2.64557021486997321347e+01,4.20958813315721725012e-08,4.20958813315721725012e-08,7.48880282230857119430e-08,True,7.48880282230857119430e-08,True,series tail and order change; rounding and minimizer search are not enclosed
67108864,26,joint_window,0.2,1.0046086197209063,96,1.36178870532171233769e-04,2.50978830354302470354e-20,2.50978830354302470354e-20,2.45661970798397605309e-01,7.27512157437963651598e-16,2.64810231024392386421e-05,2.39854415264328213464e-01,2.39854415264328213464e-01,2.64857346803728113116e+01,2.64857346803728113116e+01,4.18692640206695501219e-08,4.18692640206695501219e-08,7.44877048930447926978e-08,True,7.44877048930447926978e-08,True,series tail and order change; rounding and minimizer search are not enclosed
67108864,26,joint_window,0.25,1.0057607746511328,96,1.40831360578756801648e-04,2.05601156610661601927e-16,2.05601156610655759426e-16,2.45944208287566856708e-01,7.22037362158859641589e-16,2.55108966423878922572e-05,2.40131066041550711443e-01,2.40131066041550711443e-01,2.65157645775574337677e+01,2.65157645775574337677e+01,4.16435567932192529808e-08,4.16435567932192529808e-08,7.40890051531550852815e-08,True,7.40890051531550852815e-08,True,series tail and order change; rounding and minimizer search are not enclosed
67108864,26,joint_window,0.3,1.0069129295813595,96,1.45889443814003057177e-04,8.35508170372988511448e-14,8.35508170371626117110e-14,2.46226461163325832660e-01,7.16599621741639137170e-16,2.45194047311866823963e-05,2.40406477297746362654e-01,2.40406477297746362654e-01,2.65456891307199107644e+01,2.65456891307199107644e+01,4.13964300460424283196e-08,4.13964300460423886149e-08,7.36611802665265713586e-08,True,7.36611802665265713586e-08,True,series tail and order change; rounding and minimizer search are not enclosed
67108864,26,joint_window,0.35,1.008065084511586,96,1.51413915567364255454e-04,6.10194432028748966933e-12,6.10194431965166081250e-12,2.46508729471363791097e-01,7.11198719319122845794e-16,2.35043678811987643976e-05,2.40591042830518325735e-01,2.40591042830508583528e-01,2.65682425400385220371e+01,2.65682425400377333347e+01,3.96030836001461074023e-08,3.96030835999845491025e-08,7.10964158656679501291e-08,True,7.10964123129542713286e-08,True,series tail and order change; rounding and minimizer search are not enclosed
67108864,26,joint_window,0.4,1.0092172394418126,96,1.57478607754928969214e-04,1.52442486616350232827e-10,1.52442486266281374685e-10,2.46791013257360525301e-01,7.05834439001857415151e-16,2.24632777406650223698e-05,2.38637700486019121993e-01,2.38637700480715114759e-01,2.64170462865974258193e+01,2.64170462861653412290e+01,1.78265822439045571146e-08,1.78265822159556329939e-08,3.74787525458941672696e-08,True,3.74787525458941672696e-08,True,series tail and order change; rounding and minimizer search are not enclosed
67108864,26,joint_window,0.45,1.010369394372039,64,1.64174065555103938178e-04,1.86276171994496032961e-09,1.86276167310431090246e-09,2.47073312566986641459e-01,7.00506565876485843753e-16,2.13932258861753583619e-05,2.14644882075759019235e-01,2.14644881455233554890e-01,2.44163576076782931068e+01,2.44163575543213333674e+01,1.27862617538674690929e-08,1.27862614358928591020e-08,4.47616876897427573567e-08,True,4.47616912424564361572e-08,True,series tail and order change; rounding and minimizer search are not enclosed
67108864,26,joint_window,0.5,1.0115215493022658,64,1.71612520015854022690e-04,1.37974246873177817798e-08,1.37974223558017811549e-08,2.47355627445903114570e-01,6.95214886004071250119e-16,2.02908123942990361330e-05,1.12210438214127961043e-01,1.12210425914915132295e-01,1.44514117844228220378e+01,1.44514104290907088313e+01,1.78886904019458277296e-09,1.78886874508833641640e-09,7.71006369859605911188e-09,True,7.71006369859605911188e-09,True,series tail and order change; rounding and minimizer search are not enclosed
67108864,26,joint_window,0.55,1.0126737042324923,64,1.79934706751838803919e-04,7.10104057551427883890e-08,7.10103491629733417898e-08,2.47637957939761371717e-01,6.89959186418406343851e-16,1.91520270484983141858e-05,2.59808551339312555906e-02,2.59808344429754423111e-02,3.76342203154668730747e+00,3.76341914505386521128e+00,3.52907552984440114321e-10,3.52907272614365136894e-10,1.88755233665460764314e-09,True,1.88755056029776824289e-09,True,series tail and order change; rounding and minimizer search are not enclosed
67108864,26,joint_window,0.6,1.0138258591627187,64,1.89319353357122473853e-04,2.78136754099095660370e-07,2.78135951913703867565e-07,2.47920304094204069223e-01,6.84739255124279706586e-16,1.79720929868967775199e-05,6.64117486291615835570e-03,6.64115570882945014525e-03,9.88169710317988170267e-01,9.88166880802752944923e-01,8.98863672954746556925e-11,8.98861084927923602354e-11,5.07500153013040744554e-10,True,5.07498709723108731851e-10,True,series tail and order change; rounding and minimizer search are not enclosed
67108864,26,joint_window,0.65,1.0149780140929454,64,1.99996582726245865531e-04,8.83026137630484212352e-07,8.83018615380175631089e-07,2.48202665954863982423e-01,6.79554881095721365338e-16,1.67452581029879125842e-05,2.09423358009892942797e-03,2.09421573984970837284e-03,3.12193475320188817967e-01,3.12190802755660912204e-01,2.82650404195212907198e-11,2.82648007350285754804e-11,1.60913671276574632429e-10,True,1.60912172475491388468e-10,True,series tail and order change; rounding and minimizer search are not enclosed
67108864,26,joint_window,0.7,1.0161301690231719,64,2.12267147231317773737e-04,2.37692198220078446992e-06,2.37687097643359173998e-06,2.48485043567365060380e-01,6.74405854274222727866e-16,1.54645127031118447079e-05,7.78884350582675498605e-04,7.78867636247513044252e-04,1.14993607787503948625e-01,1.14991093009356892818e-01,1.05233469097976742685e-11,1.05231236785482257690e-11,5.93669557957809956861e-11,True,5.93657345504539080139e-11,True,series tail and order change; rounding and minimizer search are not enclosed
67108864,26,joint_window,0.75,1.0172823239533986,64,2.26530463493039861591e-04,5.60682819123736206026e-06,5.60656125990722903725e-06,2.48767436977321426683e-01,6.69291965566915497277e-16,1.41212016098513441483e-05,3.30535369993670540695e-04,3.30519631276051056943e-04,4.77117519584982496816e-02,4.77093798664553828126e-02,4.50166033377774279780e-12,4.50145137984568375995e-12,2.47561554589381671576e-11,True,2.47549133969293677637e-11,True,series tail and order change; rounding and minimizer search are not enclosed
67108864,26,joint_window,0.8,1.018434478883625,64,2.43326075191415926906e-04,1.18804145184249167677e-05,1.18792823814079592933e-05,2.49049846230338295383e-01,6.64213006844740627253e-16,1.27044831873462020315e-05,1.56083612006185072250e-04,1.56068726846684223668e-04,2.16339291223860384628e-02,2.16316836433616405122e-02,2.16610924459672085000e-12,2.16591279696700900599e-12,1.13552396652227827190e-11,True,1.13541016866225419335e-11,True,series tail and order change; rounding and minimizer search are not enclosed
67108864,26,joint_window,0.85,1.0195866338138517,64,2.63395716248822982404e-04,2.30451410765098360623e-05,2.30411016525606892171e-05,2.49332271372011693433e-01,6.59168770940573298291e-16,1.12005640120146717398e-05,8.03811546569808542829e-05,8.03670226071639010610e-05,1.04435719208295727661e-02,1.04414387550549932898e-02,1.15420691376783767930e-12,1.15402151438933568008e-12,5.59490821727681719722e-12,True,5.59384309706256743766e-12,True,series tail and order change; rounding and minimizer search are not enclosed
67108864,26,joint_window,0.9,1.0207387887440782,64,2.87776816337258266407e-04,4.15293379871960665825e-05,4.15168570351553075401e-05,2.49614712447928238648e-01,6.54159051647337145708e-16,9.59160297125616698047e-06,4.43326226974830698581e-05,4.43191601408671133518e-05,5.24682597206382623362e-03,5.24479287149384049149e-03,6.72406693103780160614e-13,6.72231127935155586251e-13,2.90027377114476792030e-12,True,2.89925462110263154614e-12,True,series tail and order change; rounding and minimizer search are not enclosed
67108864,26,joint_window,0.95,1.0218909436743049,64,3.17942775437055915287e-04,7.03407083685967114738e-05,7.03065412157965856366e-05,2.49897169503665500523e-01,6.49183643716076776624e-16,7.85413066006025511676e-06,2.56553461784359986041e-05,2.56424828350167155738e-05,2.68956234033369432843e-03,2.68761888685623917886e-03,4.23143445643877996550e-13,4.22976693639806648901e-13,1.55253197450799795831e-12,True,1.55156443248927189416e-12,True,series tail and order change; rounding and minimizer search are not enclosed
67108864,26,joint_window,1.0,1.0230430986045314,64,3.56008180837257708941e-04,1.13024643413920931651e-04,1.12940245297000159473e-04,2.50179642584791861459e-01,6.44242342854020722013e-16,5.95677534876252470167e-06,1.51066514175916152244e-05,1.50943278063671624352e-05,1.38299190587052667559e-03,1.38112923373659023281e-03,2.84057074636080749589e-13,2.83898269576891162161e-13,8.43760608257304589586e-13,True,8.42833832240263980395e-13,True,series tail and order change; rounding and minimizer search are not enclosed
67108864,26,joint_window,1.05,1.024195253534758,64,4.05009758516537623097e-04,1.73589544521708574049e-04,1.73398633441297823519e-04,2.50462131736866877585e-01,6.39334945722603269372e-16,3.85705853196443204569e-06,8.50992445427351077184e-06,8.49809018848860374027e-06,7.03549698716494204508e-04,7.01760277779376272743e-04,2.00768715395385236473e-13,2.00617117004798334380e-13,4.58421278368148499283e-13,True,4.57541014624307518233e-13,True,series tail and order change; rounding and minimizer search are not enclosed
67108864,26,joint_window,1.1,1.0253474084649845,64,4.69235189782360483709e-04,2.56408784266162119523e-04,2.56008523357284002719e-04,2.50744637005440307309e-01,6.34461249935476730461e-16,1.49711979132548928233e-06,3.81541128952105963084e-06,3.80402430002195506746e-06,3.50679834867655647584e-04,3.48957370860963141286e-04,1.47495275865899270245e-13,1.47350247787010614074e-13,2.45702980530837500339e-13,True,2.44859308610317905064e-13,True,series tail and order change; rounding and minimizer search are not enclosed
67108864,26,joint_window,1.15,1.026499563395211,64,5.54472190512341335349e-04,3.66109383048074691833e-04,3.65323800638921397741e-04,2.51027158436053721147e-01,6.29621054056485843704e-16,-1.20134569148530210778e-06,-7.38991154933929983613e-08,-8.48720457060806810282e-08,1.70610847578586113851e-04,1.68950371773389946281e-04,1.11363382756471148915e-13,1.11224375695798434760e-13,1.28721116881766461937e-13,True,1.27915120986740737941e-13,True,series tail and order change; rounding and minimizer search are not enclosed
67108864,26,joint_window,1.2,1.0276517183254377,64,6.67909014576092562206e-04,5.07456553793605037034e-04,5.06001177906491793855e-04,2.51309696074238753116e-01,6.24814157597627286860e-16,-4.34171081057814012630e-06,-3.80467548701372859123e-06,-3.81525610526952253364e-06,8.12982642563572137449e-05,7.96965349553727011710e-05,8.56890741044487951982e-14,8.55556129333089209799e-14,8.56890741044487951982e-14,True,8.55556129333089209799e-14,True,series tail and order change; rounding and minimizer search are not enclosed
67108864,26,joint_window,1.21,1.027882149311483,64,6.94674496435134804749e-04,5.39945952797107929858e-04,5.38309895198576561504e-04,2.51366205550790700052e-01,6.23856756659955665866e-16,-5.03382009949481477873e-06,-4.57159278699136256783e-06,-4.58209617377867582319e-06,6.99789757557065937761e-05,6.83888149694639803670e-05,8.14587784507554934676e-14,8.13263752470471737650e-14,8.14587784507554934676e-14,True,8.13263752470471737650e-14,True,series tail and order change; rounding and minimizer search are not enclosed
67108864,26,joint_window,1.22,1.0281125802975284,64,7.22948066287026707387e-04,5.73931264374779844320e-04,5.72095726328151381671e-04,2.51422715677830421743e-01,6.22900678122590721008e-16,-5.74990748477499050584e-06,-5.35219575659207395194e-06,-5.36262193785730107570e-06,6.02162823363165718572e-05,5.86376879370958332461e-05,7.74788129946655654812e-14,7.73474518246013951816e-14,7.74788129946655654812e-14,True,7.73474518246013951816e-14,True,series tail and order change; rounding and minimizer search are not enclosed
67108864,26,joint_window,1.23,1.0283430112835736,64,7.52791729648598102048e-04,6.09450476589031247925e-04,6.07395103811056587782e-04,2.51479226455722348899e-01,6.21945920395243989018e-16,-6.49117915985386606265e-06,-6.14904996124828503567e-06,-6.15939876262740345844e-06,5.18047107166243268449e-05,5.02377108973708167978e-05,7.37317325663718336938e-14,7.36013979597193209188e-14,7.37317325663718336938e-14,True,7.36013979597193209188e-14,True,series tail and order change; rounding and minimizer search are not enclosed
67108864,26,joint_window,1.24,1.0285734422696189,64,7.84265926301702686642e-04,6.46541389800044823989e-04,6.44244180551231497567e-04,2.51535737884830468136e-01,6.20992481889133237916e-16,-7.25887632550313382195e-06,-6.96458958467037459426e-06,-6.97486060980454880640e-06,4.45639203731936601408e-05,4.30085769415543240583e-05,7.02018076270127900080e-14,7.00724845664794185291e-14,7.02018076270127900080e-14,True,7.00724845664794185291e-14,True,series tail and order change; rounding and minimizer search are not enclosed
67108864,26,joint_window,1.25,1.0288038732556641,64,8.17429205893469641893e-04,6.85241587502707243974e-04,6.82678797960633372728e-04,2.51592249965518766075e-01,6.20040361016985523851e-16,-8.05427253298902955450e-06,-7.80113298549729077078e-06,-7.81132559188584679744e-06,3.83359549987819298229e-05,3.67923670452598774181e-05,6.68747904897255368248e-14,6.67464644009063809679e-14,6.68747904897255368248e-14,True,6.67464644009063809679e-14,True,series tail and order change; rounding and minimizer search are not enclosed
67108864,26,joint_window,1.26,1.0290343042417096,64,8.52337959291331911764e-04,7.25588408074048069572e-04,7.22734455064978588076e-04,2.51648762698151617911e-01,6.19089556193034528692e-16,-8.87867083451720010001e-06,-8.66089628049132782307e-06,-8.67100955269386694003e-06,3.29827623741650761968e-05,3.14510703430904639414e-05,6.37377129468471358917e-14,6.36103696886992073344e-14,6.37377129468471358917e-14,True,6.36103696886992073344e-14,True,series tail and order change; rounding and minimizer search are not enclosed
67108864,26,joint_window,1.27,1.0292647352277549,64,8.89046212048342533729e-04,7.67618917451128816160e-04,7.64446278623043479553e-04,2.51705276083092954753e-01,6.18140065833023912688e-16,-9.73340080485142207078e-06,-9.54600521400511038434e-06,-9.55603793398744128830e-06,2.83839531391312799443e-05,2.68643433337494064487e-05,6.07787123514603778488e-14,6.06523382072740683841e-14,6.07787123514603778488e-14,True,6.06523382072740683841e-14,True,series tail and order change; rounding and minimizer search are not enclosed
67108864,26,joint_window,1.28,1.0294951662138,64,9.27605482828538076105e-04,8.11369882757083621221e-04,8.07848994284596179025e-04,2.51761790120706596685e-01,6.17191888354201003583e-16,-1.06198154991829946418e-05,-1.04585055369556950700e-05,-1.04684561513684767876e-05,2.44347746370884290020e-05,2.29274841909586379093e-05,5.79868833644103953527e-14,5.78614650332451990049e-14,5.79868833644103953527e-14,True,5.78614650332451990049e-14,True,series tail and order change; rounding and minimizer search are not enclosed
67108864,26,joint_window,1.29,1.0297255971998456,64,9.68064706151886889864e-04,8.56877746888105428641e-04,8.52976898806898998009e-04,2.51818304811356918904e-01,6.16245022175318275725e-16,-1.15392884101613935402e-05,-1.14003720874841752656e-05,-1.14102386716548282819e-05,2.10442803689149067405e-05,1.95496027170933519190e-05,5.53521526696141881088e-14,5.52276772581664539687e-14,5.53521526696141881088e-14,True,5.52276772581664539687e-14,True,series tail and order change; rounding and minimizer search are not enclosed
67108864,26,joint_window,1.3,1.0299560281858908,64,1.01047021565852019644e-03,9.04178604072110206173e-04,8.99863833347396935118e-04,2.51874820155407741495e-01,6.15299465716636406908e-16,-1.24932104819035574590e-05,-1.23735167390766565227e-05,-1.23832969574843253496e-05,1.81336788075199465255e-05,1.66519696926495723544e-05,5.28651740214891808303e-14,5.27416290363637626733e-14,5.28651740214891808303e-14,True,5.27416290363637626733e-14,True,series tail and order change; rounding and minimizer search are not enclosed
67108864,26,joint_window,1.31,1.030186459171936,64,1.05486578150586901570e-03,9.53308176406889896948e-04,9.48543157846846855287e-04,2.51931336153223273122e-01,6.14355217399917573049e-16,-1.34829872313411546630e-05,-1.33797953593901874144e-05,-1.33894864223850810440e-05,1.56348475980819884236e-05,1.41665316478133209734e-05,5.05172410521354577589e-14,5.03946143924905769133e-14,5.05172410521354577589e-14,True,5.03946143924905769133e-14,True,series tail and order change; rounding and minimizer search are not enclosed
67108864,26,joint_window,1.32,1.0304168901579813,64,1.10129269365423000139e-03,1.00430179138145253548e-03,9.99047726512692973663e-04,2.51987852805167222847e-01,6.13412275648428406422e-16,-1.45100360181660379289e-05,-1.44210139037292180836e-05,-1.44306125202494283863e-05,1.34890007053696488393e-05,1.20345786188023859317e-05,4.83002153555843658791e-14,4.81784953061199188887e-14,4.83002153555843658791e-14,True,4.81784953061199188887e-14,True,series tail and order change; rounding and minimizer search are not enclosed
67108864,26,joint_window,1.33,1.0306473211440268,64,1.14978988172708936413e-03,1.05719436038318338050e-03,1.05140986441114607161e-03,2.52044370111603854845e-01,6.12470638886937333247e-16,-1.55757834947618388662e-05,-1.54989337506710150427e-05,-1.55084360767015919189e-05,1.16454970579642643716e-05,1.02055534400815030386e-05,4.62064674941544030970e-14,4.60856427184162176429e-14,4.62064674941544030970e-14,True,4.60856427184162176429e-14,True,series tail and order change; rounding and minimizer search are not enclosed
67108864,26,joint_window,1.34,1.030877752130072,64,1.20039406181141387019e-03,1.11202035818961796239e-03,1.10566134517201485575e-03,2.52100888072897100223e-01,6.11530305541718024958e-16,-1.66816632574969100824e-05,-1.66152763731545756020e-05,-1.66246779556679727397e-05,1.00607798640808993751e-05,8.63599174802804030041e-06,4.42288287406589172818e-14,4.41088882746298189962e-14,4.42288287406589172818e-14,True,4.41088882746298189962e-14,True,series tail and order change; rounding and minimizer search are not enclosed
67108864,26,joint_window,1.35,1.0311081831161173,64,1.25313990089172006687e-03,1.16881380344278874503e-03,1.16183336980934018810e-03,2.52157406689410779066e-01,6.10591274040542791497e-16,-1.78291137113408210482e-05,-1.77717274262371690077e-05,-1.77810231423409874883e-05,8.69743617568530172758e-06,7.28858227476660192637e-06,4.23605515743747470061e-14,4.22414848203263416600e-14,4.23605515743747470061e-14,True,4.22414848203263416600e-14,True,series tail and order change; rounding and minimizer search are not enclosed
67108864,26,joint_window,1.36,1.0313386141021628,64,1.30806019043634485718e-03,1.22760824010008655523e-03,1.21995654665610982377e-03,2.52213925961508766971e-01,6.09653542812685046497e-16,-1.90195761513082780333e-05,-1.89699403222265514535e-05,-1.89791243132413371599e-05,7.52336657993247468227e-06,6.13133731170257612660e-06,4.05952771783382741159e-14,4.04770738989142257730e-14,4.05952771783382741159e-14,True,4.04770738989142257730e-14,True,series tail and order change; rounding and minimizer search are not enclosed
67108864,26,joint_window,1.37,1.031569045088208,64,1.36518602181794805953e-03,1.28843671985502368840e-03,1.28006087241081694707e-03,2.52270445889555328112e-01,6.08717110288920687797e-16,-2.02544930571503783295e-05,-2.02115393548949612290e-05,-2.02206049550819253174e-05,6.51105518136363141022e-06,5.13686350665316009628e-06,3.89270084277445032286e-14,3.88096587402512512623e-14,3.89270084277445032286e-14,True,3.88096587402512512623e-14,True,series tail and order change; rounding and minimizer search are not enclosed
67108864,26,joint_window,1.38,1.0317994760742533,64,1.42454695758834830148e-03,1.35133178551958264314e-03,1.34217571429095876810e-03,2.52326966473914005018e-01,6.07781974901522476799e-16,-2.15353065920977548766e-05,-2.14981224267345248213e-05,-2.15070620863730800967e-05,5.63693035523790982570e-06,4.28172347800510999624e-06,3.73500871015971845672e-14,3.72335814724740665803e-14,3.73500871015971845672e-14,True,3.72335814724740665803e-14,True,series tail and order change; rounding and minimizer search are not enclosed
67108864,26,joint_window,1.39,1.0320299070602985,64,1.48617119400938765481e-03,1.41632545535647341034e-03,1.40632979328523611065e-03,2.52383487714948839820e-01,6.06848135084263292527e-16,-2.28634572922454669831e-05,-2.28312634264058909265e-05,-2.28400686289350457990e-05,4.88080713959062473120e-06,3.54587911137244286464e-06,3.58591742811378672606e-14,3.57435035205820985563e-14,3.58591742811378672606e-14,True,3.57435035205820985563e-14,True,series tail and order change; rounding and minimizer search are not enclosed
67108864,26,joint_window,1.4,1.032260338046344,64,1.55008571155960061215e-03,1.48344920835011381995e-03,1.47255116849596598937e-03,2.52440009613023874646e-01,6.05915589272412285927e-16,-2.42403829304456246152e-05,-2.42125142977798373314e-05,-2.42211754706932300054e-05,4.22540258707251828750e-06,2.91220786351219328560e-06,3.44492331105609070395e-14,3.43343883672815798708e-14,3.44492331105609070395e-14,True,3.43343883672815798708e-14,True,series tail and order change; rounding and minimizer search are not enclosed
67108864,26,joint_window,1.41,1.0324907690323892,64,1.61631641131924821270e-03,1.55273397040210561076e-03,1.54086722255995767737e-03,2.52496532168502707538e-01,6.04984335902739613031e-16,-2.56675175369503307064e-05,-2.56434068368542155813e-05,-2.56519132560451034505e-05,3.65591592203495997470e-06,2.36608391800041376914e-06,3.31155132827378161011e-14,3.30014860388154800643e-14,3.31155132827378161011e-14,True,3.30014860388154800643e-14,True,series tail and order change; rounding and minimizer search are not enclosed
67108864,26,joint_window,1.42,1.0327212000184345,64,1.68488823614404274222e-03,1.62421010143740259489e-03,1.61130464813585448300e-03,2.52553055381749436137e-01,6.04054373413508842172e-16,-2.71462905585368125070e-05,-2.71254542484767734601e-05,-2.71337939357208359024e-05,3.15966592574620930295e-06,1.89501661686343043743e-06,3.18535367723629006028e-14,3.17403188381896825736e-14,3.18535367723629006028e-14,True,3.17403188381896825736e-14,True,series tail and order change; rounding and minimizer search are not enclosed
67108864,26,joint_window,1.43,1.03295163100448,64,1.75582527634914162436e-03,1.69790738340407153066e-03,1.68388943544242977203e-03,2.52609579253127713994e-01,6.03125700244479517783e-16,-2.86781261380229855838e-05,-2.86601524909345253909e-05,-2.86683121041977147410e-05,2.72577858155788801462e-06,1.48833920010641646306e-06,3.06590844709099049066e-14,3.05466679801869949410e-14,3.06590844709099049066e-14,True,3.05466679801869949410e-14,True,series tail and order change; rounding and minimizer search are not enclosed
67108864,26,joint_window,1.44,1.0331820619905252,64,1.82915086025202790546e-03,1.77385500915014306285e-03,1.75864686083251962716e-03,2.52666103783001472216e-01,6.02198314836909329765e-16,-3.02644424969460471529e-05,-3.02489814331650150141e-05,-3.02569461494170768596e-05,2.34491863992156861329e-06,1.13694151407097448013e-06,2.95281834833228654302e-14,2.94165608880934887850e-14,2.95281834833228654302e-14,True,2.94165608880934887850e-14,True,series tail and order change; rounding and minimizer search are not enclosed
67108864,26,joint_window,1.45,1.0334124929765705,64,1.90488763037330571110e-03,1.85208157216045182607e-03,1.83560147638581433287e-03,2.52722628971734475378e-01,6.01272215633547999811e-16,-3.19066514054031991413e-05,-3.18934058464425134079e-05,-3.19011592366561468320e-05,2.00905938547483132873e-06,8.33040970969239762359e-07,2.84570949282052185801e-14,2.83462589938992355426e-14,2.84570949282052185801e-14,True,2.83462589938992355426e-14,True,series tail and order change; rounding and minimizer search are not enclosed
67108864,26,joint_window,1.46,1.0336429239626157,64,1.98305760639320028532e-03,1.93261505713334573800e-03,1.91477710050104053471e-03,2.52779154819690432543e-01,6.00347401078639549385e-16,-3.36061577244925815955e-05,-3.35948762498000045446e-05,-3.36024001458154432040e-05,1.71128549635969162777e-06,5.69986649816018628543e-07,2.74423021445931393129e-14,2.73322459450629738718e-14,2.74423021445931393129e-14,True,2.73322459450629738718e-14,True,series tail and order change; rounding and minimizer search are not enclosed
67108864,26,joint_window,1.47,1.0338733549486612,64,2.06368223614073658181e-03,2.01548283137906658266e-03,1.99619680946892807949e-03,2.52835681327233385840e-01,5.99423869617920524784e-16,-3.53643590084496729775e-05,-3.53548296262755292092e-05,-3.53621039792065836385e-05,1.44562446370311324862e-06,3.42092007286202628358e-07,2.64804992525551910789e-14,2.63712161650819532747e-14,2.64804992525551910789e-14,True,2.63712161650819532747e-14,True,series tail and order change; rounding and minimizer search are not enclosed
67108864,26,joint_window,1.48,1.0341037859347064,64,2.14678243596907580154e-03,2.10071163701889499636e-03,2.07988293000463224380e-03,2.52892208494726655754e-01,5.98501619698622659541e-16,-3.71826451551346350184e-05,-3.71746900250701840275e-05,-3.71816927549310652715e-05,1.20690257670559502984e-06,1.44492203476563754509e-07,2.55685800453129074203e-14,2.54600637455626281321e-14,2.55685800453129074203e-14,True,2.54600637455626281321e-14,True,series tail and order change; rounding and minimizer search are not enclosed
67108864,26,joint_window,1.49,1.0343342169207517,64,2.23237862187795899072e-03,2.18832758396585126334e-03,2.16585703271934479353e-03,2.52948736322534728505e-01,5.97580649769466464937e-16,-3.90623980951875383189e-05,-3.90558690630415537501e-05,-3.90625758992672661093e-05,9.90621980788984292097e-07,-2.69774489551254168499e-08,2.47036272102324804225e-14,2.45958716738334608358e-14,2.47036272102324804225e-14,True,2.45958716738334608358e-14,True,series tail and order change; rounding and minimizer search are not enclosed
67108864,26,joint_window,1.5,1.0345646479067971,64,2.32049073269378425613e-03,2.27835614366445277437e-03,2.25413992650741034501e-03,2.53005264811020702531e-01,5.96660958280663793789e-16,-4.10049915115629870326e-05,-4.09997663373821204930e-05,-4.10061506499271644956e-05,7.92855764567072894787e-07,-1.75884958292347435787e-07,2.38829018876602871455e-14,2.37759014003756999392e-14,2.38829018876602871455e-14,True,2.37759014003756999392e-14,True,series tail and order change; rounding and minimizer search are not enclosed
67108864,26,joint_window,1.51,1.0347950788928424,64,2.41113824653772139753e-03,2.37082214356904626834e-03,2.34475165382688017710e-03,2.53061793960548453430e-01,5.95742543683919319573e-16,-4.30117905825781071151e-05,-4.30077697600550305779e-05,-4.30138023807480557661e-05,6.10158439175677817242e-07,-3.05289685258325644796e-07,2.31038335822441245949e-14,2.29975826769612821307e-14,2.31038335822441245949e-14,True,2.29975826769612821307e-14,True,series tail and order change; rounding and minimizer search are not enclosed
67108864,26,joint_window,1.52,1.0350255098788876,64,2.50434019170758326647e-03,2.46574976233975874662e-03,2.43771148685043275578e-03,2.53118323771481745776e-01,5.94825404432424619963e-16,-4.50841517428364805219e-05,-4.50812558233928896596e-05,-4.50869048572272407109e-05,4.39489535378554569177e-07,-4.17817207412370259444e-07,2.23640104429844432539e-14,2.22585039311438206786e-14,2.23640104429844432539e-14,True,2.22585039311438206786e-14,True,series tail and order change; rounding and minimizer search are not enclosed
67108864,26,joint_window,1.53,1.035255940864933,64,2.60011515298360848525e-03,2.56316252573312967911e-03,2.53303792446141727568e-03,2.53174854244184455165e-01,5.93909538980860247591e-16,-4.72234224574246655610e-05,-4.72215898051751457529e-05,-4.72268204312274969374e-05,2.78148364843189780589e-07,-5.15722971877720308179e-07,2.16611699271496200545e-14,2.15564028929610596716e-14,2.16611699271496200545e-14,True,2.15564028929610596716e-14,True,series tail and order change; rounding and minimizer search are not enclosed
67108864,26,joint_window,1.54,1.0354863718509784,64,2.69848127425181870745e-03,2.66308330316582155678e-03,2.63074869007097911916e-03,2.53231385379019902082e-01,5.92994945785397603593e-16,-4.94309410057285720727e-05,-4.94301259206342095964e-05,-4.94349001822987662962e-05,1.23718266412887039199e-07,-6.00946414827567448133e-07,2.09931898603970248921e-14,2.08891576549432817297e-14,2.09931898603970248921e-14,True,2.08891576549432817297e-14,True,series tail and order change; rounding and minimizer search are not enclosed
67108864,26,joint_window,1.55,1.0357168028370236,64,2.79945625822505643476e-03,2.76553430493073999427e-03,2.73086073023253491504e-03,2.53287917176352239679e-01,5.92081623303692626719e-16,-5.17080362720789550417e-05,-5.17082074280547946896e-05,-5.17124840122814622735e-05,-2.59810927333323157484e-08,-6.75156977945909655395e-07,2.03580799071208861552e-14,2.02547781369855574622e-14,2.03580799071208861552e-14,True,2.02547781369855574622e-14,True,series tail and order change; rounding and minimizer search are not enclosed
67108864,26,joint_window,1.56,1.0359472338230689,64,2.90305736393033737494e-03,2.87053708004155177375e-03,2.83339021402630392502e-03,2.53344449636544399862e-01,5.91169569994889441820e-16,-5.40560275410004848450e-05,-5.40571666938107603904e-05,-5.40609006990606173922e-05,-1.72934581716882121418e-07,-7.39793246300782727822e-07,1.97539734528345953228e-14,1.96513979607951222560e-14,1.97539734528345953228e-14,True,1.96513979607951222560e-14,True,series tail and order change; rounding and minimizer search are not enclosed
67108864,26,joint_window,1.57,1.0361776648091143,64,3.00930140253459271413e-03,2.97811251468526032998e-03,2.93835253319079487896e-03,2.53400982759960702317e-01,5.90258784319616514146e-16,-5.64762242955138766068e-05,-5.64783252221735159251e-05,-5.64814679147868222917e-05,-3.18966677890556643004e-07,-7.96096246349551574198e-07,1.91791198318089676758e-14,1.90772667346482310117e-14,1.91791198318089676758e-14,True,1.90772667346482310117e-14,True,series tail and order change; rounding and minimizer search are not enclosed
67108864,26,joint_window,1.58,1.0364080957951596,64,3.11820473198808805274e-03,3.08828083125975297665e-03,3.04576230297319344373e-03,2.53457516546964578552e-01,5.89349264739990988081e-16,-5.89699260173273502594e-05,-5.89729936545641919392e-05,-5.89754922132582266349e-05,-4.65771628994248911868e-07,-8.45137790324263203961e-07,1.86318770897193547205e-14,1.85307427455330101795e-14,1.86318770897193547205e-14,True,1.85307427455330101795e-14,True,series tail and order change; rounding and minimizer search are not enclosed
67108864,26,joint_window,1.59,1.0366385267812048,64,3.22978325088714565347e-03,3.20106158797631287424e-03,3.15563336367615443132e-03,2.53514050997919571095e-01,5.88441009719611390186e-16,-6.15384219882127983178e-05,-6.15424717424895690275e-05,-6.15442689907035912766e-05,-6.14939453673451438706e-07,-8.87844615104669608310e-07,1.81107050509444358134e-14,1.80102860524780433926e-14,1.81107050509444358134e-14,True,1.80102860524780433926e-14,True,series tail and order change; rounding and minimizer search are not enclosed
67108864,26,joint_window,1.6,1.0368689577672503,64,3.34405239188440310191e-03,3.31647367900347357639e-03,3.26797878287242654985e-03,2.53570586113189389010e-01,5.87534017723560488810e-16,-6.41829910920685246800e-05,-6.41880482978792756520e-05,-6.41890824236983782020e-05,-7.67978418267491155790e-07,-9.25018955653172703642e-07,1.76141588043346731964e-14,1.75144519721040601479e-14,1.76141588043346731964e-14,True,1.75144519721040601479e-14,True,series tail and order change; rounding and minimizer search are not enclosed
67108864,26,joint_window,1.61,1.0370993887532955,64,3.46102711491528582111e-03,3.43453533513177894365e-03,3.38281085826283188164e-03,2.53627121893137408293e-01,5.86628287218406674605e-16,-6.69049016174991478638e-05,-6.69110011242025752055e-05,-6.69112053875948000793e-05,-9.26334526736240949065e-07,-9.57356090245847179108e-07,1.71408825699504915865e-14,1.70418849451393032107e-14,1.71408825699504915865e-14,True,1.70418849451393032107e-14,True,series tail and order change; rounding and minimizer search are not enclosed
67108864,26,joint_window,1.62,1.0373298197393408,64,3.58072190045854565205e-03,3.55526412493941844015e-03,3.50014112115318125340e-03,2.53683658338127338006e-01,5.85723816672197945458e-16,-6.97054110609158670761e-05,-6.97125969313847873750e-05,-6.97118993584940603060e-05,-1.09140848029917340899e-06,-9.85459315286825090414e-07,1.66896039337066867503e-14,1.65913127708368272900e-14,1.66896039337066867503e-14,True,1.65913127708368272900e-14,True,series tail and order change; rounding and minimizer search are not enclosed
67108864,26,joint_window,1.63,1.037560250725386,64,3.70315074300029333995e-03,3.67867695643570545572e-03,3.61998034052220685891e-03,2.53740195448522720678e-01,5.84820604554465061934e-16,-7.25857659302465920044e-05,-7.25940912371629966209e-05,-7.25924143014239093424e-05,-1.26457049275858178167e-06,-1.00985273921384452152e-06,1.62591284355211987028e-14,1.61615411948925430445e-14,1.62591284355211987028e-14,True,1.61615411948925430445e-14,True,series tail and order change; rounding and minimizer search are not enclosed
67108864,26,joint_window,1.64,1.0377906817114315,64,3.82832714483548287518e-03,3.80479007916365973702e-03,3.74233852765736832099e-03,2.53796733224687209862e-01,5.83918649336218983480e-16,-7.55472015495325163043e-05,-7.55567282573082511787e-05,-7.55539885471374992459e-05,-1.44717328703002717898e-06,-1.03099221928566927160e-06,1.58483344955962755852e-14,1.57514488354944211438e-14,1.58483344955962755852e-14,True,1.57514488354944211438e-14,True,series tail and order change; rounding and minimizer search are not enclosed
67108864,26,joint_window,1.65,1.0380211126974768,64,3.95626411030992105461e-03,3.93361908674003460384e-03,3.86722494133195492799e-03,2.53853271666984181554e-01,5.83017949489953037790e-16,-7.85909418646984483589e-05,-7.86017407868402646215e-05,-7.85978486596772751502e-05,-1.64056355122032156587e-06,-1.04927472225573962981e-06,1.54561686628633977506e-14,1.53599824315355133368e-14,1.54561686628633977506e-14,True,1.53599824315355133368e-14,True,series tail and order change; rounding and minimizer search are not enclosed
67108864,26,joint_window,1.66,1.038251543683522,64,4.08697414057732164722e-03,4.06517891981489788017e-03,3.99464809350027084262e-03,2.53909810775777289305e-01,5.82118503489637891820e-16,-8.17181992509066193117e-05,-8.17303500741607593522e-05,-8.17252092966721643136e-05,-1.84609208380421772934e-06,-1.06504634485502528260e-06,1.50816411693135585329e-14,1.49861523967134882496e-14,1.50816411693135585329e-14,True,1.49861523967134882496e-14,True,series tail and order change; rounding and minimizer search are not enclosed
67108864,26,joint_window,1.67,1.0384819746695675,64,4.22046922892632681013e-03,4.19948386942886955908e-03,4.12461575548437719280e-03,2.53966350551429742577e-01,5.81220309810722537862e-16,-8.49301743218439488328e-05,-8.49437656897912779855e-05,-8.49372730640013048897e-05,-2.06512283015849421215e-06,-1.07860918832858781118e-06,1.47238217738787225508e-14,1.46290286631846642472e-14,1.47238217738787225508e-14,True,1.46290286631846642472e-14,True,series tail and order change; rounding and minimizer search are not enclosed
67108864,26,joint_window,1.68,1.0387124056556127,64,4.35676085671048065467e-03,4.33654758074994602091e-03,4.25713496462918131180e-03,2.54022890994305416967e-01,5.80323366930137054557e-16,-8.82280557413812199785e-05,-8.82431853912311230451e-05,-8.82352303664212357995e-05,-2.29904097353839595994e-06,-1.09022726242972009968e-06,1.43818358796735963402e-14,1.42877367985834001749e-14,1.43818358796735963402e-14,True,1.42877367985834001749e-14,True,series tail and order change; rounding and minimizer search are not enclosed
67108864,26,joint_window,1.69,1.038942836641658,64,4.49585998990729898001e-03,4.47638305717236017339e-03,4.39221203140254413261e-03,2.54079432104767521938e-01,5.79427673326285901577e-16,-9.16130200380485234038e-05,-9.16297949853379489066e-05,-9.16202592555193356255e-05,-2.54926022559320249858e-06,-1.10013155790735320915e-06,1.40548609087030333963e-14,1.39614543805128839309e-14,1.40548609087030333963e-14,True,1.39614543805128839309e-14,True,series tail and order change; rounding and minimizer search are not enclosed
67108864,26,joint_window,1.7,1.0391732676277032,64,4.63777707631165148766e-03,4.61900266475669205729e-03,4.52985254691537064103e-03,2.54135973883179655530e-01,5.78533227479050976465e-16,-9.50862314227009664674e-05,-9.51047681893593893979e-05,-9.50935252761731224930e-05,-2.81722943063950916585e-06,-1.10852440946493573157e-06,1.37421229185861794338e-14,1.36494076130613576562e-14,1.37421229185861794338e-14,True,1.36494076130613576562e-14,True,series tail and order change; rounding and minimizer search are not enclosed
67108864,26,joint_window,1.75,1.04032542255793,64,5.38996098544018698018e-03,5.37425149448211153524e-03,5.25665321780221204973e-03,2.54418692807210133910e-01,5.74079661491253498753e-16,-1.13815857637606190379e-04,-1.13845304740147184458e-04,-1.13823311637510377753e-04,-4.47721356554723925639e-06,-1.13332536965887054098e-06,1.23679238931212450277e-14,1.22786492107487703942e-14,1.23679238931212450277e-14,True,1.22786492107487703942e-14,True,series tail and order change; rounding and minimizer search are not enclosed
67108864,26,joint_window,1.8,1.0414775774881564,64,6.21386087082745341981e-03,6.20060119927401832279e-03,6.04797998872649757857e-03,2.54701428484500835836e-01,5.69657062248883098880e-16,-1.34918909703389913214e-04,-1.34963798562231845554e-04,-1.34926401506365212409e-04,-6.82782425696736412567e-06,-1.13954135821500507423e-06,1.12565592788302630180e-14,1.11707083744251372684e-14,1.12565592788302630180e-14,True,1.11707083744251372684e-14,True,series tail and order change; rounding and minimizer search are not enclosed
67108864,26,joint_window,1.85,1.042629732418383,64,7.11019755792794468791e-03,7.09891411417193710087e-03,6.90377599955003303650e-03,2.54984180960468875821e-01,5.65265241393863164873e-16,-1.58526070312168068134e-04,-1.58592569204718232892e-04,-1.58533533350621244629e-04,-1.01190167897229382126e-05,-1.13563702687152176325e-06,1.03504674479166917202e-14,1.02680305911907362515e-14,1.03504674479166917202e-14,True,1.02680305911907362515e-14,True,series tail and order change; rounding and minimizer search are not enclosed
67108864,26,joint_window,1.9,1.0437818873486095,64,8.07937592026394292566e-03,8.06970080019547841843e-03,7.82360710452228123868e-03,2.55266950280521875971e-01,5.60904011485389458390e-16,-1.84759205161198628367e-04,-1.84855468645636449032e-04,-1.84766603368660860263e-04,-1.46543752306302424584e-05,-1.12624318714488093447e-06,9.60616006977648875533e-15,9.52712818248511162061e-15,9.60616006977648875533e-15,True,9.52712818248511162061e-15,True,series tail and order change; rounding and minimizer search are not enclosed
67108864,26,joint_window,1.95,1.0449340422788362,64,9.12149901747087883674e-03,9.11314384733545590489e-03,8.80669696988255548686e-03,2.55549736490059853367e-01,5.56573185997571617819e-16,-2.13731051599911183250e-04,-2.13867629319482123115e-04,-2.13738365956981073851e-04,-2.08002800914985386293e-05,-1.11394923176340666360e-06,8.99042593940225679588e-15,8.91478439756594766134e-15,8.99042593940225679588e-15,True,8.91478439756594766134e-15,True,series tail and order change; rounding and minimizer search are not enclosed
67108864,26,joint_window,2.0,1.0460861972090627,64,1.02363863248279372137e-02,1.02291230775134762282e-02,9.85196343338605104445e-03,2.55832539634472944101e-01,5.52272579317068547721e-16,-2.45545009871275896757e-04,-2.45735307463159496910e-04,-2.45552231058390312696e-04,-2.89939948508773121417e-05,-1.10022939091739953109e-06,8.47763612009610233467e-15,8.40535923711082682559e-15,8.47763612009610233467e-15,True,8.40535923711082682559e-15,True,series tail and order change; rounding and minimizer search are not enclosed
67108864,26,joint_window,2.05,1.0472383521392894,64,1.14235945808473949442e-02,1.14172414145784807682e-02,1.09580551036668211867e-02,2.56115359759144234353e-01,5.48002006740694719020e-16,-2.80295034328850592789e-04,-2.80555820933062671427e-04,-2.80302158618138657492e-04,-3.97509390494591609961e-05,-1.08593415148006519388e-06,8.04781657703938580494e-15,7.97886315617657960107e-15,8.04781657703938580494e-15,True,7.97886315617657960107e-15,True,series tail and order change; rounding and minimizer search are not enclosed
67108864,26,joint_window,2.1,1.0483905070695159,64,1.26824401046990702796e-02,1.26768508293046023444e-02,1.21233873717198677861e-02,2.56398196909446318692e-01,5.43761284473022524888e-16,-3.18065618031019344686e-04,-3.18417575321243212158e-04,-3.18072644939498263769e-04,-5.36712113995379454527e-05,-1.07155755132033695988e-06,7.68525778118781485707e-15,7.61956804065719414042e-15,7.68525778118781485707e-15,True,7.61956804065719414042e-15,True,series tail and order change; rounding and minimizer search are not enclosed
67108864,26,joint_window,2.15,1.0495426619997426,64,1.40120217142436272878e-02,1.40070778918375687949e-02,1.33461771857216870280e-02,2.56681051130744908306e-01,5.39550229623954364093e-16,-3.58931861760766746094e-04,-3.59400169293066498385e-04,-3.58938792683927664073e-04,-7.14453422013805315065e-05,-1.05738600022760311593e-06,7.37750213716773778413e-15,7.31499617886054942912e-15,7.37750213716773778413e-15,True,7.31499617886054942912e-15,True,series tail and order change; rounding and minimizer search are not enclosed
67108864,26,joint_window,2.2,1.050694816929969,64,1.54112435998334639659e-02,1.54068485718267065426e-02,1.46244761005564355427e-02,2.56963922468396166465e-01,5.35368660206292554984e-16,-4.02959617338328069530e-04,-4.03574568709502527752e-04,-4.02966454741403214829e-04,-9.38592269703406175633e-05,-1.04358295883650312482e-06,7.11459898842111330282e-15,7.05517682395669691318e-15,7.11459898842111330282e-15,True,7.05517682395669691318e-15,True,series tail and order change; rounding and minimizer search are not enclosed
67108864,26,joint_window,2.25,1.0518469718601957,64,1.68788376848672191932e-02,1.68749120182803691304e-02,1.59562012533412886373e-02,2.57246810967747818744e-01,5.31216395133279963007e-16,-4.50205694725364872349e-04,-4.51003338728029300186e-04,-4.50212441658260492661e-04,-1.21798192808262819740e-04,-1.03023809934448166108e-06,6.88855045097355632017e-15,6.83209344250255741026e-15,6.88855045097355632017e-15,True,6.83209344250255741026e-15,True,series tail and order change; rounding and minimizer search are not enclosed
67108864,26,joint_window,2.3,1.0529991267904222,64,1.84133851402913870099e-02,1.84098631281000187088e-02,1.73391640355895840231e-02,2.57529716674139930177e-01,5.27093254216137867215e-16,-5.00718122590776762437e-04,-5.01740923329756487864e-04,-5.00724782394343023717e-04,-1.56250161288504636455e-04,-1.01739637680908288102e-06,6.69289437526703314182e-15,6.63926781957222982355e-15,6.69289437526703314182e-15,True,6.63926781957222982355e-15,True,series tail and order change; rounding and minimizer search are not enclosed
67108864,26,joint_window,2.35,1.0541512817206486,64,2.00133368252905959050e-02,2.00101637757989815614e-02,1.87710963322984085433e-02,2.57812639632903184417e-01,5.22999058161577202719e-16,-5.54536452527651206601e-04,-5.55833962356144361400e-04,-5.54543028654926745125e-04,-1.98307889123165226927e-04,-1.00507550460332610374e-06,6.52238669087991485131e-15,6.47144319273289532092e-15,6.52238669087991485131e-15,True,6.47144319273289532092e-15,True,series tail and order change; rounding and minimizer search are not enclosed
67108864,26,joint_window,2.4,1.0553034366508753,64,2.16770325070429238645e-02,2.16741626285911308247e-02,2.02496742793949989492e-02,2.58095579889359993953e-01,5.18933628569302703391e-16,-6.11692097837644721547e-04,-6.13321636990231400244e-04,-6.11698593745213081013e-04,-2.49170286722825225396e-04,-9.93276615546562263910e-07,6.37275649802619475632e-15,6.32433975079728572196e-15,6.37275649802619475632e-15,True,6.32433975079728572196e-15,True,series tail and order change; rounding and minimizer search are not enclosed
67108864,26,joint_window,2.45,1.0564555915811018,64,2.34027187741224045048e-02,2.34001135124527748221e-02,2.17725395554943940146e-02,2.58378537488824944202e-01,5.14896787929502549250e-16,-6.72208698638809224596e-04,-6.74236035575820867594e-04,-6.72215117721469170020e-04,-3.10142832767979317096e-04,-9.81990851509104107709e-07,6.24051503433040538827e-15,6.19446364936301159698e-15,6.24051503433040538827e-15,True,6.19446364936301159698e-15,True,series tail and order change; rounding and minimizer search are not enclosed
67108864,26,joint_window,2.5,1.0576077465113285,64,2.51885656049830458647e-02,2.51861923273698599945e-02,2.33373182736780725166e-02,2.58661512476603350219e-01,5.10888359620316320169e-16,-7.36102505937215496890e-04,-7.38602532658513312447e-04,-7.36108851489690029640e-04,-3.82637119051015535485e-04,-9.71203479537699196827e-07,6.12280507907596609138e-15,6.07895616810513281186e-15,6.12280507907596609138e-15,True,6.07895616810513281186e-15,True,series tail and order change; rounding and minimizer search are not enclosed
67108864,26,joint_window,2.55,1.058759901441555,64,2.70326815881987425616e-02,2.70305125351370141573e-02,2.49416375760114945870e-02,2.58944504897992755499e-01,5.06908167905299991358e-16,-8.03382778186377804336e-04,-8.06440175104856243893e-04,-8.03389053381944970994e-04,-4.68169573403283021881e-04,-9.60896469835026239743e-07,6.01728115534088456494e-15,5.97547345524854898475e-15,6.01728115534088456494e-15,True,5.97547345524854898475e-15,True,series tail and order change; rounding and minimizer search are not enclosed
67108864,26,joint_window,2.6,1.0599120563717817,64,2.89331278172635132651e-02,2.89311392620483845417e-02,2.65831400597549769027e-02,2.59227514798282321351e-01,5.02956037930866276941e-16,-8.74052184712256936827e-04,-8.77762070080434757963e-04,-8.74058392592139393046e-04,-5.68359419396373692808e-04,-9.51050136520193796512e-07,5.92201353949636311001e-15,5.88208995873480447149e-15,5.92201353949636311001e-15,True,5.88208995873480447149e-15,True,series tail and order change; rounding and minimizer search are not enclosed
67108864,26,joint_window,2.65,1.0610642113020081,64,3.08879305017115135534e-02,3.08861020726231283451e-02,2.82594961814510749198e-02,2.59510542222752549346e-01,4.99031795723723494419e-16,-9.48107211184742552923e-04,-9.52575770523169350346e-04,-9.48113354654201399840e-04,-6.84925939613602817978e-04,-9.41644161410610774792e-07,5.83541093286132760502e-15,5.79722048007718281322e-15,5.83541093286132760502e-15,True,5.79722048007718281322e-15,True,series tail and order change; rounding and minimizer search are not enclosed
67108864,26,joint_window,2.7,1.0622163662322348,64,3.28950923496786132305e-02,3.28934064801627221164e-02,2.99684147950360149637e-02,2.59793587216676002960e-01,4.95135268188288593940e-16,-1.02553856306000345383e-03,-1.03088365452657770155e-03,-1.02554464488873592343e-03,-8.19685114791961970220e-04,-9.32658252512299238085e-07,5.75615793882901054810e-15,5.71955705791416965830e-15,5.75615793882901054810e-15,True,5.71955705791416965830e-15,True,series tail and order change; rounding and minimizer search are not enclosed
67108864,26,joint_window,2.75,1.0633685211624613,64,3.49526027859344487481e-02,3.49510442661664783026e-02,3.17076519842132836802e-02,2.60076649825316974507e-01,4.91266283104101863898e-16,-1.10633156359366251892e-03,-1.11268329574321436781e-03,-1.10633758641871197265e-03,-9.74545714363766546820e-04,-9.24072529471835525288e-07,5.68316439628101133801e-15,5.64801777493235303449e-15,5.68316439628101133801e-15,True,5.64801777493235303449e-15,True,series tail and order change; rounding and minimizer search are not enclosed
67108864,26,joint_window,2.8,1.064520676092688,64,3.70584470749924163591e-02,3.70570026842054339733e-02,3.34750183489368954848e-02,2.60359730093931429629e-01,4.87424669123214913866e-16,-1.19046654363369995566e-03,-1.19796782253296651977e-03,-1.19047250996399435474e-03,-1.15150491498465078893e-03,-9.15867774435194814595e-07,5.61552426979751696312e-15,5.58170521163148564772e-15,5.61552426979751696312e-15,True,5.58170521163148564772e-15,True,series tail and order change; rounding and minimizer search are not enclosed
67108864,26,joint_window,2.85,1.0656728310229144,64,3.92106144217379340433e-02,3.92092726252595974445e-02,3.52683849019617551290e-02,2.60642828067766674227e-01,4.83610255767579742216e-16,-1.27791922094197714366e-03,-1.28672626411546666553e-03,-1.27792513316370755921e-03,-1.35264352303965862054e-03,-9.08025562532897868309e-07,5.55248227350088446603e-15,5.51987273046505697263e-15,5.55248227350088446603e-15,True,5.51987273046505697263e-15,True,series tail and order change; rounding and minimizer search are not enclosed
67108864,26,joint_window,2.9,1.066824985953141,64,4.14071051229217210188e-02,4.14058558213331595610e-02,3.70856877250805919144e-02,2.60925943792062631221e-01,4.79822873426416208673e-16,-1.36866106727069267168e-03,-1.37894388244778030861e-03,-1.36866692765311593477e-03,-1.58012087498725687339e-03,-9.00528328834305801561e-07,5.49340676465094803089e-15,5.46189712163485465860e-15,5.49340676465094803089e-15,True,5.46189712163485465860e-15,True,series tail and order change; rounding and minimizer search are not enclosed
67108864,26,joint_window,2.95,1.0679771408833676,64,4.36459368421798638016e-02,4.36447711626770026849e-02,3.89249315265291981336e-02,2.61209077312050286235e-01,4.76062353353573393188e-16,-1.46265966183514554977e-03,-1.47460248894122972207e-03,-1.46266547253656210847e-03,-1.83616948622750044556e-03,-8.93359397229659732302e-07,5.43776772195265913757e-15,5.40725641376337699438e-15,5.43776772195265913757e-15,True,5.40725641376337699438e-15,True,series tail and order change; rounding and minimizer search are not enclosed
67108864,26,joint_window,3.0,1.069129295813594,64,4.59251500794815928352e-02,4.59240602015739754482e-02,4.07841922318019425853e-02,2.61492228672953297419e-01,4.72328527664881389889e-16,-1.55987903018480183331e-03,-1.57368074546274279435e-03,-1.55988479325848677232e-03,-2.12308951497473851269e-03,-8.86502975248816347720e-07,5.38511884526444001916e-15,5.35551187133260358248e-15,5.38511884526444001916e-15,True,5.35551187133260358248e-15,True,series tail and order change; rounding and minimizer search are not enclosed
67108864,26,fixed_power,0.43396941408016754,1.01,64,1.61952385115605106787e-04,8.89030870783047040376e-10,8.89030859748090814317e-10,2.46982802406764012648e-01,7.02210792393058841393e-16,2.17396475111712576302e-05,2.27972861146426980516e-01,2.27972860988548353678e-01,2.55428972847472586238e+01,2.55428972715750717271e+01,2.66597111757870858428e-08,2.66597108478976144058e-08,9.07444928088807500899e-08,True,9.07444892561670712894e-08,True,series tail and order change; rounding and minimizer search are not enclosed
67108864,26,fixed_power,0.8679388281603351,1.02,64,2.71581444561244547773e-04,2.86903264877213845367e-05,2.86841787357967439626e-05,2.49433602775279067432e-01,6.57367441407962136636e-16,1.06364723239644361750e-05,6.44804453924979406728e-05,6.44665624005174892237e-05,8.12964838629182118268e-03,8.12755242895711431383e-03,9.41697908410487837873e-13,9.41516165967824680509e-13,4.39862903045540321045e-12,True,4.39757952275243724216e-12,True,series tail and order change; rounding and minimizer search are not enclosed
67108864,26,fixed_power,1.3019082422405026,1.03,64,1.01878702331428426173e-03,9.13411442080404008606e-04,9.09013631898211238794e-04,2.51885604726352130278e-01,6.15119179317306829544e-16,-1.26792724074336379380e-05,-1.25629249597157327187e-05,-1.25726883951721792087e-05,1.76269738204819425501e-05,1.61477854345389273591e-05,5.24066533786787154638e-14,5.22832845546374697080e-14,5.24066533786787154638e-14,True,5.22832845546374697080e-14,True,series tail and order change; rounding and minimizer search are not enclosed
67108864,26,fixed_power,2.169847070400838,1.05,64,1.45591626733344199629e-02,1.45544472101400926972e-02,1.38470565024270790555e-02,2.56793332426625109388e-01,5.37886872588731785396e-16,-3.76026535809412471370e-04,-3.76549120326769275885e-04,-3.76033429274601118525e-04,-7.97399285468352637691e-05,-1.05185662948331313281e-06,7.26826097937681498889e-15,7.20699215941162217165e-15,7.26826097937681498889e-15,True,7.20699215941162217165e-15,True,series tail and order change; rounding and minimizer search are not enclosed
67108864,26,fixed_power,3.2547706056012515,1.075,64,5.80960856864101843344e-02,5.80952896668537818736e-02,5.05035378848362956350e-02,2.62935280264485649049e-01,4.53711590116804997635e-16,-2.10372503304409423641e-03,-2.13064934662836671930e-03,-2.10373058187850008049e-03,-4.15321863189975406389e-03,-8.55901691740672317940e-07,5.15137752465769289319e-15,5.12515640167095698284e-15,5.15137752465769289319e-15,True,5.12515640167095698284e-15,True,series tail and order change; rounding and minimizer search are not enclosed
67108864,26,fixed_power,4.339694140801676,1.1,64,1.16064233084291201781e-01,1.16063931192650182656e-01,9.30361202314286123150e-02,2.69085757582120721487e-01,3.81647087259406181161e-16,-5.18322886318937914307e-03,-5.37799952231047401208e-03,-5.18323385921647117325e-03,-3.04432238105916824766e-02,-7.80655999307091102350e-07,4.43554091396007634272e-15,4.41078791298231114669e-15,4.43554091396007634272e-15,True,4.41078791298231114669e-15,True,series tail and order change; rounding and minimizer search are not enclosed
67108864,26,fixed_power,6.509541211202503,1.15,64,2.31857505622419496349e-01,2.31857402815325880363e-01,1.66338193807252343603e-01,2.81414141449873145273e-01,2.67753125767527484985e-16,-1.33051286040220054230e-02,-1.48201402641671767246e-02,-1.33051332715587236621e-02,-2.44317118467141297655e-01,-7.50871994964203894983e-07,3.39610454331875328474e-15,3.35339840299452498149e-15,3.39610454331875328474e-15,True,3.35339840299452498149e-15,True,series tail and order change; rounding and minimizer search are not enclosed
67108864,26,fixed_power,8.679388281603341,1.2,64,3.27680055665258429531e-01,3.27680000000000026805e-01,2.19929072016202736828e-01,2.93782149799831859838e-01,1.85660647477735116084e-16,-2.16631587849125117895e-02,-2.62434185388354529467e-02,-2.16631634816226298357e-02,-7.64961905344837989063e-01,-7.78455720547259764443e-07,2.59952747975167439602e-15,2.53593221015276307954e-15,2.59952747975167439602e-15,True,2.53593221015276307954e-15,True,series tail and order change; rounding and minimizer search are not enclosed
67108864,26,fixed_power,10.849235352004179,1.25,64,4.03237439357124416439e-01,4.03237402439117431641e-01,2.59180357765401492287e-01,3.06193425614168013293e-01,1.27158890281189772502e-16,-2.89638408100172523030e-02,-3.83766036036727251068e-02,-2.89638456604231625535e-02,-1.63130538943521030681e+00,-8.27120416033662397370e-07,1.98168887578391027774e-15,1.90615976539263997318e-15,1.98168887578391027774e-15,True,1.90615976539263997318e-15,True,series tail and order change; rounding and minimizer search are not enclosed
67108864,26,fixed_power,13.019082422405017,1.3,64,4.63033578595293315860e-01,4.63033551265942477926e-01,2.88789010916076727131e-01,3.18651592588365506487e-01,8.59502543425497381873e-17,-3.47811754033015424481e-02,-5.06035044764283695184e-02,-3.47811804586865280786e-02,-2.84852404047065776993e+00,-8.84923342076251241501e-07,1.56678974085792115365e-15,1.54906052094793320369e-15,7.99360577730112709105e-15,True,2.42924697640766818277e-15,True,series tail and order change; rounding and minimizer search are not enclosed
67108864,26,fixed_power,17.358776563206682,1.4,64,5.50334095886536256437e-01,5.50334077948180566686e-01,3.30145309393032881928e-01,3.43723018532124391378e-01,3.75641078659009409959e-17,-4.17827863338901261958e-02,-7.42360962027504567295e-02,-4.17827918497809674969e-02,-6.31388336801133664977e+00,-1.00939986886495528776e-06,2.89161216312159209064e-15,4.62883162660532683709e-15,1.29674049276218283921e-13,True,4.62883162660532683709e-15,True,series tail and order change; rounding and minimizer search are not enclosed
67108864,26,fixed_power,21.698470704008358,1.5,64,6.10351575954042213645e-01,6.10351562500000000000e-01,3.57509534293642405878e-01,3.69025157164765693629e-01,1.52863260928892972912e-17,-4.32373007209906762283e-02,-9.60418019711480330791e-02,-4.32373067017915724275e-02,-1.11076926500131882847e+01,-1.13231726755135831237e-06,1.10638446879222597683e-14,1.95059533959200081875e-14,4.97379915032070130110e-13,True,1.95059533959200081875e-14,True,series tail and order change; rounding and minimizer search are not enclosed
268435456,28,joint_window,0.0,1.0,96,6.03641304082156999588e-05,0.00000000000000000000e+00,0.00000000000000000000e+00,2.44533173793497621284e-01,7.49786258826540693388e-16,1.50912149453666305168e-05,2.38748120932375240688e-01,2.38748120932375240688e-01,2.63672554267085281765e+01,2.63672554267085281765e+01,4.27821051028985046835e-08,4.27821051028985046835e-08,7.60973897229177964618e-08,True,7.60973897229177964618e-08,True,series tail and order change; rounding and minimizer search are not enclosed
268435456,28,joint_window,0.05,1.0010698581494961,96,6.20948923854832362081e-05,4.76642289010913034698e-85,4.76642289010926579099e-85,2.44795194232592661088e-01,7.44561595458052402366e-16,1.46424913799525437710e-05,2.39004893606326901390e-01,2.39004893606326901390e-01,2.63951075212683612392e+01,2.63951075212683612392e+01,4.25689216745782503658e-08,4.25689216745782503658e-08,7.57209797086488833884e-08,True,7.57209797086488833884e-08,True,series tail and order change; rounding and minimizer search are not enclosed
268435456,28,joint_window,0.1,1.0021397162989922,96,6.39500402590287725943e-05,6.64340286719012909305e-43,6.64340286718984552269e-43,2.45057227778215896974e-01,7.39369652504589578330e-16,1.41862477072117601018e-05,2.39261693830203320266e-01,2.39261693830203320266e-01,2.64229565662311927099e+01,2.64229565662311927099e+01,4.23565773008427970800e-08,4.23565773008427970800e-08,7.53460120961335633183e-08,True,7.53460120961335633183e-08,True,series tail and order change; rounding and minimizer search are not enclosed
268435456,28,joint_window,0.15,1.0032095744484884,96,6.59450771764419742607e-05,7.42088461406933505169e-29,7.42088461406922967405e-29,2.45319274466980041804e-01,7.34210253101769137617e-16,1.37218134453627342627e-05,2.39518521674645878949e-01,2.39518521674645878949e-01,2.64508026286947171002e+01,2.64508026286947171002e+01,4.21450700418555312385e-08,4.21450700418555312385e-08,7.49725046489402302541e-08,True,7.49725046489402302541e-08,True,series tail and order change; rounding and minimizer search are not enclosed
268435456,28,joint_window,0.2,1.0042794325979845,96,6.80982822724115241086e-05,7.84309609065268606214e-22,7.84309609065279796920e-22,2.45581334335491258125e-01,7.29083221116915731987e-16,1.32484340323654251184e-05,2.39775377210227541580e-01,2.39775377210227541580e-01,2.64786457850408361026e+01,2.64786457850408361026e+01,4.19343979549105747018e-08,4.19343979549105747018e-08,7.46004467089278477943e-08,True,7.46004467089278477943e-08,True,series tail and order change; rounding and minimizer search are not enclosed
268435456,28,joint_window,0.25,1.0053492907474806,96,7.04313671853966480514e-05,1.28500879408869564946e-17,1.28500879408868640500e-17,2.45843407420347520587e-01,7.23988381148021241090e-16,1.27652555638749810602e-05,2.40032259722641666544e-01,2.40032259722641666544e-01,2.65064860589227997423e+01,2.65064860589227997423e+01,4.17245451536687721674e-08,4.17245451536687721674e-08,7.42298027489596279338e-08,True,7.42298027489596279338e-08,True,series tail and order change; rounding and minimizer search are not enclosed
268435456,28,joint_window,0.3,1.0064191488969767,96,7.29703278374544637161e-05,8.28930304664717180494e-15,8.28930304664587649534e-15,2.46105493758140531080e-01,7.18925558522684148974e-16,1.22713058821782272623e-05,2.40288664669781465433e-01,2.40288664669781465433e-01,2.65342826116779910706e+01,2.65342826116779910706e+01,4.15066018962556043578e-08,4.15066018962556043578e-08,7.38483620921215333510e-08,True,7.38483620921215333510e-08,True,series tail and order change; rounding and minimizer search are not enclosed
268435456,28,joint_window,0.35,1.0074890070464726,96,7.57465621524081494974e-05,8.42138028591366647684e-13,8.42138028578387828444e-13,2.46367593385454636268e-01,7.13894579297030875413e-16,1.17654709197625781657e-05,2.40494556955445887292e-01,2.40494556955445054625e-01,2.65579776559366926847e+01,2.65579776559366251831e+01,4.04156570188058809929e-08,4.04156570187923284657e-08,7.22636599448378547095e-08,True,7.22636599448378547095e-08,True,series tail and order change; rounding and minimizer search are not enclosed
268435456,28,joint_window,0.4,1.0085588651959687,96,7.87983547699110125793e-05,2.69483315460481246583e-11,2.69483315343222126275e-11,2.46629706338867465965e-01,7.08895270254608905440e-16,1.12464648007081576849e-05,2.39158315642200136608e-01,2.39158315641487484449e-01,2.64564165785244824747e+01,2.64564165784665021874e+01,2.21057671280513321503e-08,2.21057671228384002253e-08,4.47750068133245804347e-08,True,4.47750068133245804347e-08,True,series tail and order change; rounding and minimizer search are not enclosed
268435456,28,joint_window,0.45,1.0096287233454648,64,8.21728754028911659996e-05,3.99211194680113962708e-10,3.99211192375281995526e-10,2.46891832654949017201e-01,7.03927458905273114971e-16,1.07127916295004924681e-05,2.18044418723483457434e-01,2.18044418598831446499e-01,2.47041794484303984802e+01,2.47041794377959043061e+01,1.49391392247180231556e-08,1.49391391393048188675e-08,5.19516412111897807335e-08,True,5.19516412111897807335e-08,True,series tail and order change; rounding and minimizer search are not enclosed
268435456,28,joint_window,0.5,1.010698581494961,64,8.59289069860609300592e-05,3.44936457996576040945e-09,3.44936442393348246528e-09,2.47153972370262875469e-01,6.98990973484040640591e-16,1.01626960604795339585e-05,1.12118739849025053634e-01,1.12118736559315743118e-01,1.44392336716700722121e+01,1.44392333091454627692e+01,1.79502508794025430738e-09,1.79502500866449958775e-09,7.73496466877077182289e-09,True,7.73496289241393242264e-09,True,series tail and order change; rounding and minimizer search are not enclosed
268435456,28,joint_window,0.55,1.011768439644457,64,9.01406274590018578678e-05,2.01370521141782283980e-08,2.01370472437121961009e-08,2.47416125521365631856e-01,6.94085642949932042885e-16,9.59409851509854464248e-06,2.28851295563881167172e-02,2.28851240224901796017e-02,3.33003010538988686307e+00,3.33002932663708328676e+00,3.12341304022404090604e-10,3.12341228656957688323e-10,1.68472746864267719502e-09,True,1.68472658046425749490e-09,True,series tail and order change; rounding and minimizer search are not enclosed
268435456,28,joint_window,0.6,1.0128382977939532,64,9.49029386981670690241e-05,8.76078441305474732890e-08,8.76077589997263143804e-08,2.47678292144806050379e-01,6.89211296984792551027e-16,9.00450905676590811384e-06,5.26593432753227029541e-03,5.26592921048619350133e-03,7.85681396100473716793e-01,7.85680637334275400185e-01,7.15997009853619716796e-11,7.15996314837563449101e-11,4.06084721404909032572e-10,True,4.06084166293396719993e-10,True,series tail and order change; rounding and minimizer search are not enclosed
268435456,28,joint_window,0.65,1.0139081559434493,64,1.00339107806379277776e-04,3.03984797908937274950e-07,3.03983844830854162051e-07,2.47940472277127066381e-01,6.84367765992094670538e-16,8.39091112757810318106e-06,1.51923990593582649254e-03,1.51923514268269060565e-03,2.27157944367660680207e-01,2.27157229833694129795e-01,2.05882316583956783949e-11,2.05881673072864356673e-11,1.17662518617223099682e-10,True,1.17662157794740096506e-10,True,series tail and order change; rounding and minimizer search are not enclosed
268435456,28,joint_window,0.7,1.0149780140929454,64,1.06611927614788705725e-04,8.83026137630484212352e-07,8.83018615380175631089e-07,2.48202665954863982423e-01,6.79554881095721365338e-16,7.74960198785901592023e-06,5.23553054846291414902e-04,5.23548594783986476382e-04,7.76954823017746015745e-02,7.76948110044874407087e-02,7.09367703229235523456e-12,7.09361710825912271799e-12,4.02617383876702206180e-11,True,4.02613636873994096277e-11,True,series tail and order change; rounding and minimizer search are not enclosed
268435456,28,joint_window,0.75,1.0160478722424415,64,1.13940329861719749833e-04,2.22507938262740624899e-06,2.22503448100341302848e-06,2.48464873214545772795e-01,6.74772474138733363973e-16,7.07596986130528627572e-06,2.07978285340717112010e-04,2.07974087993418498476e-04,3.02870509399630304104e-02,3.02864183600475081470e-02,2.83447409691858024072e-12,2.83441801333560268518e-12,1.57525242849843039039e-11,True,1.57522050958647241714e-11,True,series tail and order change; rounding and minimizer search are not enclosed
268435456,28,joint_window,0.8,1.0171177303919376,64,1.22624587015795263054e-04,4.99511848514230309107e-06,4.99490481791868624656e-06,2.48727094092693612470e-01,6.70020377682115659639e-16,6.36417693385195426905e-06,9.27064635269208832478e-05,9.27024960164394640563e-05,1.30234208216042802314e-02,1.30228224609204579210e-02,1.28369934021459663718e-12,1.28364661997718883436e-12,6.84190724908884106981e-12,True,6.84159673358664122134e-12,True,series tail and order change; rounding and minimizer search are not enclosed
268435456,28,joint_window,0.85,1.0181875885414338,64,1.33085215855885917458e-04,1.01959626561507451164e-05,1.01951188462885858024e-05,2.48989328625822708974e-01,6.65298425003508824628e-16,5.60670006112940900024e-06,4.53904503533389012612e-05,4.53866856147766851970e-05,6.00332984910773980597e-03,6.00276178776268203030e-03,6.48185031325940720764e-13,6.48135281598166605681e-13,3.21500291666776405464e-12,True,3.21471408520901391626e-12,True,series tail and order change; rounding and minimizer search are not enclosed
268435456,28,joint_window,0.9,1.0192574466909299,64,1.45923842811077525460e-04,1.92255663624171967076e-05,1.92227130094985092343e-05,2.49251576850440859090e-01,6.60606450095922082370e-16,4.79365375941042052145e-06,2.39529309568792776806e-05,2.39493464509295535627e-05,2.89223493427422399457e-03,2.89169384217380668819e-03,3.60200608104741201395e-13,3.60153501681485404467e-13,1.59739279095849617818e-12,True,1.59712000569189882526e-12,True,series tail and order change; rounding and minimizer search are not enclosed
268435456,28,joint_window,0.95,1.020327304840426,64,1.62018852264109782533e-04,3.39105685589260669242e-05,3.39021006730189273810e-05,2.49513838803049364801e-01,6.55944287666428925929e-16,3.91177867509919286230e-06,1.33383927536154002762e-05,1.33349695215365683643e-05,1.42354432000158914046e-03,1.42302737370513421485e-03,2.17636524624389681385e-13,2.17591786166288146649e-13,8.21776240805816016177e-13,True,8.21518417529198963223e-13,True,series tail and order change; rounding and minimizer search are not enclosed
268435456,28,joint_window,1.0,1.021397162989922,64,1.82673589417589122066e-04,5.65125975302143850098e-05,5.64901040247687484357e-05,2.49776114520142394904e-01,6.51311773134847550918e-16,2.94292245354968229126e-06,7.58657386760546729369e-06,7.58329583597722966224e-06,7.01507720418624797568e-04,7.01012517792564239863e-04,1.41123475969730019883e-13,1.41080871684656056718e-13,4.29193247782067022200e-13,True,4.28944098122829853281e-13,True,series tail and order change; rounding and minimizer search are not enclosed
268435456,28,joint_window,1.05,1.022467021139418,64,2.09834317738121888929e-04,8.97078721797144642549e-05,8.96535322991723272919e-05,2.50038404038207373592e-01,6.46708742632400087789e-16,1.86178572557850433998e-06,4.11327832463832128147e-06,4.11013181679628471026e-06,3.40250991407520372509e-04,3.39775485169779682421e-04,9.68081480255577793409e-14,9.67674778244733497162e-14,2.23379257799360964043e-13,True,2.23143769087497112480e-13,True,series tail and order change; rounding and minimizer search are not enclosed
268435456,28,joint_window,1.1,1.0235368792889141,64,2.46370211421865733300e-04,1.36543678713094119269e-04,1.36422726958048692262e-04,2.50300707393725230254e-01,6.42135033000364537151e-16,6.32727539891277655261e-07,1.69396815290515792367e-06,1.69094161976738693821e-06,1.60434595707366724811e-04,1.59977055883114545418e-04,6.92241021530638936285e-14,6.91851936184489832356e-14,1.13951518576974053509e-13,True,1.13725625054336698661e-13,True,series tail and order change; rounding and minimizer search are not enclosed
268435456,28,joint_window,1.15,1.0246067374384102,64,2.96322709285116059775e-04,2.00377098868424958263e-04,2.00126371529712364849e-04,2.50563024623169594562e-01,6.37590481788701560147e-16,-7.94285957364876328730e-07,-3.10424412557360027316e-07,-3.13340350207207205945e-07,7.31745787728451757646e-05,7.27336006534808478079e-05,5.09124643214274017929e-14,5.08751680308541981909e-14,5.62893373405592978287e-14,True,5.60715753342155842631e-14,True,series tail and order change; rounding and minimizer search are not enclosed
268435456,28,joint_window,1.2,1.0256765955879064,64,3.64885970487009454050e-04,2.84802030213909406105e-04,2.84313637133601642033e-04,2.50825355763007795673e-01,6.33074927254670323392e-16,-2.48769244504438318856e-06,-2.27323876493210481594e-06,-2.27605075014420267076e-06,3.24434856122019879316e-05,3.20180763932397674325e-05,3.81319780778193497999e-14,3.80961639601716555808e-14,3.81319780778193497999e-14,True,3.80961639601716555808e-14,True,series tail and order change; rounding and minimizer search are not enclosed
268435456,28,joint_window,1.21,1.0258905672178056,64,3.81342202645429634127e-04,3.04486285316389192375e-04,3.03931995810300661573e-04,2.50877823663431420709e-01,6.32175281765529783050e-16,-2.86580549547992111288e-06,-2.68396999137999775920e-06,-2.68676165298586044558e-06,2.75108285452769490563e-05,2.70884638185900911817e-05,3.60491363527404406117e-14,3.60136045562974250053e-14,3.60491363527404406117e-14,True,3.60136045562974250053e-14,True,series tail and order change; rounding and minimizer search are not enclosed
268435456,28,joint_window,1.22,1.0261045388477048,64,3.98822969552368685776e-04,3.25174568344369194391e-04,3.24546830534835559212e-04,2.50930292122020948131e-01,6.31276788414856054501e-16,-3.25887377606573144795e-06,-3.10475994270067588883e-06,-3.10753134264056345669e-06,2.33183380739797870907e-05,2.28990089032812008064e-05,3.40967164894821702468e-14,3.40614625991106167401e-14,3.40967164894821702468e-14,True,3.40614625991106167401e-14,True,series tail and order change; rounding and minimizer search are not enclosed
268435456,28,joint_window,1.23,1.026318510477604,64,4.17374213286179657646e-04,3.46897520528382803228e-04,3.46188078243098509845e-04,2.50982761139067755973e-01,6.30379445918865085018e-16,-3.66773369790162527765e-06,-3.53714975241496698555e-06,-3.53990090296078086613e-06,1.97595363282646079494e-05,1.93432412895699768342e-05,3.22654657412290989843e-14,3.22304854588284434163e-14,3.22654657412290989843e-14,True,3.22304854588284434163e-14,True,series tail and order change; rounding and minimizer search are not enclosed
268435456,28,joint_window,1.24,1.0265324821075033,64,4.37040749026750593564e-04,3.69685857497727035463e-04,3.68885700985478921527e-04,2.51035230714863832890e-01,6.29483252994899709681e-16,-4.09324884265578728447e-06,-3.98261410624623917202e-06,-3.98534496404814771999e-06,1.67420820700797834564e-05,1.63288281549039642599e-05,3.05470465238856084274e-14,3.05123356652102747341e-14,3.05470465238856084274e-14,True,3.05123356652102747341e-14,True,series tail and order change; rounding and minimizer search are not enclosed
268435456,28,joint_window,1.25,1.0267464537374025,64,4.57866043202787833741e-04,3.93570344682163007419e-04,3.92669659242503960809e-04,2.51087700849700390382e-01,6.28588208361427975041e-16,-4.53630801588855708936e-06,-4.44257021938638689334e-06,-4.44528067874314862084e-06,1.41861225342921554383e-05,1.37759261706366311918e-05,2.89339013151929790590e-14,2.88994558068322663182e-14,2.89339013151929790590e-14,True,2.88994558068322663182e-14,True,series tail and order change; rounding and minimizer search are not enclosed
268435456,28,joint_window,1.26,1.0269604253673017,64,4.79892045891836763888e-04,4.18581773066413953197e-04,4.17569885594055837958e-04,2.51140171543869750170e-01,6.27694310738043632163e-16,-4.99782318121609668658e-06,-4.91838562735469065615e-06,-4.92107551263556893808e-06,1.20228060876406449623e-05,1.16156942897382361730e-05,2.74191380660817756325e-14,2.73849539425877038607e-14,2.74191380660817756325e-14,True,2.73849539425877038607e-14,True,series tail and order change; rounding and minimizer search are not enclosed
268435456,28,joint_window,1.27,1.027174396997201,64,5.03159080137429446170e-04,4.44750935332713186448e-04,4.43616258782606050996e-04,2.51192642797662790688e-01,6.26801558845465150545e-16,-5.47872733293743952119e-06,-5.41138495090533953565e-06,-5.41405400804396736043e-06,1.01929402223455113711e-05,9.78895188127446412986e-06,2.59964341125867943434e-14,2.59625075137445984318e-14,2.59964341125867943434e-14,True,2.59625075137445984318e-14,True,series tail and order change; rounding and minimizer search are not enclosed
268435456,28,joint_window,1.28,1.0273883686271001,64,5.27705787167602967912e-04,4.72108602423904706504e-04,4.70838578208082007143e-04,2.51245114611371000990e-01,6.25909951405535520908e-16,-5.97997236267859349438e-06,-5.92285577219757355255e-06,-5.92550365917459645904e-06,8.64578259672689345208e-06,8.24496992454670936910e-06,2.46599565702746994093e-14,2.46262837385089124726e-14,2.46599565702746994093e-14,True,2.46262837385089124726e-14,True,series tail and order change; rounding and minimizer search are not enclosed
268435456,28,joint_window,1.29,1.0276023402569994,64,5.53569123248191124510e-04,5.00685500556961285597e-04,4.99266538889343684804e-04,2.51297586985286980354e-01,6.25019487141221564938e-16,-6.50252697041713175179e-06,-6.45405373980147080339e-06,-6.45668001602495600800e-06,7.33795501554092102385e-06,6.94038515679548973793e-06,2.34042971779518262072e-14,2.33708744558606758917e-14,2.34042971779518262072e-14,True,2.33708744558606758917e-14,True,series tail and order change; rounding and minimizer search are not enclosed
268435456,28,joint_window,1.3,1.0278163118868986,64,5.80784401372873835580e-04,5.30512288714082825246e-04,5.28929706924642878234e-04,2.51350059919701107614e-01,6.24130164776613738073e-16,-7.04737466266465092946e-06,-7.00620700346820681446e-06,-7.00881111795964779117e-06,6.23247160815239940467e-06,5.83822843276832418170e-06,2.22244195669679373982e-14,2.21912433949810159057e-14,2.22244195669679373982e-14,True,2.21912433949810159057e-14,True,series tail and order change; rounding and minimizer search are not enclosed
268435456,28,joint_window,1.31,1.0280302835167978,64,6.09385369339716953009e-04,5.61619536636105850212e-04,5.59857495480825398740e-04,2.51402533414905704490e-01,6.23241983036925439253e-16,-7.61551187150681088353e-06,-7.58052006548193626784e-06,-7.58310134376550409614e-06,5.29787321972164504104e-06,4.90705931287764450028e-06,2.11156169873412085103e-14,2.10826839014933702325e-14,2.11156169873412085103e-14,True,2.10826839014933702325e-14,True,series tail and order change; rounding and minimizer search are not enclosed
268435456,28,joint_window,1.32,1.028244255146697,64,6.39404315014506442923e-04,5.94037703340412337472e-04,5.92079141338526081934e-04,2.51455007471191926971e-01,6.22354940648492912303e-16,-8.20794621852878017627e-06,-8.17817712339181544443e-06,-8.18073475298336982766e-06,4.50746038126680500472e-06,4.12019924599036327953e-06,2.00734786296820290910e-14,2.00407852594975867756e-14,2.00734786296820290910e-14,True,2.00407852594975867756e-14,True,series tail and order change; rounding and minimizer search are not enclosed
268435456,28,joint_window,1.33,1.0284582267765963,64,6.70872189644830746805e-04,6.27797116183149181250e-04,6.25623682018218224207e-04,2.51507482088851708202e-01,6.21469036338774062654e-16,-8.82569493820305000197e-06,-8.80034496870614501348e-06,-8.80287798309047444557e-06,3.83861733598293331410e-06,3.45505582545631477281e-06,1.90938628387524567985e-14,1.90614059052350156570e-14,1.90938628387524567985e-14,True,1.90614059052350156570e-14,True,series tail and order change; rounding and minimizer search are not enclosed
268435456,28,joint_window,1.34,1.0286721984064955,64,7.03818740798240068644e-04,6.62927950483348715424e-04,6.60519933509464752565e-04,2.51559957268176037637e-01,6.20584268836348654547e-16,-9.46978346674296595463e-06,-9.44817549739922777144e-06,-9.45068275837896711825e-06,3.27221961874990621924e-06,2.89253061607670469533e-06,1.81728757089212811902e-14,1.81406520226422342609e-14,1.81728757089212811902e-14,True,1.81406520226422342609e-14,True,series tail and order change; rounding and minimizer search are not enclosed
268435456,28,joint_window,1.35,1.0288861700363947,64,7.38272647649092879016e-04,6.99460209724263727409e-04,6.96796468623580764722e-04,2.51612433009456848421e-01,6.19700636870917818001e-16,-1.01412441951410605334e-05,-1.01228078806136936700e-05,-1.01252880589066318259e-05,2.79211770924623681040e-06,2.41650307345882345018e-06,1.73068537682379222813e-14,1.72748602275191768058e-14,1.73068537682379222813e-14,True,1.72748602275191768058e-14,True,series tail and order change; rounding and minimizer search are not enclosed
268435456,28,joint_window,1.36,1.029100141666294,64,7.74261652729473057351e-04,7.37423706345149651033e-04,7.34481595987526085338e-04,2.51664909312985518586e-01,6.18818139173302964130e-16,-1.08411153793566629629e-05,-1.08253704375575737903e-05,-1.08278219915189149927e-05,2.38468937003834178560e-06,2.01338316715878277855e-06,1.64923496803151064680e-14,1.64605832695002983725e-14,1.64923496803151064680e-14,True,1.64605832695002983725e-14,True,series tail and order change; rounding and minimizer search are not enclosed
268435456,28,joint_window,1.37,1.0293141132961932,64,8.11812685713523803435e-04,7.76848043134730934997e-04,7.73603339694801245274e-04,2.51717386179053315143e-01,6.17936774475446278177e-16,-1.15704401964110599205e-05,-1.15569822471076614134e-05,-1.15594033994394787762e-05,2.03845347089272236108e-06,1.67172551103925968250e-06,1.57261201076466756849e-14,1.56945778954557445720e-14,1.57261201076466756849e-14,True,1.56945778954557445720e-14,True,series tail and order change; rounding and minimizer search are not enclosed
268435456,28,joint_window,1.38,1.0295280849260924,64,8.50951976187387291138e-04,8.17762595235597988287e-04,8.14189419626941694903e-04,2.51769863607952171236e-01,6.17056541510409141795e-16,-1.23302659324207365167e-05,-1.23187545299178476772e-05,-1.23211432422302172253e-05,1.74373839713918040828e-06,1.38189809834044174739e-06,1.50051150758276922417e-14,1.49737942137896230306e-14,1.50051150758276922417e-14,True,1.49737942137896230306e-14,True,series tail and order change; rounding and minimizer search are not enclosed
268435456,28,joint_window,1.39,1.0297420565559916,64,8.91705153579434666410e-04,8.60196492767052885674e-04,8.56267232457413960539e-04,2.51822341599972965298e-01,6.16177439012372527476e-16,-1.31216432871247932340e-05,-1.31117918287733029427e-05,-1.31141457738523364981e-05,1.49239852732077937101e-06,1.13579912811494131821e-06,1.43264683487277446192e-14,1.42953660696873611370e-14,1.43264683487277446192e-14,True,1.42953660696873611370e-14,True,series tail and order change; rounding and minimizer search are not enclosed
268435456,28,joint_window,1.4,1.0299560281858908,64,9.34097333439879058681e-04,9.04178604072110206173e-04,8.99863833347396935118e-04,2.51874820155407741495e-01,6.15299465716636406908e-16,-1.39456257790467481319e-05,-1.39371930114312315681e-05,-1.39395095430659200254e-05,1.27757272890801150472e-06,9.26615872316650167539e-07,1.36874884669918703933e-14,1.36566020836841854372e-14,1.36874884669918703933e-14,True,1.36566020836841854372e-14,True,series tail and order change; rounding and minimizer search are not enclosed
268435456,28,joint_window,1.41,1.03016999981579,64,9.78153190051475043484e-04,9.49737519592689489155e-04,9.45005918341641835793e-04,2.51927299274547711327e-01,6.14422620359618764894e-16,-1.48032692357872837710e-05,-1.47960521171677577765e-05,-1.47983282373798520192e-05,1.09347932912858094760e-06,7.48620041771052483045e-07,1.30856502162177920974e-14,1.30549771199068389865e-14,1.30856502162177920974e-14,True,1.30549771199068389865e-14,True,series tail and order change; rounding and minimizer search are not enclosed
268435456,28,joint_window,1.42,1.0303839714456893,64,1.02389701593215334124e-03,9.96901536375600525949e-04,9.91719807470364724672e-04,2.51979778957684252827e-01,6.13546901678855599358e-16,-1.56956313548847184360e-05,-1.56894590656291433965e-05,-1.56916913891479961780e-05,9.35242554454553616085e-07,5.96994644930341190837e-07,1.25185863788268017411e-14,1.24881240380033385580e-14,1.25185863788268017411e-14,True,1.24881240380033385580e-14,True,series tail and order change; rounding and minimizer search are not enclosed
268435456,28,joint_window,1.43,1.0305979430755885,64,1.07135276918402053831e-03,1.04569864321035375584e-03,1.04003142856173738488e-03,2.52032259205108688516e-01,6.12672308413000329694e-16,-1.66237713219584588853e-05,-1.66185002443257356670e-05,-1.66206849601443357178e-05,7.98745965594109600506e-07,4.67687867135868392105e-07,1.19840796882341622094e-14,1.19538256473678389983e-14,1.19840796882341622094e-14,True,1.19538256473678389983e-14,True,series tail and order change; rounding and minimizer search are not enclosed
268435456,28,joint_window,1.44,1.0308119147054877,64,1.12054410987652520656e-03,1.09615650639847614367e-03,1.08996630176783678573e-03,2.52084740017112840516e-01,6.11798839301823402340e-16,-1.75887494743438279818e-05,-1.75842589891281981477e-05,-1.75863918189695669046e-05,6.80508938436580483677e-07,3.57290021919917024038e-07,1.14800549493123546266e-14,1.14500068276538533525e-14,1.14800549493123546266e-14,True,1.14500068276538533525e-14,True,series tail and order change; rounding and minimizer search are not enclosed
268435456,28,joint_window,1.45,1.031025886335387,64,1.17149442676599897968e-03,1.14830245615280164551e-03,1.14154952480549133111e-03,2.52137221393987753792e-01,6.10926493086211501911e-16,-1.85916269999846861874e-05,-1.85878159704244781247e-05,-1.85898921239472606631e-05,5.77582733078307271592e-07,2.62930116539563041184e-07,1.10045713191444166666e-14,1.09747268095731826015e-14,1.10045713191444166666e-14,True,1.09747268095731826015e-14,True,series tail and order change; rounding and minimizer search are not enclosed
268435456,28,joint_window,1.46,1.0312398579652862,64,1.22422685567365467814e-03,1.20216347362384588793e-03,1.19480575891192219301e-03,2.52189703336024861891e-01,6.10055268508167353992e-16,-1.96334656628606679489e-05,-1.96302494960931919223e-05,-1.96322636226579146524e-05,4.87463147774114772036e-07,1.82189029716811548240e-07,1.05558147603213004553e-14,1.05261716282346051422e-14,1.05558147603213004553e-14,True,1.05261716282346051422e-14,True,series tail and order change; rounding and minimizer search are not enclosed
268435456,28,joint_window,1.47,1.0314538295951854,64,1.27876429080030218355e-03,1.25776617854946319748e-03,1.24975921551380214289e-03,2.52242185843515709376e-01,6.09185164310809232093e-16,-2.07153275477073620624e-05,-2.07126357411597085498e-05,-2.07145818779736932361e-05,4.08017172947204686779e-07,1.13026717260407219453e-07,1.01320906886382391222e-14,1.01026467708771068100e-14,1.01320906886382391222e-14,True,1.01026467708771068100e-14,True,series tail and order change; rounding and minimizer search are not enclosed
268435456,28,joint_window,1.48,1.0316678012250846,64,1.33512939017115775560e-03,1.31513681752278986832e-03,1.30643364360704013205e-03,2.52294668916751563259e-01,6.08316179238370563223e-16,-2.18382748180663511725e-05,-2.18360489128523779356e-05,-2.18379204293090518809e-05,3.37421426878657449593e-07,5.37212275465576025131e-08,9.73181684057334826095e-15,9.70257004438111909212e-15,9.73181684057334826095e-15,True,9.70257004438111909212e-15,True,series tail and order change; rounding and minimizer search are not enclosed
268435456,28,joint_window,1.49,1.0318817728549838,64,1.39334457629281980792e-03,1.37430125287251055609e-03,1.36485231784347154325e-03,2.52347152556023801573e-01,6.07448312036199040417e-16,-2.30033694829153291094e-05,-2.30015613587944423024e-05,-2.30033508968142193403e-05,2.74110486219356837209e-07,2.81764131515686236150e-09,9.35351638543651898517e-15,9.32446468744623558345e-15,9.35351638543651898517e-15,True,9.32446468744623558345e-15,True,series tail and order change; rounding and minimizer search are not enclosed
268435456,28,joint_window,1.5,1.032095744484883,64,1.45343203298485892927e-03,1.43528495214876174006e-03,1.42503802731936812104e-03,2.52399636761623802350e-01,6.06581561450756622741e-16,-2.42116731681246797215e-05,-2.42102436251800208142e-05,-2.42119430353657011292e-05,2.16733508915442665622e-07,-4.09146674866430292439e-08,8.99581130409390203427e-15,8.96695275302944970793e-15,8.99581130409390203427e-15,True,8.96695275302944970793e-15,True,series tail and order change; rounding and minimizer search are not enclosed
268435456,28,joint_window,1.51,1.0323097161147823,64,1.51541369922367566425e-03,1.49811297820697159923e-03,1.48701306505981747930e-03,2.52452121533842888113e-01,6.05715926229618549212e-16,-2.54642468898873036622e-05,-2.54631644710295250000e-05,-2.54647647444363682111e-05,1.64117796915569018819e-07,-7.85178004897361904099e-08,8.65741605186039206385e-15,8.62874875962138607825e-15,8.65741605186039206385e-15,True,8.62874875962138607825e-15,True,series tail and order change; rounding and minimizer search are not enclosed
268435456,28,joint_window,1.52,1.0325236877446815,64,1.57931126071840098775e-03,1.56280997988131526745e-03,1.55079921819173990709e-03,2.52504606872972325871e-01,6.04851405121473536016e-16,-2.67621508279931874259e-05,-2.67613908439399050734e-05,-2.67628820392654099246e-05,1.15238158244880222798e-07,-1.10875274455320132067e-07,8.33713151828886560964e-15,8.30865366315226210378e-15,8.33713151828886560964e-15,True,8.30865366315226210378e-15,True,series tail and order change; rounding and minimizer search are not enclosed
268435456,28,joint_window,1.53,1.0327376593745807,64,1.64514613982797352695e-03,1.62940018323877509714e-03,1.61641775879782837420e-03,2.52557092779303382635e-01,6.03987996876122790430e-16,-2.81064440974469048878e-05,-2.81059878221523397248e-05,-2.81073589881424966853e-05,6.91911123025500010009e-08,-1.38737086467067017818e-07,8.03383929171463466884e-15,8.00554911763086951265e-15,8.03383929171463466884e-15,True,8.00554911763086951265e-15,True,series tail and order change; rounding and minimizer search are not enclosed
268435456,28,joint_window,1.54,1.03295163100448,64,1.71293948432845377292e-03,1.69790738340407153066e-03,1.68388943544242977203e-03,2.52609579253127713994e-01,6.03125700244479517783e-16,-2.94981845174112323419e-05,-2.94980185272381825647e-05,-2.94992576201090527313e-05,2.51731343747198943681e-08,-1.62740709070579540905e-07,7.74649623186928780005e-15,7.71839204750930895507e-15,7.74649623186928780005e-15,True,7.71839204750930895507e-15,True,series tail and order change; rounding and minimizer search are not enclosed
268435456,28,joint_window,1.55,1.0331656026343792,64,1.78271215545047247153e-03,1.76835493694536827203e-03,1.75323446535977003208e-03,2.52662066294736198380e-01,6.02264513978568625639e-16,-3.09384283768843334431e-05,-3.09385440112384490878e-05,-3.09396378069095646414e-05,-1.75377301547678231767e-08,-1.83428684502814837332e-07,7.47412935116685302044e-15,7.44620952765906635163e-15,7.47412935116685302044e-15,True,7.44620952765906635163e-15,True,series tail and order change; rounding and minimizer search are not enclosed
268435456,28,joint_window,1.56,1.0333795742642784,64,1.85448471553004774932e-03,1.84076575481002422882e-03,1.82447252729418720602e-03,2.52714553904420380359e-01,6.01404436831526132141e-16,-3.24282301968282149138e-05,-3.24286231216895637613e-05,-3.24295571226226365686e-05,-5.95974436821058913749e-08,-2.01263379323812614567e-07,7.21583099559958336356e-15,7.18809396654310550251e-15,7.21583099559958336356e-15,True,7.18809396654310550251e-15,True,series tail and order change; rounding and minimizer search are not enclosed
268435456,28,joint_window,1.57,1.0335935458941776,64,1.92827741554868394708e-03,1.91516229579915555313e-03,1.89762275498152831708e-03,2.52767042082471415920e-01,6.00545467557599067415e-16,-3.39686424887127827628e-05,-3.39693123475950670836e-05,-3.39700706840320070315e-05,-1.01609214466255495177e-07,-2.16639367627426784460e-07,6.97075432282181218778e-15,6.94319858562074750119e-15,6.97075432282181218778e-15,True,6.94319858562074750119e-15,True,series tail and order change; rounding and minimizer search are not enclosed
268435456,28,joint_window,1.58,1.0338075175240768,64,2.00411018278262272399e-03,1.99156656056963168172e-03,1.97270373125988220456e-03,2.52819530829180849629e-01,5.99687604912143994446e-16,-3.55607155096444448213e-05,-3.55616656490934969492e-05,-3.55622309744847058324e-05,-1.44134785314232760096e-07,-2.29893832750048792950e-07,6.73810907282729357687e-15,6.71073318579887263999e-15,6.73810907282729357687e-15,True,6.71073318579887263999e-15,True,series tail and order change; rounding and minimizer search are not enclosed
268435456,28,joint_window,1.59,1.034021489153976,64,2.08200260873281275259e-03,2.07000008615155660016e-03,2.04973348279757251744e-03,2.52872020144839615430e-01,5.98830847651627797946e-16,-3.72054970143890161548e-05,-3.72067342732682417895e-05,-3.72070876536894669384e-05,-1.87704095946084528467e-07,-2.41315311646306021328e-07,6.51715760862578854104e-15,6.48996019006492740987e-15,6.51715760862578854104e-15,True,6.48996019006492740987e-15,True,series tail and order change; rounding and minimizer search are not enclosed
268435456,28,joint_window,1.6,1.0342354607838753,64,2.16197393746891996028e-03,2.15048394096905692158e-03,2.12872947542585471206e-03,2.52924510029738924821e-01,5.97975194533626303842e-16,-3.89040320046797009207e-05,-3.89055665583215733692e-05,-3.89056873556670613362e-05,-2.32823596087786214519e-07,-2.51151057362248348910e-07,6.30721122300070615473e-15,6.28019095023351369703e-15,6.30721122300070615473e-15,True,6.28019095023351369703e-15,True,series tail and order change; rounding and minimizer search are not enclosed
268435456,28,joint_window,1.61,1.0344494324137745,64,2.24404305448520219324e-03,2.23303872035207672322e-03,2.20970861006297442791e-03,2.52977000484170100325e-01,5.97120644316823884851e-16,-4.06573624763211351543e-05,-4.06592077280639894662e-05,-4.06590734768054961300e-05,-2.79983427129247156274e-07,-2.59613237699798579593e-07,6.10762669652769541898e-15,6.08078230495068175246e-15,6.10762669652769541898e-15,True,6.08078230495068175246e-15,True,series tail and order change; rounding and minimizer search are not enclosed
268435456,28,joint_window,1.62,1.0346634040436737,64,2.32822847614230256375e-03,2.31768454252642480337e-03,2.29268721921622228160e-03,2.53029491508424519974e-01,5.96267195761013361867e-16,-4.24665271645897142612e-05,-4.24686996785078271256e-05,-4.24682859558276888483e-05,-3.29663667335097261427e-07,-2.66884167870916675458e-07,5.91780309354558846246e-15,5.89113337564783241971e-15,5.91780309354558846246e-15,True,5.89113337564783241971e-15,True,series tail and order change; rounding and minimizer search are not enclosed
268435456,28,joint_window,1.63,1.034877375673573,64,2.41454833974493821361e-03,2.40444104506944448738e-03,2.37768106404821853023e-03,2.53081983102793339757e-01,5.95414847627095412319e-16,-4.43325612884957792788e-05,-4.43350807581466450913e-05,-4.43343610472295341675e-05,-3.82339794308271567957e-07,-2.73120727245248056711e-07,5.73717878260765160381e-15,5.71068258697327507362e-15,5.73717878260765160381e-15,True,5.71068258697327507362e-15,True,series tail and order change; rounding and minimizer search are not enclosed
268435456,28,joint_window,1.64,1.035091347303472,64,2.50302039428827857379e-03,2.49332738181828232962e-03,2.46470533199282535244e-03,2.53134475267567660151e-01,5.94563598677078471562e-16,-4.62564962944776811998e-05,-4.62593855433542869987e-05,-4.62583310896357729515e-05,-4.38487495422075481845e-07,-2.78458092935854602795e-07,5.56522866799844467546e-15,5.53890489828656102093e-15,5.56522866799844467546e-15,True,5.53890489828656102093e-15,True,series tail and order change; rounding and minimizer search are not enclosed
268435456,28,joint_window,1.65,1.0353053189333712,64,2.59366199189250447310e-03,2.58436222021819457864e-03,2.55377463490710863298e-03,2.53186968003038859187e-01,5.93713447674075281609e-16,-4.82393596000752996646e-05,-4.82426446101887843737e-05,-4.82412242703601236958e-05,-4.98586937841286489949e-07,-2.83012902022284255308e-07,5.40146161913328376720e-15,5.37530923303318390011e-15,5.40146161913328376720e-15,True,5.37530923303318390011e-15,True,series tail and order change; rounding and minimizer search are not enclosed
268435456,28,joint_window,1.66,1.0355192905632704,64,2.68649007993172414532e-03,2.67756373909667144337e-03,2.64490300774316471413e-03,2.53239461309497759789e-01,5.92864393382307427086e-16,-5.02821743381344412466e-05,-5.02858843037190745076e-05,-5.02840643873040771088e-05,-5.63126583856898796624e-07,-2.86885930609971509951e-07,5.24541808502870851783e-15,5.21943609318789043629e-15,5.24541808502870851783e-15,True,5.21943609318789043629e-15,True,series tail and order change; rounding and minimizer search are not enclosed
268435456,28,joint_window,1.67,1.0357332621931696,64,2.78152119385795867229e-03,2.77294962685194429711e-03,2.73810390772674140669e-03,2.53291955187236128566e-01,5.92016434567101588137e-16,-5.23859591020846520996e-05,-5.23901265059666500570e-05,-5.23878706092479815015e-05,-6.32606634733131596870e-07,-2.90164367064281182783e-07,5.09666788149120076130e-15,5.07085534641409921568e-15,5.09666788149120076130e-15,True,5.07085534641409921568e-15,True,series tail and order change; rounding and minimizer search are not enclosed
268435456,28,joint_window,1.68,1.0359472338230689,64,2.87877145071002964877e-03,2.87053708004155177375e-03,2.83339021402630392502e-03,2.53344449636544399862e-01,5.91169569994889441820e-16,-5.45517276927823474911e-05,-5.45563884033283094839e-05,-5.45536572354628213066e-05,-7.07542159699075817583e-07,-2.92923745478317478192e-07,4.95480813921188701670e-15,4.92916417412733272927e-15,4.95480813921188701670e-15,True,4.92916417412733272927e-15,True,series tail and order change; rounding and minimizer search are not enclosed
268435456,28,joint_window,1.69,1.036161205452968,64,2.97825654329578193291e-03,2.97034280235841663398e-03,2.93077422789837739245e-03,2.53396944657714173754e-01,5.90323798433207366284e-16,-5.67804888674164191277e-05,-5.67856822543510563611e-05,-5.67824334554612071557e-05,-7.88465966692647266232e-07,-2.95229587990895949245e-07,4.81946140152822016476e-15,4.79398516922409584632e-15,4.81946140152822016476e-15,True,4.79398516922409584632e-15,True,series tail and order change; rounding and minimizer search are not enclosed
268435456,28,joint_window,1.7,1.0363751770828673,64,3.07999173502885139134e-03,3.07238300398122608434e-03,3.03026767329267823770e-03,2.53449440251036717253e-01,5.89479118650696243551e-16,-5.90732460909082664202e-05,-5.90790151585795456773e-05,-5.90752031096540000318e-05,-8.75931258525688916131e-07,-2.97138806591074396213e-07,4.69027386122187186579e-15,4.66496457284483273825e-15,4.69027386122187186579e-15,True,4.66496457284483273825e-15,True,series tail and order change; rounding and minimizer search are not enclosed
268435456,28,joint_window,1.75,1.0374450352323634,64,3.62292282292938890367e-03,3.61663400447493179127e-03,3.55974646787210946206e-03,2.53711926810126553455e-01,5.85272053405368529419e-16,-7.15316930919190929229e-05,-7.15411241422703007842e-05,-7.15336831109662655073e-05,-1.43247049283306553253e-06,-3.02261511377381219382e-07,4.12580015698943707318e-15,4.10131535936277413523e-15,4.12580015698943707318e-15,True,4.10131535936277413523e-15,True,series tail and order change; rounding and minimizer search are not enclosed
268435456,28,joint_window,1.8,1.0385148933818595,64,4.22414273339839687477e-03,4.21889518562357148518e-03,4.14339069888315560813e-03,2.53974427716695927426e-01,5.81092098569512133808e-16,-8.57370986025458425156e-05,-8.57519147607816757672e-05,-8.57390909538654653541e-05,-2.25124916413313301582e-06,-3.02728891266571762581e-07,3.67328512646492521998e-15,3.64961159623390493382e-15,3.67328512646492521998e-15,True,3.64961159623390493382e-15,True,series tail and order change; rounding and minimizer search are not enclosed
268435456,28,joint_window,1.85,1.0395847515313557,64,4.88505945121129117603e-03,4.88064179197977236063e-03,4.78202998848594948433e-03,2.54236943007125848482e-01,5.76939101462521324230e-16,-1.01807541399809081337e-04,-1.01830155016042231235e-04,-1.01809520128710298201e-04,-3.43733211786459452001e-06,-3.00772248066828214045e-07,3.30718418539107647859e-15,3.28431316419939190831e-15,3.30718418539107647859e-15,True,3.28431316419939190831e-15,True,series tail and order change; rounding and minimizer search are not enclosed
268435456,28,joint_window,1.9,1.0406546096808518,64,5.60680148593069305196e-03,5.60305168455196671295e-03,5.47615735624148915889e-03,2.54499472717790553578e-01,5.72812910090185834614e-16,-1.19856141867048598092e-04,-1.19889835880993087663e-04,-1.19858098773640664274e-04,-5.12352681535734765699e-06,-2.97568076402398029008e-07,3.00849763185198893613e-15,2.98642378959990732926e-15,3.00849763185198893613e-15,True,2.98642378959990732926e-15,True,series tail and order change; rounding and minimizer search are not enclosed
268435456,28,joint_window,1.95,1.0417244678303479,64,6.39022351067491077570e-03,6.38701610296042374126e-03,6.22594687536073918693e-03,2.54762016885058062421e-01,5.68713373143099338433e-16,-1.39990511516168824463e-04,-1.40039656131267053855e-04,-1.39992442582911641620e-04,-7.47581111622816669066e-06,-2.93751190368529340091e-07,2.76292716083935769659e-15,2.74164746138556116391e-15,2.76292716083935769659e-15,True,2.74164746138556116391e-15,True,series tail and order change; rounding and minimizer search are not enclosed
268435456,28,joint_window,2.0,1.042794325979844,64,7.23591617354553146707e-03,7.23315306127178189732e-03,7.03127449562970796570e-03,2.55024575545289788892e-01,5.64640339995055300050e-16,-1.62312296252146688949e-04,-1.62382600170814608322e-04,-1.62314199758151092405e-04,-1.06986613282991754859e-05,-2.89670395954786208100e-07,2.55958961259885286580e-15,2.53910212037375736084e-15,2.55958961259885286580e-15,True,2.53910212037375736084e-15,True,series tail and order change; rounding and minimizer search are not enclosed
268435456,28,joint_window,2.05,1.0438641841293401,64,8.14421891026899900934e-03,8.14182267943723732284e-03,7.89174109963057535122e-03,2.55287148734840818598e-01,5.60593660701433261133e-16,-1.86916813330229632933e-04,-1.87015608996002943160e-04,-1.86918688830357664077e-04,-1.50403102789007509632e-05,-2.85519607270877677748e-07,2.39011056613876449550e-15,2.37041324732084140793e-15,2.39011056613876449550e-15,True,2.37041324732084140793e-15,True,series tail and order change; rounding and minimizer search are not enclosed
268435456,28,joint_window,2.1,1.0449340422788362,64,9.11523482564071708956e-03,9.11314384733545590489e-03,8.80669696988255548686e-03,2.55549736490059853367e-01,5.56573185997571617819e-16,-2.13892778513929569459e-04,-2.14029340524269067608e-04,-2.13894626273390198526e-04,-2.07978927559277243129e-05,-2.81406923645859801728e-07,2.24797903920343672721e-15,2.22906862125672208310e-15,2.24797903920343672721e-15,True,2.22906862125672208310e-15,True,series tail and order change; rounding and minimizer search are not enclosed
268435456,28,joint_window,2.15,1.0460039004283324,64,1.01488469062740050558e-02,1.01470117098326692573e-02,9.77526695890943396472e-03,2.55812338847288933685e-01,5.52578767297129748260e-16,-2.43322117725144112382e-04,-2.43508013101199297795e-04,-2.43323938400142681174e-04,-2.83224057642186058923e-05,-2.77391954048748723277e-07,2.12808337337472471149e-15,2.10995432987333921990e-15,2.12808337337472471149e-15,True,2.10995432987333921990e-15,True,series tail and order change; rounding and minimizer search are not enclosed
268435456,28,joint_window,2.2,1.0470737585778285,64,1.12447349837958739116e-02,1.12431155463730177158e-02,1.07963757668383345673e-02,2.56074955842863716260e-01,5.48610256690440082197e-16,-2.75279856147530059204e-04,-2.75529324611879528756e-04,-2.75281650601905732850e-04,-3.80234019945869153420e-05,-2.73506451037365279169e-07,2.02637406884036055287e-15,2.00901779148520307714e-15,2.02637406884036055287e-15,True,2.00901779148520307714e-15,True,series tail and order change; rounding and minimizer search are not enclosed
268435456,28,joint_window,2.25,1.0481436167273246,64,1.24023929935724308571e-02,1.24009566959025190752e-02,1.18687728381801464728e-02,2.56337587513113862592e-01,5.44667506942848238999e-16,-3.09834077048165091109e-04,-3.10164438940693830762e-04,-3.09835846246794268874e-04,-5.03733368210620356372e-05,-2.69765962158242195103e-07,1.93961641303039102961e-15,1.92302061970748655418e-15,1.93961641303039102961e-15,True,1.92302061970748655418e-15,True,series tail and order change; rounding and minimizer search are not enclosed
268435456,28,joint_window,2.3,1.0492134748768205,64,1.36211461757723330951e-02,1.36198662467326998132e-02,1.29910564884278215830e-02,2.56600233894361873244e-01,5.40750371493043304957e-16,-3.47045942336359153693e-04,-3.47478031331593375727e-04,-3.47047687282784353760e-04,-6.59114970897036410967e-05,-2.66176544635097126704e-07,1.86520719442987001177e-15,1.84935560258115499466e-15,1.86520719442987001177e-15,True,1.84935560258115499466e-15,True,series tail and order change; rounding and minimizer search are not enclosed
268435456,28,joint_window,2.35,1.0502833330263166,64,1.49001679481113487313e-02,1.48990222711758591584e-02,1.41616969604502832003e-02,2.56862895022924919708e-01,5.36858704451375094363e-16,-3.86969766947167261029e-04,-3.87528384345421856097e-04,-3.86971488647080974488e-04,-8.52474512575528690266e-05,-2.62738692351151645275e-07,1.80103754018238486230e-15,1.78590981138164796563e-15,1.80103754018238486230e-15,True,1.78590981138164796563e-15,True,series tail and order change; rounding and minimizer search are not enclosed
268435456,28,joint_window,2.4,1.0513531911758127,64,1.62384962467353698157e-02,1.62374664367116901265e-02,1.53790581896335286360e-02,2.57125570935113234583e-01,5.32992360598167466286e-16,-4.29653139421632985356e-04,-4.30367526482163930551e-04,-4.29654838861710797193e-04,-1.09063973430580685186e-04,-2.59449668208060538205e-07,1.74538921639443638000e-15,1.73096115428317749524e-15,1.74538921639443638000e-15,True,1.73096115428317749524e-15,True,series tail and order change; rounding and minimizer search are not enclosed
268435456,28,joint_window,2.45,1.0524230493253088,64,1.76350491863013873750e-02,1.76341198696385453859e-02,1.66414181250826090364e-02,2.57388261667230444640e-01,5.29151195382014976664e-16,-4.75137081483134951498e-04,-4.76041406054257890124e-04,-4.75138759619142276441e-04,-1.38119407506118174744e-04,-2.56304914081442294174e-07,1.69685539672790038389e-15,1.68309935981783169625e-15,1.69685539672790038389e-15,True,1.68309935981783169625e-15,True,series tail and order change; rounding and minimizer search are not enclosed
268435456,28,joint_window,2.5,1.053492907474805,64,1.90886399345966926988e-02,1.90877981842608908380e-02,1.79469875123061707589e-02,2.57650967255574625536e-01,5.25335064918073318112e-16,-5.23456239925045811040e-04,-5.24590093501859592445e-04,-5.23457897675494009809e-04,-1.73249451014346930169e-04,-2.53298895104840484135e-07,1.65427946835043133102e-15,1.64116494440275727948e-15,1.65427946835043133102e-15,True,1.64116494440275727948e-15,True,series tail and order change; rounding and minimizer search are not enclosed
268435456,28,joint_window,2.55,1.054562765624301,64,2.05979907328205542882e-02,2.05972256214417490106e-02,1.92939270911553079069e-02,2.57913687736436803011e-01,5.21543825986338814292e-16,-5.74639104689291142780e-04,-5.76048005990113364677e-04,-5.74640742932551809585e-04,-2.15368351057135389926e-04,-2.50425626326393996856e-07,1.61670725290142596964e-15,1.60420153419748039718e-15,1.61670725290142596964e-15,True,1.60420153419748039718e-15,True,series tail and order change; rounding and minimizer search are not enclosed
268435456,28,joint_window,2.6,1.0556326237737972,64,2.21617460213419485704e-02,2.21610482655287752141e-02,2.06803632022220969244e-02,2.58176423146102618222e-01,5.17777336029919927060e-16,-6.28708247599523741000e-04,-6.30444148789197945926e-04,-6.28709867172966979654e-04,-2.65469516336665212197e-04,-2.47678981323617422151e-07,1.58334930486755134718e-15,1.57141820383843676155e-15,1.58334930486755134718e-15,True,1.57141820383843676155e-15,True,series tail and order change; rounding and minimizer search are not enclosed
268435456,28,joint_window,2.65,1.0567024819232933,64,2.37784846535543693824e-02,2.37778463289848376871e-02,2.21044018262925336116e-02,2.58439173520850273835e-01,5.14035453153298015383e-16,-6.85680576794621757242e-04,-6.87802368587758783391e-04,-6.85682178495039020005e-04,-3.24625559568349545108e-04,-2.45052888448441352557e-07,1.55355086611593665134e-15,1.54215941738954399513e-15,1.55355086611593665134e-15,True,1.54215941738954399513e-15,True,series tail and order change; rounding and minimizer search are not enclosed
268435456,28,joint_window,2.7,1.0577723400727894,64,2.54467311983672360431e-02,2.54461455101934533318e-02,2.35641411057486149794e-02,2.58701938896952865488e-01,5.10318036120580008437e-16,-7.45567602473499405763e-04,-7.48141614513422262972e-04,-7.45569187058232364651e-04,-3.93987793379161677955e-04,-2.42541439009678759710e-07,1.52676770986438965860e-15,1.51588081585599034833e-15,1.52676770986438965860e-15,True,1.51588081585599034833e-15,True,series tail and order change; rounding and minimizer search are not enclosed
268435456,28,joint_window,2.75,1.0588421982222855,64,2.71649663457250549470e-02,2.71644274424892723241e-02,2.50576824149744518955e-02,2.58964719310676882991e-01,5.06624944353742401232e-16,-8.08375710100616828163e-04,-8.11476203219791032695e-04,-8.08377278289125998645e-04,-4.74785210030613318791e-04,-2.40138954951460194022e-07,1.50254657464402489499e-15,1.49212956507278654892e-15,1.50254657464402489499e-15,True,1.49212956507278654892e-15,True,series tail and order change; rounding and minimizer search are not enclosed
268435456,28,joint_window,2.8,1.0599120563717817,64,2.89316364400601794271e-02,2.89311392620483845417e-02,2.65831400597549769027e-02,2.59227514798282321351e-01,5.02956037930866276941e-16,-8.74106437726098785268e-04,-8.77816084941034687622e-04,-8.74107990201732944213e-04,-5.68322981029535287921e-04,-2.37840020096465813620e-07,1.48050922203569009185e-15,1.47052831106238379383e-15,1.48050922203569009185e-15,True,1.47052831106238379383e-15,True,series tail and order change; rounding and minimizer search are not enclosed
268435456,28,joint_window,2.85,1.0609819145212778,64,3.07451621743397782160e-02,3.07447023293522421483e-02,2.81386496942041715308e-02,2.59490325396023235882e-01,4.99311177584363651766e-16,-9.42756754541244912371e-04,-9.47167107909738497512e-04,-9.42758291953090313275e-04,-6.75980516986089316998e-04,-2.35639492925212415316e-07,1.46033938963198977315e-15,1.45076202604835074514e-15,1.46033938963198977315e-15,True,1.45076202604835074514e-15,True,series tail and order change; rounding and minimizer search are not enclosed
268435456,28,joint_window,2.9,1.0620517726707739,64,3.26039464828789399276e-02,3.26035201439506330812e-02,2.97223755487164044420e-02,2.59753151140147742204e-01,4.95690224699196227012e-16,-1.01431933821777633953e-03,-1.01953127897937232543e-03,-1.01432086118254539270e-03,-7.99209130938760429000e-04,-2.33532513205354678707e-07,1.44177208078779276475e-15,1.43256719586099655243e-15,1.44177208078779276475e-15,True,1.43256719586099655243e-15,True,series tail and order change; rounding and minimizer search are not enclosed
268435456,28,joint_window,2.95,1.0631216308202698,64,3.45063816747803037144e-02,3.45059854955700115453e-02,3.13325165644698436229e-02,2.60015992066897239088e-01,4.92093041311086745591e-16,-1.08878284896675708165e-03,-1.09490701869130631352e-03,-1.08878435807060244128e-03,-9.39529350148643406689e-04,-2.31514491143125961624e-07,1.42458475554456517739e-15,1.41572291937899797107e-15,1.42458475554456517739e-15,True,1.41572291937899797107e-15,True,series tail and order change; rounding and minimizer search are not enclosed
268435456,28,joint_window,3.0,1.064191488969766,64,3.64508558520834843875e-02,3.64504868965628142652e-02,3.29673115297581462158e-02,2.60278848212507851745e-01,4.88519490104718121187e-16,-1.16613219860161806962e-03,-1.17328940937760223262e-03,-1.16613369440188383713e-03,-1.09852792191357409406e-03,-2.29581098304740359773e-07,1.40859007713349055311e-15,1.40004357790504804095e-15,1.40859007713349055311e-15,True,1.40004357790504804095e-15,True,series tail and order change; rounding and minimizer search are not enclosed
268435456,28,fixed_power,0.4673516767017189,1.01,64,8.34297134206033857420e-05,8.89030870783047040376e-10,8.89030859748090814317e-10,2.46982802406764012648e-01,7.02210792393058841393e-16,1.05238489250341772082e-05,1.93588121871898166670e-01,1.93588121361141951571e-01,2.25604411802461157777e+01,2.25604411341495030285e+01,6.77026306727593829181e-09,6.77026298472555068257e-09,2.46451499208433233434e-08,True,2.46451499208433233434e-08,True,series tail and order change; rounding and minimizer search are not enclosed
268435456,28,fixed_power,0.9347033534034378,1.02,64,1.56681302302009637078e-04,2.86903264877213845367e-05,2.86841787357967439626e-05,2.49433602775279067432e-01,6.57367441407962136636e-16,4.18985302830099715413e-06,1.58889270983317636122e-05,1.58854563557528572415e-05,1.76651780178506412344e-03,1.76599374148430840470e-03,2.51850413809847182488e-13,2.51804977482153581354e-13,1.00457207656556857245e-12,True,1.00430839859722009777e-12,True,series tail and order change; rounding and minimizer search are not enclosed
268435456,28,fixed_power,1.4020550301051566,1.03,64,9.43014326917045024069e-04,9.13411442080404008606e-04,9.09013631898211238794e-04,2.51885604726352130278e-01,6.15119179317306829544e-16,-1.41190914809763228520e-05,-1.41109239699883687487e-05,-1.41132324538598635062e-05,1.23740436796726574217e-06,8.87661587721697570031e-07,1.35608567360364060754e-14,1.35300143942626279769e-14,1.35608567360364060754e-14,True,1.35300143942626279769e-14,True,series tail and order change; rounding and minimizer search are not enclosed
268435456,28,fixed_power,2.3367583835085943,1.05,64,1.45556265127140711801e-02,1.45544472101400926972e-02,1.38470565024270790555e-02,2.56793332426625109388e-01,5.37886872588731785396e-16,-3.76129845607495703896e-04,-3.76652298405484456736e-04,-3.76131573366731298408e-04,-7.97198423526070056207e-05,-2.63634504351058805674e-07,1.81713779021590983328e-15,1.80182056199859414852e-15,1.81713779021590983328e-15,True,1.80182056199859414852e-15,True,series tail and order change; rounding and minimizer search are not enclosed
268435456,28,fixed_power,3.5051375752628866,1.075,64,5.80954886748862517343e-02,5.80952896668537818736e-02,5.05035378848362956350e-02,2.62935280264485649049e-01,4.53711590116804997635e-16,-2.10375397521209150931e-03,-2.13067791905656792051e-03,-2.10375536247718597505e-03,-4.15316178061735357535e-03,-2.13984145099191385123e-07,1.28784487540813725396e-15,1.28128958311342853094e-15,1.28784487540813725396e-15,True,1.28128958311342853094e-15,True,series tail and order change; rounding and minimizer search are not enclosed
268435456,28,fixed_power,4.673516767017189,1.1,64,1.16064006665789934414e-01,1.16063931192650182656e-01,9.30361202314286123150e-02,2.69085757582120721487e-01,3.81647087259406181161e-16,-5.18324498716459317049e-03,-5.37801508716082010686e-03,-5.18324623617779853268e-03,-3.04431371583694133920e-02,-1.95165008691073896054e-07,1.10888530244884771174e-15,1.10269704379317030549e-15,1.35655375821386314783e-15,True,1.10269704379317030549e-15,True,series tail and order change; rounding and minimizer search are not enclosed
268435456,28,fixed_power,7.010275150525773,1.15,64,2.31857428517113495214e-01,2.31857402815325880363e-01,1.66338193807252343603e-01,2.81414141449873145273e-01,2.67753125767527484985e-16,-1.33051381706110194436e-02,-1.48201489630627562810e-02,-1.33051393374958998317e-02,-2.44316981966596208364e-01,-1.87718113315920048966e-07,8.49026156466106191607e-16,8.38349617790408763650e-16,8.49026156466106191607e-16,True,8.38349617790408763650e-16,True,series tail and order change; rounding and minimizer search are not enclosed
268435456,28,fixed_power,9.347033534034367,1.2,64,3.27680013916317625089e-01,3.27680000000000026805e-01,2.19929072016202736828e-01,2.93782149799831859838e-01,1.85660647477735116084e-16,-2.16631664697891634930e-02,-2.62434250922506454029e-02,-2.16631676439668838241e-02,-7.64961724748853710842e-01,-1.94613963106803412947e-07,6.49901952191483316791e-16,6.34022898698608341522e-16,6.49901952191483316791e-16,True,6.34022898698608341522e-16,True,series tail and order change; rounding and minimizer search are not enclosed
268435456,28,fixed_power,11.683791917542962,1.25,64,4.03237411668618650484e-01,4.03237402439117431641e-01,2.59180357765401492287e-01,3.06193425614168013293e-01,1.27158890281189772502e-16,-2.89638477213944589561e-02,-3.83766091402316100734e-02,-2.89638489339958254964e-02,-1.63130516682129100836e+00,-2.06780086230531263271e-07,4.98175432145742461906e-16,4.81957919200963504892e-16,4.98175432145742461906e-16,True,4.81957919200963504892e-16,True,series tail and order change; rounding and minimizer search are not enclosed
268435456,28,fixed_power,14.020550301051557,1.3,64,4.63033558098280895177e-01,4.63033551265942477926e-01,2.88789010916076727131e-01,3.18651592588365506487e-01,8.59502543425497381873e-17,-3.47811819573627389879e-02,-5.06035094242040864310e-02,-3.47811832212091970318e-02,-2.84852377666146283630e+00,-2.21230873634879218936e-07,4.46889220015114370459e-16,4.94590649816192054030e-16,4.88498130835068877786e-15,True,2.42924692346810897937e-15,True,series tail and order change; rounding and minimizer search are not enclosed
268435456,28,fixed_power,18.694067068068733,1.4,64,5.50334082432769711168e-01,5.50334077948180566686e-01,3.30145309393032881928e-01,3.43723018532124391378e-01,3.75641078659009409959e-17,-4.17827926723007558873e-02,-7.42361004960326587021e-02,-4.17827940512735113154e-02,-6.31388302286379232697e+00,-2.52349976486628500251e-07,2.27321927024971551820e-15,4.07368120753697602172e-15,1.27009514017117908224e-13,True,4.07368120753697602172e-15,True,series tail and order change; rounding and minimizer search are not enclosed
268435456,28,fixed_power,23.367583835085924,1.5,64,6.10351565863503919829e-01,6.10351562500000000000e-01,3.57509534293642405878e-01,3.69025157164765693629e-01,1.52863260928892972912e-17,-4.32373071125538438464e-02,-9.60418059041333177506e-02,-4.32373086077512125414e-02,-1.11076922247354747952e+01,-2.83078777318243382409e-07,1.07415229863463391550e-14,1.92328817404940753480e-14,4.93827201353269629180e-13,True,1.92328817404940753480e-14,True,series tail and order change; rounding and minimizer search are not enclosed
1073741824,30,joint_window,0.0,1.0,96,3.01820652041078499794e-05,0.00000000000000000000e+00,0.00000000000000000000e+00,2.44533173793497621284e-01,7.49786258826540693388e-16,7.54556188699806001637e-06,2.38748120932375240688e-01,2.38748120932375240688e-01,2.63680888185596131734e+01,2.63680888185596131734e+01,4.27823818066015744331e-08,4.27823818066015744331e-08,7.60965477297759207431e-08,True,7.60965477297759207431e-08,True,series tail and order change; rounding and minimizer search are not enclosed
1073741824,30,joint_window,0.05,1.0009985342728631,96,3.10475719848270521471e-05,4.54561605080450584679e-91,4.54561605080450584679e-91,2.44777725795966100142e-01,7.44908886420206021819e-16,7.32210551534142918822e-06,2.38987774571736533158e-01,2.38987774571736533158e-01,2.63940626354675949017e+01,2.63940626354675949017e+01,4.25833760009850982861e-08,4.25833760009850982861e-08,7.57452056632246240042e-08,True,7.57452056632246240042e-08,True,series tail and order change; rounding and minimizer search are not enclosed
1073741824,30,joint_window,0.1,1.001997068545726,96,3.19757286771922053892e-05,6.48770085108151333241e-46,6.48770085108114461876e-46,2.45022289213550292786e-01,7.40060027418024961193e-16,7.09487439999781542501e-06,2.39227452206039858940e-01,2.39227452206039858940e-01,2.64200334903418472265e+01,2.64200334903418472265e+01,4.23851011924400501486e-08,4.23851011924400501486e-08,7.53951390208840166451e-08,True,7.53951390208840166451e-08,True,series tail and order change; rounding and minimizer search are not enclosed
1073741824,30,joint_window,0.15,1.0029956028185891,96,3.29744254454049660810e-05,7.30448019910885764280e-31,7.30448019910916855590e-31,2.45266864076018803464e-01,7.35239537963178572466e-16,6.86352942555551377599e-06,2.39467153892721801300e-01,2.39467153892721801300e-01,2.64460014150137787681e+01,2.64460014150137787681e+01,4.21875557977610877687e-08,4.21875557977610877687e-08,7.50463335918993834639e-08,True,7.50463335918993834639e-08,True,series tail and order change; rounding and minimizer search are not enclosed
1073741824,30,joint_window,0.2,1.003994137091452,96,3.40529845229112400340e-05,2.45096959799039373210e-23,2.45096959799028911310e-23,2.45511450413134157955e-01,7.30447274754201359316e-16,6.62768835943662843835e-06,2.39706879689196489247e-01,2.39706879689196489247e-01,2.64719664460800743200e+01,2.64719664460800743200e+01,4.19907382314856849091e-08,4.19907382314856849091e-08,7.46987858235570456600e-08,True,7.46987858235570456600e-08,True,series tail and order change; rounding and minimizer search are not enclosed
1073741824,30,joint_window,0.25,1.0049926713643151,96,3.52225046332659358036e-05,8.03131344127528343223e-19,8.03131344127522661729e-19,2.45756048254653663987e-01,7.25683095044238654202e-16,6.38691789812176534494e-06,2.39946629456694537907e-01,2.39946629456694537907e-01,2.64979286098576913844e+01,2.64979286098576913844e+01,4.17946434144791152078e-08,4.17946434144791152078e-08,7.43524886104296456324e-08,True,7.43524886104296456324e-08,True,series tail and order change; rounding and minimizer search are not enclosed
1073741824,30,joint_window,0.3,1.0059912056371783,96,3.64963099598155429068e-05,8.22404065432440699636e-16,8.22404065432417329632e-16,2.46000657630329383485e-01,7.20946856640306272405e-16,6.14072377400383322501e-06,2.40186202737825704734e-01,2.40186202737825704734e-01,2.65238716851547202680e+01,2.65238716851547202680e+01,4.15957210912800070443e-08,4.15957210912800070443e-08,7.40025676293498690939e-08,True,7.40025676293498690939e-08,True,series tail and order change; rounding and minimizer search are not enclosed
1073741824,30,joint_window,0.35,1.0069897399100411,96,3.78905424449446528827e-05,1.16224642609600373619e-13,1.16224642609337764979e-13,2.46245278569907660726e-01,7.16238417902526500246e-16,5.88853832629381110131e-06,2.40397755031761778399e-01,2.40397755031761722888e-01,2.65475371551979790752e+01,2.65475371551979755225e+01,4.09079873956557440917e-08,4.09079873956546191261e-08,7.29800078147491149139e-08,True,7.29800078147491149139e-08,True,series tail and order change; rounding and minimizer search are not enclosed
1073741824,30,joint_window,0.4,1.0079882741829043,96,3.94249533700764001826e-05,4.76384504332584204586e-12,4.76384504293486753608e-12,2.46489911103129927250e-01,7.11557637743349785191e-16,5.62970471524850413756e-06,2.39502234589455798019e-01,2.39502234589360568640e-01,2.64813154646343846821e+01,2.64813154646266397663e+01,2.61478781845902483873e-08,2.61478781836998976458e-08,5.12986026990347454557e-08,True,5.12986098044621030567e-08,True,series tail and order change; rounding and minimizer search are not enclosed
1073741824,30,joint_window,0.45,1.0089868084557672,64,4.11239762451269191628e-05,8.55555112701621767923e-11,8.55555111572541299044e-11,2.46734555259732174504e-01,7.06904375626774552416e-16,5.36345663453482888940e-06,2.21013329544123893200e-01,2.21013329519267942569e-01,2.49532277110399398623e+01,2.49532277089338236920e+01,1.74504029767296095941e-08,1.74504029538976512124e-08,6.03274479260562657146e-08,True,6.03274479260562657146e-08,True,series tail and order change; rounding and minimizer search are not enclosed
1073741824,30,joint_window,0.5,1.0099853427286303,64,4.30182033473010410371e-05,8.62342966615112038662e-10,8.62342956218559230313e-10,2.46979211069444870574e-01,7.02278491567537833521e-16,5.08889189791538197648e-06,1.12039276858184558283e-01,1.12039275982023622813e-01,1.44282040758006004921e+01,1.44282039792452732030e+01,1.80039063377547703828e-09,1.80039061258237086559e-09,7.75649589002114225877e-09,True,7.75649589002114225877e-09,True,series tail and order change; rounding and minimizer search are not enclosed
1073741824,30,joint_window,0.55,1.0109838770014934,64,4.51464517330714453294e-05,5.71044086379604276172e-09,5.71044044643565901143e-09,2.47223878561992987946e-01,6.97679846130308853466e-16,4.80493756434288808445e-06,2.01599218832781597321e-02,2.01599204099322734662e-02,2.94495544380343243773e+00,2.94495523486600907503e+00,2.76299498383259324563e-10,2.76299478225890398678e-10,1.50137235976899319212e-09,True,1.50137235976899319212e-09,True,series tail and order change; rounding and minimizer search are not enclosed
1073741824,30,joint_window,0.6,1.0119824112743563,64,4.75587064817119321868e-05,2.75948117037651916146e-08,2.75948027077053444795e-08,2.47468557767097058209e-01,6.93108300428859247509e-16,4.51030317080170916629e-06,4.17602266024309429215e-03,4.17602129883675246558e-03,6.24299837380331013037e-01,6.24299634907078626611e-01,5.70133163885509676904e-11,5.70132978141993785184e-11,3.24444471289098146372e-10,True,3.24444249244493221340e-10,True,series tail and order change; rounding and minimizer search are not enclosed
1073741824,30,joint_window,0.65,1.0129809455472194,64,5.03203958794422708195e-05,1.04647772403415182593e-07,1.04647652152561228343e-07,2.47713248714471562240e-01,6.88563716125221445228e-16,4.20341695451395476094e-06,1.10227404118329709928e-03,1.10227277455828042221e-03,1.65149052590421813180e-01,1.65148862405514490481e-01,1.49947490910848214211e-11,1.49947318967488402637e-11,8.59152471388568983457e-11,True,8.59151638721300514590e-11,True,series tail and order change; rounding and minimizer search are not enclosed
1073741824,30,joint_window,0.7,1.0139794798200823,64,5.35187321014486691389e-05,3.28043919980461117271e-07,3.28042815192869890414e-07,2.47957951433825762866e-01,6.84045955428844194920e-16,3.88233726320901241334e-06,3.51977220831986548598e-04,3.51976035433312743356e-04,5.24297317092904321956e-02,5.24295532592403759620e-02,4.78297609698044831282e-12,4.78296008784489806400e-12,2.72622271979550134802e-11,True,2.72621161756525509645e-11,True,series tail and order change; rounding and minimizer search are not enclosed
1073741824,30,joint_window,0.75,1.0149780140929454,64,5.72723252086752458246e-05,8.83026137630484212352e-07,8.83018615380175631089e-07,2.48202665954863982423e-01,6.79554881095721365338e-16,3.54462702929029388059e-06,1.30882923533132047161e-04,1.30881808517555948057e-04,1.91923214828491096873e-02,1.91921534608878348316e-02,1.78598593655984604797e-12,1.78597095537801315738e-12,1.00048129503260696538e-11,True,1.00047262141522708134e-11,True,series tail and order change; rounding and minimizer search are not enclosed
1073741824,30,joint_window,0.8,1.0159765483658085,64,6.17460964518538565123e-05,2.10019571684638533461e-06,2.10015555468782987475e-06,2.48447392307285297441e-01,6.75090356427523508447e-16,3.18717208701468143474e-06,5.50694184831253136518e-05,5.50683650417335915513e-05,7.82313225587314559073e-03,7.82297342376397746022e-03,7.61635685447118774962e-13,7.61621604384545411065e-13,4.11358273832984622231e-12,True,4.11350294104995128919e-12,True,series tail and order change; rounding and minimizer search are not enclosed
1073741824,30,joint_window,0.85,1.0169750826386714,64,6.71749363221864012347e-05,4.51104189840738794323e-06,4.51086633973567040874e-06,2.48692130520782872516e-01,6.70652245270707728494e-16,2.80591231682391900045e-06,2.56315177939107101325e-05,2.56305186740243202731e-05,3.44308102239950430609e-03,3.44293031742544169624e-03,3.64568790257579023112e-13,3.64555504050520081400e-13,1.84315496892795138706e-12,True,1.84307734005240142494e-12,True,series tail and order change; rounding and minimizer search are not enclosed
1073741824,30,joint_window,0.9,1.0179736169115345,64,7.39019836763467265379e-05,8.90026673276500814263e-06,8.89961701829897467418e-06,2.48936880625045930948e-01,6.66240412015615718174e-16,2.39543494558283066029e-06,1.29392657353780340262e-05,1.29383148954485537063e-05,1.59101909230283350243e-03,1.59087561689575936012e-03,1.93317274527621704384e-13,1.93304695481179947411e-13,8.77806291196825405621e-13,True,8.77732999129965385521e-13,True,series tail and order change; rounding and minimizer search are not enclosed
1073741824,30,joint_window,0.95,1.0189721511843974,64,8.24413408152675742605e-05,1.63479438170440141849e-05,1.63458535540480050978e-05,2.49181642649757062458e-01,6.61854721595571005932e-16,1.94834719565052452163e-06,6.93197296170904655603e-06,6.93106531759166340380e-06,7.52263498510680520513e-04,7.52126493359056070599e-04,1.12199405680934097135e-13,1.12187459979223589807e-13,4.34102189958429640626e-13,True,4.34032801019390568342e-13,True,series tail and order change; rounding and minimizer search are not enclosed
1073741824,30,joint_window,1.0,1.0199706854572606,64,9.35804090806915982908e-05,2.82564182702051181243e-05,2.82504474370677996866e-05,2.49426416624594721183e-01,6.57495039485949086169e-16,1.45429645325339789038e-06,3.80820144004294155603e-06,3.80733267682779799991e-06,3.55434158959680934157e-04,3.55302978207989973106e-04,7.03293389542237277865e-14,7.03179638932992901878e-14,2.17943610207604887563e-13,True,2.17877040194214277591e-13,True,series tail and order change; rounding and minimizer search are not enclosed
1073741824,30,joint_window,1.05,1.0209692197301234,64,1.08540341791038425228e-04,4.63593406373473911389e-05,4.63439361837250651810e-05,2.49671202579231588103e-01,6.53161231703252677045e-16,8.98445700401435086435e-07,1.98667013517803166251e-06,1.98583657101104308804e-06,1.64374132821319842270e-04,1.64248224821394414900e-04,4.68757490826552867503e-14,4.68648909636971685922e-14,1.08664677733391612513e-13,True,1.08600709805214967751e-13,True,series tail and order change; rounding and minimizer search are not enclosed
1073741824,30,joint_window,1.1,1.0219677540029866,64,1.29199253793261126938e-04,7.27126525148013240886e-05,7.26762525520426266694e-05,2.49916000543335486972e-01,6.48853164804160354231e-16,2.59189210224303244554e-07,7.43995748475703258290e-07,7.43194250339364634967e-07,7.32534039273219676151e-05,7.31322990758853582220e-05,3.26676119049672287353e-14,3.26572244089670238933e-14,5.27146956728202775722e-14,True,5.26545360047744881449e-14,True,series tail and order change; rounding and minimizer search are not enclosed
1073741824,30,joint_window,1.15,1.0229662882758497,64,1.58315296664327643346e-04,1.09669277860735312033e-04,1.09589587755207456925e-04,2.50160810546568912471e-01,6.44570705884579326175e-16,-4.94926797941288047419e-07,-2.88113631485524201927e-07,-2.88885659596398085909e-07,3.12594751212095603465e-05,3.11427843590952936636e-05,2.34330076351825106162e-14,2.34230505554386162800e-14,2.45067705820396775085e-14,True,2.44491587890992290166e-14,True,series tail and order change; rounding and minimizer search are not enclosed
1073741824,30,joint_window,1.2,1.0239648225487126,64,1.99549084967778320209e-04,1.59840546660640678680e-04,1.59677345431990109744e-04,2.50405632618589391036e-01,6.40313722578676614302e-16,-1.40845221136216811639e-06,-1.32338447643434993875e-06,-1.32412897812754837604e-06,1.28621176340301817688e-05,1.27495500766137512152e-05,1.71026030331196649500e-14,1.70930412784863789906e-14,1.71026030331196649500e-14,True,1.70930412784863789906e-14,True,series tail and order change; rounding and minimizer search are not enclosed
1073741824,30,joint_window,1.21,1.0241645294032853,64,2.09614830865275834307e-04,1.71705750058719774790e-04,1.71518756347578541551e-04,2.50454598483857482361e-01,6.39465371380779393006e-16,-1.61525724015695469529e-06,-1.54423607842933831953e-06,-1.54497522977292800592e-06,1.07390089823982805913e-05,1.06272429695436833352e-05,1.60826780099921161425e-14,1.60731915021530074007e-14,1.60826780099921161425e-14,True,1.60731915021530074007e-14,True,series tail and order change; rounding and minimizer search are not enclosed
1073741824,30,joint_window,1.22,1.0243642362578578,64,2.20365879643027887200e-04,1.84235329846189926266e-04,1.84021564191120694026e-04,2.50503564833300218506e-01,6.38618032880519749346e-16,-1.83131780882190566776e-06,-1.77205263970788256655e-06,-1.77278646987038494137e-06,8.96199691137249484672e-06,8.85102813888709151285e-06,1.51303539727557422908e-14,1.51209415144871943169e-14,1.51303539727557422908e-14,True,1.51209415144871943169e-14,True,series tail and order change; rounding and minimizer search are not enclosed
1073741824,30,joint_window,1.23,1.0245639431124305,64,2.31835243674491641450e-04,1.97452947984282415304e-04,1.97209121684556909666e-04,2.50552531667155131689e-01,6.37771706026701577108e-16,-2.05720219359770476169e-06,-2.00776093959351465443e-06,-2.00848946565212020947e-06,7.47693441038779924512e-06,7.36676040155880389724e-06,1.42407534052589833298e-14,1.42314138297351375365e-14,1.42407534052589833298e-14,True,1.42314138297351375365e-14,True,series tail and order change; rounding and minimizer search are not enclosed
1073741824,30,joint_window,1.24,1.024763649967003,64,2.44055158801139983034e-04,2.11382480541966275445e-04,2.11104970692942844890e-04,2.50601498985658810437e-01,6.36926389768989515933e-16,-2.29349883730437626665e-06,-2.25225614148313706131e-06,-2.25297936684389741462e-06,6.23749160392486270429e-06,6.12811194895286417430e-06,1.34094746196126816279e-14,1.34002067895011755010e-14,1.34094746196126816279e-14,True,1.34002067895011755010e-14,True,series tail and order change; rounding and minimizer search are not enclosed
1073741824,30,joint_window,1.25,1.0249633568215757,64,2.57056953019098506120e-04,2.26047999423651096301e-04,2.25732822597307951004e-04,2.50650466789049064520e-01,6.36082083057901752960e-16,-2.54081498547390215214e-06,-2.50640693490396902353e-06,-2.50712484749022383821e-06,5.20417433616179276814e-06,5.09559096672554006681e-06,1.26325164349842396120e-14,1.26233192415827795172e-14,1.26325164349842396120e-14,True,1.26233192415827795172e-14,True,series tail and order change; rounding and minimizer search are not enclosed
1073741824,30,joint_window,1.26,1.0251630636761482,64,2.70870963091100671466e-04,2.41473754067480112515e-04,2.41116538613487103827e-04,2.50699435077562926555e-01,6.35238784844817221186e-16,-2.79977526736794690796e-06,-2.77105997522474897061e-06,-2.77177254540683513017e-06,4.34344026304429711228e-06,4.23565776608797989026e-06,1.19062160909635884111e-14,1.18970884533754779296e-14,1.19062160909635884111e-14,True,1.18970884533754779296e-14,True,series tail and order change; rounding and minimizer search are not enclosed
1073741824,30,joint_window,1.27,1.025362770530721,64,2.85526497928907880067e-04,2.57684153151024680165e-04,2.57280110096262052809e-04,2.50748403851437151602e-01,6.34396494081967119208e-16,-3.07102026898797684671e-06,-3.04704371830088408934e-06,-3.04775089653901241210e-06,3.62690490787665757160e-06,3.51993088288855404322e-06,1.12271988954397742687e-14,1.12181397597870790869e-14,1.12271988954397742687e-14,True,1.12181397597870790869e-14,True,series tail and order change; rounding and minimizer search are not enclosed
1073741824,30,joint_window,1.28,1.0255624773852934,64,3.01051844402129261183e-04,2.74703746338555195982e-04,2.74247638865569094875e-04,2.50797373110909049831e-01,6.33555209722443292868e-16,-3.35520514023773428706e-06,-3.33517173281693978144e-06,-3.33587344698739322098e-06,3.03063158003019422412e-06,2.92447704434544445757e-06,1.05923380474573964048e-14,1.05833463861295590350e-14,1.05923380474573964048e-14,True,1.05833463861295590350e-14,True,series tail and order change; rounding and minimizer search are not enclosed
1073741824,30,joint_window,1.29,1.025762184239866,64,3.17474308866715830384e-04,2.92557206103432156704e-04,2.92043317591090981038e-04,2.50846342856216097950e-01,6.32714930720188966142e-16,-3.65299827117190764820e-06,-3.63624556091095101334e-06,-3.63694171328106234144e-06,2.53449980236493648266e-06,2.42917964973777050970e-06,9.99872305565824007126e-15,9.98979786659514097326e-15,9.99872305565824007126e-15,True,9.98979786659514097326e-15,True,series tail and order change; rounding and minimizer search are not enclosed
1073741824,30,joint_window,1.3,1.0259618910944386,64,3.34820286319601867053e-04,3.11269309656445264996e-04,3.10691410268837983448e-04,2.50895313087595106527e-01,6.31875656030006925571e-16,-3.96508006367679853880e-06,-3.95105718737439362250e-06,-3.95174765119252630876e-06,2.12164714767025777668e-06,2.01718066524757501642e-06,9.44363521038981623799e-15,9.43477551639731076579e-15,9.44363521038981623799e-15,True,9.43477551639731076579e-15,True,series tail and order change; rounding and minimizer search are not enclosed
1073741824,30,joint_window,1.31,1.0261615979490113,64,3.53115348662613032487e-04,3.30864921010356571700e-04,3.30216232822926557787e-04,2.50944283805283330224e-01,6.31037384607551533040e-16,-4.29214181603392453800e-06,-4.28039116906517682400e-06,-4.28107578472640339529e-06,1.77797934561537737342e-06,1.67439079528263347923e-06,8.92452866461446092814e-15,8.91573351271149122360e-15,8.92452866461446092814e-15,True,8.91573351271149122360e-15,True,series tail and order change; rounding and minimizer search are not enclosed
1073741824,30,joint_window,1.32,1.026361304803584,64,3.72384343947602242369e-04,3.51368973208101415245e-04,3.50642133862942074508e-04,2.50993255009517801657e-01,6.30200115409334740848e-16,-4.63488472936448702311e-06,-4.62502646881688160097e-06,-4.62570503956282098488e-06,1.49174335266394505408e-06,1.38906262307495734473e-06,8.43901582614966495403e-15,8.43028428694499987831e-15,8.43901582614966495403e-15,True,8.43028428694499987831e-15,True,series tail and order change; rounding and minimizer search are not enclosed
1073741824,30,joint_window,1.33,1.0265610116581565,64,3.92651499455396954270e-04,3.72806450741464221344e-04,3.71993475626795206106e-04,2.51042226700535497930e-01,6.29363847392722837654e-16,-4.99401903764001500611e-06,-4.98573803192208935041e-06,-4.98641031903335793084e-06,1.25315790701065653213e-06,1.15142124261693885778e-06,7.98485594487720915106e-15,7.97618711197504705887e-15,7.98485594487720915106e-15,True,7.97618711197504705887e-15,True,series tail and order change; rounding and minimizer search are not enclosed
1073741824,30,joint_window,1.34,1.0267607185127292,64,4.13940522786903351057e-04,3.95202372184769374405e-04,3.94294615136679498218e-04,2.51091198878573840236e-01,6.28528579515934081894e-16,-5.37026325703598712401e-06,-5.36329813798421954933e-06,-5.36396385541572427811e-06,1.05409599307429047283e-06,9.53346807717460101962e-07,7.55994597478223104602e-15,7.55133896421527542976e-15,7.55994597478223104602e-15,True,7.55133896421527542976e-15,True,series tail and order change; rounding and minimizer search are not enclosed
1073741824,30,joint_window,1.35,1.0269604253673017,64,4.36274696595054212959e-04,4.18581773066413953197e-04,4.17569885594055837958e-04,2.51140171543869750170e-01,6.27694310738043632163e-16,-5.76434354607986357147e-06,-5.75847755642947483441e-06,-5.75913636484179218035e-06,8.87813663966612936094e-07,7.88103446144609199808e-07,7.16231298482619547858e-15,7.15376693451459893924e-15,7.16231298482619547858e-15,True,7.15376693451459893924e-15,True,series tail and order change; rounding and minimizer search are not enclosed
1073741824,30,joint_window,1.36,1.0271601322218744,64,4.59676963989551331993e-04,4.42969689000286708826e-04,4.41843578038946221530e-04,2.51189144696660038303e-01,6.26861040018977137718e-16,-6.17699316521963732226e-06,-6.17204653016406812544e-06,-6.17269803029549935349e-06,7.48719815899122205337e-07,6.50109134130090838453e-07,6.79010757151200323879e-15,6.78162164074764809148e-15,6.79010757151200323879e-15,True,6.78162164074764809148e-15,True,series tail and order change; rounding and minimizer search are not enclosed
1073741824,30,joint_window,1.37,1.027359839076447,64,4.84170002884721725495e-04,4.68391139096233902108e-04,4.67139923295793648567e-04,2.51238118337182236850e-01,6.26028766319516852154e-16,-6.60895202290522705470e-06,-6.60477560856494248353e-06,-6.60541933389057725652e-06,6.32181772503542567571e-07,5.34741388951621228819e-07,6.44159788118999980822e-15,6.43317125014457388799e-15,6.44159788118999980822e-15,True,6.43317125014457388799e-15,True,series tail and order change; rounding and minimizer search are not enclosed
1073741824,30,joint_window,1.38,1.0275595459310196,64,5.09776288578283752646e-04,4.94871109668703289784e-04,4.93483074228232899451e-04,2.51287092465673267405e-01,6.25197488601294533651e-16,-7.06096629483901551579e-06,-7.05743634822398907980e-06,-7.05807175684067581410e-06,5.34361887351643548762e-07,4.38173989008056318763e-07,6.11516397768308221944e-15,6.10679584693901666499e-15,6.11516397768308221944e-15,True,6.10679584693901666499e-15,True,series tail and order change; rounding and minimizer search are not enclosed
1073741824,30,joint_window,1.39,1.027759252785592,64,5.36518144622525803254e-04,5.22434538259599224458e-04,5.20897088321973416106e-04,2.51336067082369996051e-01,6.24367205826797854472e-16,-7.53378810336675713236e-06,-7.53080189744093693883e-06,-7.53142836311699735881e-06,4.52080785181131111324e-07,3.57240341907653938096e-07,5.80929239051915620487e-15,5.80098198062241547826e-15,5.80929239051915620487e-15,True,5.80098198062241547826e-15,True,series tail and order change; rounding and minimizer search are not enclosed
1073741824,30,joint_window,1.4,1.0279589596401648,64,5.64417782598632708328e-04,5.51106297991579428992e-04,5.49405910615123876245e-04,2.51385042187509399891e-01,6.23537916959363399822e-16,-8.02817524489968540810e-06,-8.02564747843227091657e-06,-8.02626428075549043853e-06,3.82703306244180097808e-07,2.89319565793781001256e-07,5.52257075307308100695e-15,5.51431730410650589525e-15,5.52257075307308100695e-15,True,5.51431730410650589525e-15,True,series tail and order change; rounding and minimizer search are not enclosed
1073741824,30,joint_window,1.41,1.0281586664947373,64,5.93497331753412515030e-04,5.80911182264809509285e-04,5.79033356992250712938e-04,2.51434017781329122165e-01,6.22709620963183274556e-16,-8.54489095444947732456e-06,-8.54275077942032320076e-06,-8.54335709297587852801e-06,3.24043669428651243729e-07,2.32241799846123056644e-07,5.25368249198067921019e-15,5.24548526315756568713e-15,5.25368249198067921019e-15,True,5.24548526315756568713e-15,True,series tail and order change; rounding and minimizer search are not enclosed
1073741824,30,joint_window,1.42,1.02835837334931,64,6.23778859651146671064e-04,6.11873889810783081096e-04,6.09803097858585725632e-04,2.51482993864065418332e-01,6.21882316803297411790e-16,-9.08470369777986640203e-06,-9.08289226728065579499e-06,-9.08348714978517266135e-06,2.74286808302389668278e-07,1.84209698940811984401e-07,5.00140156339045563071e-15,4.99325983266651102194e-15,5.00140156339045563071e-15,True,4.99325983266651102194e-15,True,series tail and order change; rounding and minimizer search are not enclosed
1073741824,30,joint_window,1.43,1.0285580802038825,64,6.55284385061819679187e-04,6.44019010113335856581e-04,6.41738642207872263430e-04,2.51531970435955931631e-01,6.21056003445600869859e-16,-9.64838698306962581908e-06,-9.64685543006887078529e-06,-9.64743780938652018084e-06,2.31923248726860549448e-07,1.43733481164225188158e-07,4.76458725217129870254e-15,4.75650031587487496925e-15,4.76458725217129870254e-15,True,4.75650031587487496925e-15,True,series tail and order change; rounding and minimizer search are not enclosed
1073741824,30,joint_window,1.44,1.0287577870584552,64,6.88035884295459267655e-04,6.77371009207968660139e-04,6.74863322097646778537e-04,2.51580947497237139565e-01,6.20230679856835943711e-16,-1.02367191853933555334e-05,-1.02354269576519719877e-05,-1.02359956176112083890e-05,1.95695275056738208846e-07,1.09577276308753697894e-07,4.54217906069779810895e-15,4.53414623317692392439e-15,4.54217906069779810895e-15,True,4.53414623317692392439e-15,True,series tail and order change; rounding and minimizer search are not enclosed
1073741824,30,joint_window,1.45,1.0289574939130277,64,7.22055292119434528712e-04,7.11954215866997881974e-04,7.09200277542610529879e-04,2.51629925048146407818e-01,6.19406345004599067437e-16,-1.08504833785592723220e-05,-1.08493968676420387024e-05,-1.08499504325725867155e-05,1.64552473040118628900e-07,8.07148633193067623379e-08,4.33319171744998838620e-15,4.32521233073570302291e-15,4.33319171744998838620e-15,True,4.32521233073570302291e-15,True,series tail and order change; rounding and minimizer search are not enclosed
1073741824,30,joint_window,1.46,1.0291572007676004,64,7.57364498295016856134e-04,7.47792808179311720672e-04,7.44772441837484341746e-04,2.51678903088921046560e-01,6.18582997857333418706e-16,-1.14904671700153461792e-05,-1.14895585830193820969e-05,-1.14900955009213258775e-05,1.37615036822211655892e-07,5.62931852734745621260e-08,4.13671033474560267327e-15,4.12878373823035792238e-15,4.13671033474560267327e-15,True,4.12878373823035792238e-15,True,series tail and order change; rounding and minimizer search are not enclosed
1073741824,30,joint_window,1.47,1.029356907622173,64,7.93985340647985495498e-04,7.84910800529832193388e-04,7.81602527317441179294e-04,2.51727881619797089208e-01,6.17760637384335919899e-16,-1.21574625354837492037e-05,-1.21567089670429877984e-05,-1.21572274913001835295e-05,1.14143489851068919089e-07,3.56022916449966636610e-08,3.95188574137345691507e-15,3.94401130150413738704e-15,3.95188574137345691507e-15,True,3.94401130150413738704e-15,True,series tail and order change; rounding and minimizer search are not enclosed
1073741824,30,joint_window,1.48,1.0295566144767456,64,8.31939595467743871031e-04,8.23332030985337855016e-04,8.19713011565145668186e-04,2.51776860641012512065e-01,6.16939262555749250895e-16,-1.28522656508615564690e-05,-1.28516483204465251306e-05,-1.28521464899898483396e-05,9.35136925770733764994e-08,1.80505817649911188031e-08,3.77793001096413104266e-15,3.77010711094849062548e-15,3.77793001096413104266e-15,True,3.77010711094849062548e-15,True,series tail and order change; rounding and minimizer search are not enclosed
1073741824,30,joint_window,1.49,1.0297563213313181,64,8.71248965908152646180e-04,8.63080149089545732403e-04,8.59126124070126772139e-04,2.51825840152803681615e-01,6.16118872342569146036e-16,-1.35756767195846435618e-05,-1.35751803453062119603e-05,-1.35756559631309317278e-05,7.51962017818776857125e-08,3.14441450843818077621e-09,3.61411220157565604851e-15,3.60634024110166959664e-15,3.61411220157565604851e-15,True,3.60634024110166959664e-15,True,series tail and order change; rounding and minimizer search are not enclosed
1073741824,30,joint_window,1.5,1.0299560281858908,64,9.11935068955524994784e-04,9.04178604072110206173e-04,8.99863833347396935118e-04,2.51874820155407741495e-01,6.15299465716636406908e-16,-1.43284997942700866253e-05,-1.43281120795199024345e-05,-1.43285626894613390232e-05,5.87392072656018685919e-08,-9.52869003758890445714e-09,3.45975431670921533345e-15,3.45203271200660192974e-15,3.45975431670921533345e-15,True,3.45203271200660192974e-15,True,series tail and order change; rounding and minimizer search are not enclosed
1073741824,30,joint_window,1.51,1.0301557350404633,64,9.54019421428364388510e-04,9.46650633472551484952e-04,9.41947834518713843048e-04,2.51923800649061668810e-01,6.14481041650644593733e-16,-1.51115425918672136030e-05,-1.51112538053638087920e-05,-1.51116766670222310619e-05,4.37544057198571203008e-08,-2.03138950892100282178e-08,3.31422749319219810475e-15,3.30655567612799321597e-15,3.31422749319219810475e-15,True,3.30655567612799321597e-15,True,series tail and order change; rounding and minimizer search are not enclosed
1073741824,30,joint_window,1.52,1.030355441895036,64,9.97523425389230293872e-04,9.90519252181906685248e-04,9.85399537361626633863e-04,2.51972781634002329643e-01,6.13663599118131347907e-16,-1.59256163019651578172e-05,-1.59254189352517447516e-05,-1.59258109969661373461e-05,2.99052863117839611256e-08,-2.95004646454191493792e-08,3.17694841720210400575e-15,3.16932583525667061687e-15,3.17694841720210400575e-15,True,3.16932583525667061687e-15,True,series tail and order change; rounding and minimizer search are not enclosed
1073741824,30,joint_window,1.53,1.0305551487496085,64,1.04246835327213307164e-03,1.03580724190138837720e-03,1.03024005482744941339e-03,2.52021763110466867630e-01,6.12847137093486477814e-16,-1.67715353881410804329e-05,-1.67714238774496120308e-05,-1.67717817472113500145e-05,1.68973944281195175698e-08,-3.73311861735425040594e-08,3.04737596626073281319e-15,3.03980208240003616932e-15,3.04737596626073281319e-15,True,3.03980208240003616932e-15,True,series tail and order change; rounding and minimizer search are not enclosed
1073741824,30,joint_window,1.54,1.0307548556041812,64,1.08887533296891415857e-03,1.08253714101926869738e-03,1.07649019203167532581e-03,2.52070745078692093344e-01,6.12031654551943182754e-16,-1.76501173825015006316e-05,-1.76500878842556136773e-05,-1.76504077984456690751e-05,4.47021716054808331946e-09,-4.40101537875538577598e-08,2.92500807225024794553e-15,2.91748236469418248690e-15,2.92500807225024794553e-15,True,2.91748236469418248690e-15,True,series tail and order change; rounding and minimizer search are not enclosed
1073741824,30,joint_window,1.55,1.0309545624587537,64,1.13676533306220593766e-03,1.13073123490365170553e-03,1.12417043571597053894e-03,2.52119727538914650822e-01,6.11217150469586040163e-16,-1.85621826736808315933e-05,-1.85622328848347511662e-05,-1.85625106746770140737e-05,-7.60960036588778951976e-09,-4.97092041662797846722e-08,2.80937879859951327142e-15,2.80190076038407457576e-15,2.80937879859951327142e-15,True,2.80190076038407457576e-15,True,series tail and order change; rounding and minimizer search are not enclosed
1073741824,30,joint_window,1.56,1.0311542693133264,64,1.18615914835236858221e-03,1.18041154661102155356e-03,1.17330094418372399452e-03,2.52168710491372016769e-01,6.10403623823342525348e-16,-1.95085542887373896825e-05,-1.95086833047390477685e-05,-1.95089143603492665147e-05,-1.95539483616984251506e-08,-5.45732437614839064214e-08,2.70005562202544291099e-15,2.69262476111677331460e-15,2.70005562202544291099e-15,True,2.69262476111677331460e-15,True,series tail and order change; rounding and minimizer search are not enclosed
1073741824,30,joint_window,1.57,1.0313539761678991,64,1.23707738578714707481e-03,1.23159982800680948938e-03,1.22390153770672799674e-03,2.52217693936300613178e-01,6.09591073590989815424e-16,-2.04900576694137749514e-05,-2.04902658738744458070e-05,-2.04904451057839789418e-05,-3.15580510720655533574e-08,-5.87246628722508745790e-08,2.59663691073721939780e-15,2.58925274983361376911e-15,2.59663691073721939780e-15,True,2.58925274983361376911e-15,True,series tail and order change; rounding and minimizer search are not enclosed
1073741824,30,joint_window,1.58,1.0315536830224716,64,1.28954045087641805921e-03,1.28431755129634591131e-03,1.27599168940287438848e-03,2.52266677873937805732e-01,6.08779498751151042217e-16,-2.15075204433276578105e-05,-2.15078094245536508271e-05,-2.15079312225875489677e-05,-4.38045330724841637196e-08,-6.22669988919963052419e-08,2.49874958766075555608e-15,2.49141166386125096858e-15,2.49874958766075555608e-15,True,2.49141166386125096858e-15,True,series tail and order change; rounding and minimizer search are not enclosed
1073741824,30,joint_window,1.59,1.0317533898770443,64,1.34356853464984529224e-03,1.33858590096228957482e-03,1.32959051658230868222e-03,2.52315662304520016423e-01,6.07968898283292827074e-16,-2.25617721906671382312e-05,-2.25621446810788902401e-05,-2.25622028704667958177e-05,-5.64668846744569869049e-08,-6.52879800761669783542e-08,2.40604696784379886741e-15,2.39875483245358351919e-15,2.40604696784379886741e-15,True,2.39875483245358351919e-15,True,series tail and order change; rounding and minimizer search are not enclosed
1073741824,30,joint_window,1.6,1.0319530967316168,64,1.39918160119634617071e-03,1.39442576610398160340e-03,1.38471677255861216373e-03,2.52364647228284055824e-01,6.07159271167730704287e-16,-2.36536442069799684659e-05,-2.36541040421595050690e-05,-2.36540918367485609834e-05,-6.97124346519720940984e-08,-6.78620566224465887963e-08,2.31820675960298134100e-15,2.31095997794351415710e-15,2.31820675960298134100e-15,True,2.31095997794351415710e-15,True,series tail and order change; rounding and minimizer search are not enclosed
1073741824,30,joint_window,1.61,1.0321528035861895,64,1.45639937581171718083e-03,1.45185773317568810395e-03,1.44138883892302354164e-03,2.52413632645467400639e-01,6.06350616385622218555e-16,-2.47839692626711108683e-05,-2.47845213573803075345e-05,-2.47844313098220575455e-05,-8.37049212482859226074e-08,-7.00525104360842138028e-08,2.23492921854467267405e-15,2.22772736976783872125e-15,2.23492921854467267405e-15,True,2.22772736976783872125e-15,True,series tail and order change; rounding and minimizer search are not enclosed
1073741824,30,joint_window,1.62,1.032352510440762,64,1.51524133376623585702e-03,1.51090207911705530323e-03,1.49962471827590009509e-03,2.52462618556306583883e-01,6.05542932918972841443e-16,-2.59535813597724430470e-05,-2.59542316987505610176e-05,-2.59540556475379175644e-05,-9.86067319389018572428e-08,-7.19132146667654222868e-08,2.15593544398714215412e-15,2.14877812089279345233e-15,2.15593544398714215412e-15,True,2.14877812089279345233e-15,True,series tail and order change; rounding and minimizer search are not enclosed
1073741824,30,joint_window,1.63,1.0325522172953348,64,1.57572668969822946711e-03,1.57157876487234765724e-03,1.55944202741281536667e-03,2.52511604961038471640e-01,6.04736219750629463279e-16,-2.71633154865893783250e-05,-2.71640711283553887376e-05,-2.71638001415705379431e-05,-1.14580875033463117178e-07,-7.34901037841942013830e-08,2.08096580767441984343e-15,2.07385261653069533398e-15,2.08096580767441984343e-15,True,2.07385261653069533398e-15,True,series tail and order change; rounding and minimizer search are not enclosed
1073741824,30,joint_window,1.64,1.0327519241499072,64,1.63787438762999807904e-03,1.63390742929078193989e-03,1.62085799095807348187e-03,2.52560591859899874478e-01,6.03930475864286802647e-16,-2.84140073707430025098e-05,-2.84148764629473470598e-05,-2.84145007785918148058e-05,-1.31792731386670088378e-07,-7.48224040216648558208e-08,2.00977850512233414683e-15,2.00270906548806580347e-15,2.00977850512233414683e-15,True,2.00270906548806580347e-15,True,series tail and order change; rounding and minimizer search are not enclosed
1073741824,30,joint_window,1.65,1.03295163100448,64,1.70170309160003392114e-03,1.69790738340407153066e-03,1.68388943544242977203e-03,2.52609579253127713994e-01,6.03125700244479517783e-16,-2.97064932311769331133e-05,-2.97074850363139477804e-05,-2.97069939990868736764e-05,-1.50411626543809105388e-07,-7.59436637177850005410e-08,1.94214822042627887687e-15,1.93512216497495581706e-15,1.94214822042627887687e-15,True,1.93512216497495581706e-15,True,series tail and order change; rounding and minimizer search are not enclosed
1073741824,30,joint_window,1.66,1.0331513378590524,64,1.76723117689830846837e-03,1.76359760507252744978e-03,1.74855278381656547779e-03,2.52658567140958800756e-01,6.02321891876589602142e-16,-3.10416095295866240750e-05,-3.10427344601164824540e-05,-3.10421164545017817197e-05,-1.70612259277748012002e-07,-7.68826186885070700324e-08,1.87786489588778407766e-15,1.87088187023242307501e-15,1.87786489588778407766e-15,True,1.87088187023242307501e-15,True,series tail and order change; rounding and minimizer search are not enclosed
1073741824,30,joint_window,1.67,1.0333510447136252,64,1.83447672189266048140e-03,1.83099673399550444929e-03,1.81486405039628785445e-03,2.52707555523629945338e-01,6.01519049746838594395e-16,-3.24201927217979298228e-05,-3.24214623838906229169e-05,-3.24207047634223085013e-05,-1.92576011274275704027e-07,-7.76639186783778813134e-08,1.81673259834570322958e-15,1.80979226086402727650e-15,1.81673259834570322958e-15,True,1.80979226086402727650e-15,True,series tail and order change; rounding and minimizer search are not enclosed
1073741824,30,joint_window,1.68,1.0335507515681976,64,1.90345750042765883905e-03,1.90012306707680101760e-03,1.88283883623030761506e-03,2.52756544401377958309e-01,6.00717172842294678181e-16,-3.38430790094871930193e-05,-3.38445062547731523404e-05,-3.38435952673428854312e-05,-2.16492164014661283284e-07,-7.83087401398239503358e-08,1.75856847463635659506e-15,1.75167049629574903448e-15,1.75856847463635659506e-15,True,1.75167049629574903448e-15,True,series tail and order change; rounding and minimizer search are not enclosed
1073741824,30,joint_window,1.69,1.0337504584227704,64,1.97419097478098532969e-03,1.97099455414049629445e-03,1.95249232488590605469e-03,2.52805533774439705752e-01,5.99916260150864497676e-16,-3.53111040927188207447e-05,-3.53127030775447683236e-05,-3.53116237866036436488e-05,-2.42559040102866468239e-07,-7.88353007470763432873e-08,1.70320178912532386688e-15,1.69634585330700115723e-15,1.70320178912532386688e-15,True,1.69634585330700115723e-15,True,series tail and order change; rounding and minimizer search are not enclosed
1073741824,30,joint_window,1.7,1.0339501652773428,64,2.04669428915631688992e-03,2.04362879398727005295e-03,2.02383927864243761546e-03,2.52854523643051831705e-01,5.99116310661300750373e-16,-3.68251029236327112951e-05,-3.68268891754273009626e-05,-3.68256253769620083352e-05,-2.70985085081135411501e-07,-7.92592959446480614422e-08,1.65047303676510094866e-15,1.64365883908695935370e-15,1.65047303676510094866e-15,True,1.64365883908695935370e-15,True,series tail and order change; rounding and minimizer search are not enclosed
1073741824,30,joint_window,1.75,1.034948699550206,64,2.43633553023894300696e-03,2.43383224386025569588e-03,2.40646281736374336585e-03,2.53099480427658729553e-01,5.95130975906648873559e-16,-4.51138435945295721008e-05,-4.51168525656163508890e-05,-4.51143724338715188145e-05,-4.56634907240179255218e-07,-8.02555079398950212919e-08,1.42150391591431602844e-15,1.41489425881334121573e-15,1.42150391591431602844e-15,True,1.41489425881334121573e-15,True,series tail and order change; rounding and minimizer search are not enclosed
1073741824,30,joint_window,1.8,1.0359472338230689,64,2.87260238664271017744e-03,2.87053708004155177375e-03,2.83339021402630392502e-03,2.53344449636544399862e-01,5.91169569994889441820e-16,-5.46763187228478946163e-05,-5.46811938307080491230e-05,-5.46768463695633316277e-05,-7.40089942007946287179e-07,-8.01020276172499454851e-08,1.23974921002803929552e-15,1.23333821299601677134e-15,1.23974921002803929552e-15,True,1.23333821299601677134e-15,True,series tail and order change; rounding and minimizer search are not enclosed
1073741824,30,joint_window,1.85,1.036945768095932,64,3.35725257366346419366e-03,3.35553228706107504326e-03,3.30597926102310689725e-03,2.53589431299300893663e-01,5.87231967465203364812e-16,-6.56146330174918034767e-05,-6.56223020368800337258e-05,-6.56151557062636795782e-05,-1.16463584976503545486e-06,-7.93767813815130855177e-08,1.09399094150549595620e-15,1.08777403484867871562e-15,1.09399094150549595620e-15,True,1.08777403484867871562e-15,True,series tail and order change; rounding and minimizer search are not enclosed
1073741824,30,joint_window,1.9,1.037944302368795,64,3.89181902163201424300e-03,3.89037338356876304449e-03,3.82531468198378391335e-03,2.53834425445514766384e-01,5.83318043380495616913e-16,-7.80287120992226388566e-05,-7.80404757595802014633e-05,-7.80292280031148364691e-05,-1.78707909060825114978e-06,-7.83736536700891106752e-08,9.76000188134708855264e-16,9.69973970082452271423e-16,9.76000188134708855264e-16,True,9.69973970082452271423e-16,True,series tail and order change; rounding and minimizer search are not enclosed
1073741824,30,joint_window,1.95,1.038942836641658,64,4.47760791228116097201e-03,4.47638305717236017339e-03,4.39221203140254413261e-03,2.54079432104767521938e-01,5.79427673326285901577e-16,-9.20156860876993271461e-05,-9.20333268056345741789e-05,-9.20161943888248012868e-05,-2.68083156299995644059e-06,-7.72457033893456791795e-08,8.79664958653440441687e-16,8.73827031903506557325e-16,8.79664958653440441687e-16,True,8.73827031903506557325e-16,True,series tail and order change; rounding and minimizer search are not enclosed
1073741824,30,joint_window,2.0,1.039941370914521,64,5.11570067301954020667e-03,5.11465493387407588860e-03,5.00722546525931254402e-03,2.54324451306636334369e-01,5.75560733409592314545e-16,-1.07669343920620947351e-04,-1.07695255759038938624e-04,-1.07669844335621508677e-04,-3.93916829692966407613e-06,-7.60740630429566542456e-08,8.00391171632359067976e-16,7.94739958308987291111e-16,8.00391171632359067976e-16,True,7.94739958308987291111e-16,True,series tail and order change; rounding and minimizer search are not enclosed
1073741824,30,joint_window,2.05,1.040939905187384,64,5.80695909000666574129e-03,5.80605991435923039085e-03,5.67065867472515538344e-03,2.54569483080692549049e-01,5.71717100257815007055e-16,-1.25079661251589345679e-04,-1.25117002137878092355e-04,-1.25080153782749516587e-04,-5.67864984780560648990e-06,-7.49021279083850809377e-08,7.34686245770903076794e-16,7.29220782556819187589e-16,7.34686245770903076794e-16,True,7.29220782556819187589e-16,True,series tail and order change; rounding and minimizer search are not enclosed
1073741824,30,joint_window,2.1,1.0419384394602471,64,6.55203283908347734743e-03,6.55125455630847612631e-03,6.38257831399471637496e-03,2.54814527456503792102e-01,5.67896651017599535887e-16,-1.44332401904631157236e-04,-1.44385268886548573039e-04,-1.44332886706207753381e-04,-8.04267143892472030251e-06,-7.37530182640324494983e-08,6.79866172925932272075e-16,6.74585890985843942994e-16,6.79866172925932272075e-16,True,6.74585890985843942994e-16,True,series tail and order change; rounding and minimizer search are not enclosed
1073741824,30,joint_window,2.15,1.0429369737331102,64,7.35136884723967647115e-03,7.35069103475465175646e-03,7.14282930562112026995e-03,2.55059584463631305873e-01,5.64099263353703763277e-16,-1.65508790823507782181e-04,-1.65582418789028793134e-04,-1.65509268128500946181e-04,-1.12050858089316801900e-05,-7.26387422523261750254e-08,6.33847074411818770540e-16,6.28751571387989841343e-16,6.33847074411818770540e-16,True,6.28751571387989841343e-16,True,series tail and order change; rounding and minimizer search are not enclosed
1073741824,30,joint_window,2.2,1.0439355080059731,64,8.20522199226173844233e-03,8.20462826753258663015e-03,7.95105146741216864403e-03,2.55304654131632502434e-01,5.60324815447850655951e-16,-1.88685255036750900576e-04,-1.88786238924629895530e-04,-1.88685725116131269852e-04,-1.53738394150851162459e-05,-7.15651174860290736348e-08,5.94995237738285173373e-16,5.90084051258119918966e-16,5.94995237738285173373e-16,True,5.90084051258119918966e-16,True,series tail and order change; rounding and minimizer search are not enclosed
1073741824,30,joint_window,2.25,1.0449340422788362,64,9.11366672885270158455e-03,9.11314384733545590489e-03,8.80669696988255548686e-03,2.55549736490059853367e-01,5.56573185997571617819e-16,-2.13933228212690850628e-04,-2.14069768325466074782e-04,-2.13933691352492100224e-04,-2.07945591176129170215e-05,-7.05344809314183223651e-08,5.62018096582673053747e-16,5.57290490065392960010e-16,5.62018096582673053747e-16,True,5.57290490065392960010e-16,True,series tail and order change; rounding and minimizer search are not enclosed
1073741824,30,joint_window,2.3,1.0459325765516991,64,1.00766092988068579894e-02,1.00761464739558929959e-02,9.70904819924595097191e-03,2.55794831568460223625e-01,5.52844254215052386470e-16,-2.41319013790897715990e-04,-2.41501183413836938152e-04,-2.41319470279287122405e-04,-2.77540273286453677173e-05,-6.95472028921515060167e-08,5.33884187914184856082e-16,5.29338959750015825360e-16,5.33884187914184856082e-16,True,5.29338959750015825360e-16,True,series tail and order change; rounding and minimizer search are not enclosed
1073741824,30,joint_window,2.35,1.0469311108245622,64,1.10938002427190453986e-02,1.10933886287727986181e-02,1.06572356655442995049e-02,2.56039939396376647895e-01,5.49137899825958222071e-16,-2.70903701361940169035e-04,-2.71143735506220546691e-04,-2.70904151481996847972e-04,-3.65834869321972664486e-05,-6.86025533905273746386e-08,5.09763826949066274154e-16,5.05399153220373128639e-16,5.09763826949066274154e-16,True,5.05399153220373128639e-16,True,series tail and order change; rounding and minimizer search are not enclosed
1073741824,30,joint_window,2.4,1.0479296450974254,64,1.21648469825251601822e-02,1.21644792777361315794e-02,1.16502556569302861966e-02,2.56285060003346276680e-01,5.45454003068264223861e-16,-3.02743130859533344720e-04,-3.03055734598304052363e-04,-3.02743574885321921342e-04,-4.76617225175624654402e-05,-6.76992026284407107697e-08,4.88984735050955923169e-16,4.84798053903481925785e-16,4.88984735050955923169e-16,True,4.84798053903481925785e-16,True,series tail and order change; rounding and minimizer search are not enclosed
1073741824,30,joint_window,2.45,1.0489281793702883,64,1.32892262889460176234e-02,1.32888964287343116361e-02,1.26869873981669822882e-02,2.56530193418901986124e-01,5.41792444691071644357e-16,-3.36887899177096836537e-04,-3.37290573737624105669e-04,-3.36888337371666658770e-04,-6.14178710287757023819e-05,-6.68355135924931912134e-08,4.70998553774809602083e-16,4.66986496539069165737e-16,4.70998553774809602083e-16,True,4.66986496539069165737e-16,True,series tail and order change; rounding and minimizer search are not enclosed
1073741824,30,joint_window,2.5,1.0499267136431514,64,1.44662964863983001251e-02,1.44659994042185113122e-02,1.37662095232516344667e-02,2.56775339672571989436e-01,5.38153105953415328888e-16,-3.73383403982225411250e-04,-3.73896788502123701009e-04,-3.73383836596724539778e-04,-7.83339224302899715712e-05,-6.60097115899628457210e-08,4.55355347746867233381e-16,4.51513718319491916227e-16,4.55355347746867233381e-16,True,4.51513718319491916227e-16,True,series tail and order change; rounding and minimizer search are not enclosed
1073741824,30,joint_window,2.55,1.0509252479160143,64,1.56953092808568978045e-02,1.56950407204714537102e-02,1.48866157183696560390e-02,2.57020498793879392796e-01,5.34535868623074507775e-16,-4.12269919745396427185e-04,-4.12918146399157085652e-04,-4.12270347018864769667e-04,-9.89468789847748017878e-05,-6.52199876627856558405e-08,4.41684013905528046810e-16,4.38007814189178874460e-16,4.41684013905528046810e-16,True,4.38007814189178874460e-16,True,series tail and order change; rounding and minimizer search are not enclosed
1073741824,30,joint_window,2.6,1.0519237821888774,64,1.69754211241238892049e-02,1.69751774912055494737e-02,1.60468294319529337921e-02,2.57265670812342528428e-01,5.30940614975364064210e-16,-4.53582701297864949314e-04,-4.54393761352198718301e-04,-4.53583123457407515894e-04,-1.23850549861222500965e-04,-6.44645565708309938884e-08,4.29677088788876341548e-16,4.26160584632056488853e-16,4.29677088788876341548e-16,True,4.26160584632056488853e-16,True,series tail and order change; rounding and minimizer search are not enclosed
1073741824,30,joint_window,2.65,1.0529223164617405,64,1.83057040515068811248e-02,1.83054822955572293885e-02,1.72454175836162897084e-02,2.57510855757474732552e-01,5.27367227791930732516e-16,-4.97352110566138226611e-04,-4.98358228828309993835e-04,-4.97352527827302215435e-04,-1.53696965823473918455e-04,-6.37416879751881773032e-08,4.19078854405091845797e-16,4.15715673884079255007e-16,4.19078854405091845797e-16,True,4.15715673884079255007e-16,True,series tail and order change; rounding and minimizer search are not enclosed
1073741824,30,joint_window,2.7,1.0539208507346034,64,1.96851559496305505981e-02,1.96849534694270751622e-02,1.84809032333979501861e-02,2.57756053658785233562e-01,5.23815590359535589947e-16,-5.43603762482562907071e-04,-5.44841777561809112451e-04,-5.43604175049854001361e-04,-1.89197406330578448558e-04,-6.30497278173008742948e-08,4.09675937044248110308e-16,4.06459191352162959592e-16,4.09675937044248110308e-16,True,4.06459191352162959592e-16,True,series tail and order change; rounding and minimizer search are not enclosed
1073741824,30,joint_window,2.75,1.0549193850074665,64,2.11127102273928057841e-02,2.11125247948240890583e-02,1.97517771974077688268e-02,2.58001264545777875270e-01,5.20285586468830632031e-16,-5.92358686429364598297e-04,-5.93870434234136310159e-04,-5.92359094496776490690e-04,-2.31123038449624197514e-04,-6.23871004870124259587e-08,4.01289806090307084799e-16,3.98212222831887597982e-16,4.01289806090307084799e-16,True,3.98212222831887597982e-16,True,series tail and order change; rounding and minimizer search are not enclosed
1073741824,30,joint_window,2.8,1.0559179192803294,64,2.25872448764494887508e-02,2.25870745748130291597e-02,2.10565086161287884359e-02,2.58246488447951838552e-01,5.16777100413136136776e-16,-6.43633499928021515085e-04,-6.45466197866219858204e-04,-6.43633903679652168150e-04,-2.80305173315189139031e-04,-6.17523222385880313028e-08,3.93770734633858348592e-16,3.90824793885622281251e-16,3.93770734633858348592e-16,True,3.90824793885622281251e-16,True,series tail and order change; rounding and minimizer search are not enclosed
1073741824,30,joint_window,2.85,1.0569164535531925,64,2.41075909184472747526e-02,2.41074340921874144539e-02,2.23935544977072534256e-02,2.58491725394801863391e-01,5.13290016987200969754e-16,-6.97440591631300066400e-04,-6.99647221061503159917e-04,-6.97440991241890344277e-04,-3.37635151405966840547e-04,-6.11439894905467117012e-08,3.86992896552243846085e-16,3.84170961418434339402e-16,3.86992896552243846085e-16,True,3.84170961418434339402e-16,True,series tail and order change; rounding and minimizer search are not enclosed
1073741824,30,joint_window,2.9,1.0579149878260554,64,2.56725402448370089437e-02,2.56723954583934106666e-02,2.37613682710415344279e-02,2.58736975415817638257e-01,5.09824221485969397294e-16,-7.53788311003917091413e-04,-7.56427995597671199574e-04,-7.53788706639401100834e-04,-4.04063872676415367438e-04,-6.05607807728705058735e-08,3.80850357090074840766e-16,3.78144792370345427090e-16,3.80850357090074840766e-16,True,3.78144792370345427090e-16,True,series tail and order change; rounding and minimizer search are not enclosed
1073741824,30,joint_window,2.95,1.0589135220989185,64,2.72808528619237627977e-02,2.72807188658702841344e-02,2.51584073928705943823e-02,2.58982238540484410727e-01,5.06379599703329164227e-16,-8.12681162389833778442e-04,-8.15819540202153588304e-04,-8.12681554207883138224e-04,-4.80600991413035569678e-04,-6.00014559570109823620e-08,3.75253774039587233849e-16,3.72657048715282688943e-16,3.75253774039587233849e-16,True,3.72657048715282688943e-16,True,series tail and order change; rounding and minimizer search are not enclosed
1073741824,30,joint_window,3.0,1.0599120563717817,64,2.89312635590022806942e-02,2.89311392620483845417e-02,2.65831400597549769027e-02,2.59227514798282321351e-01,5.02956037930866276941e-16,-8.74120001453610167425e-04,-8.77829588656181200590e-04,-8.74120389604128838340e-04,-5.68313798811106974350e-04,-5.94648488411348529837e-08,3.70127670394380593366e-16,3.67632441664619941700e-16,3.70127670394380593366e-16,True,3.67632441664619941700e-16,True,series tail and order change; rounding and minimizer search are not enclosed
1073741824,30,fixed_power,0.5007339393232703,1.01,64,4.30476440941939987182e-05,8.89030870783047040376e-10,8.89030859748090814317e-10,2.46982802406764012648e-01,7.02210792393058841393e-16,5.08479456117133959178e-06,1.09826278283706724181e-01,1.09826277382092649115e-01,1.41836883550396262166e+01,1.41836882551101659544e+01,1.74748684504090598186e-09,1.74748682385645956300e-09,7.56631557408127264353e-09,True,7.56631557408127264353e-09,True,series tail and order change; rounding and minimizer search are not enclosed
1073741824,30,fixed_power,1.0014678786465405,1.02,64,9.39578013327025134051e-05,2.86903264877213845367e-05,2.86841787357967439626e-05,2.49433602775279067432e-01,6.57367441407962136636e-16,1.43894520493099082388e-06,3.74104752479022442923e-06,3.74017984456170178700e-06,3.47615486625199999852e-04,3.47484468106087429976e-04,6.94415367292848736342e-14,6.94301775700222065350e-14,2.13579100152155865189e-13,True,2.13513668551046364996e-13,True,series tail and order change; rounding and minimizer search are not enclosed
1073741824,30,fixed_power,1.5022018179698107,1.03,64,9.21080487154851842123e-04,9.13411442080404008606e-04,9.09013631898211238794e-04,2.51885604726352130278e-01,6.15119179317306829544e-16,-1.44982889021240889896e-05,-1.44979237225565684138e-05,-1.44983684685317371467e-05,5.53259196774767432184e-08,-1.20545755377877839714e-08,3.42697485665441374739e-15,3.41926426251497917786e-15,3.42697485665441374739e-15,True,3.41926426251497917786e-15,True,series tail and order change; rounding and minimizer search are not enclosed
1073741824,30,fixed_power,2.503669696616351,1.05,64,1.45547420631053966295e-02,1.45544472101400926972e-02,1.38470565024270790555e-02,2.56793332426625109388e-01,5.37886872588731785396e-16,-3.76155677175247929803e-04,-3.76678092925163089319e-04,-3.76156109389763843379e-04,-7.97141924117763476252e-05,-6.59505454202008524536e-08,4.54288985311256230049e-16,4.50459676805278487277e-16,4.54288985311256230049e-16,True,4.50459676805278487277e-16,True,series tail and order change; rounding and minimizer search are not enclosed
1073741824,30,fixed_power,3.7555045449245217,1.075,64,5.80953394190579855416e-02,5.80952896668537818736e-02,5.05035378848362956350e-02,2.62935280264485649049e-01,4.53711590116804997635e-16,-2.10376121080706017519e-03,-2.13068506216361561872e-03,-2.10376155762685701500e-03,-4.15314755962476519352e-03,-5.34965802394162226407e-08,3.21961249743168367266e-16,3.20322425947739319447e-16,3.21961249743168367266e-16,True,3.20322425947739319447e-16,True,series tail and order change; rounding and minimizer search are not enclosed
1073741824,30,fixed_power,5.007339393232702,1.1,64,1.16063950060949577781e-01,1.16063931192650182656e-01,9.30361202314286123150e-02,2.69085757582120721487e-01,3.81647087259406181161e-16,-5.18324901816442223934e-03,-5.37801897837340489583e-03,-5.18324933041811389267e-03,-3.04431154943711028416e-02,-4.87913133971348719403e-08,2.77221330234654025895e-16,2.75674265045032343676e-16,2.77221330234654025895e-16,True,2.75674265045032343676e-16,True,series tail and order change; rounding and minimizer search are not enclosed
1073741824,30,fixed_power,7.511009089849043,1.15,64,2.31857409240773998382e-01,2.31857402815325880363e-01,1.66338193807252343603e-01,2.81414141449873145273e-01,2.67753125767527484985e-16,-1.33051405622588991839e-02,-1.48201511377866503028e-02,-1.33051408539801782616e-02,-2.44316947841358184101e-01,-4.69295379317453396466e-08,2.12256542224111481432e-16,2.09587409139341109491e-16,2.12256542224111481432e-16,True,2.09587409139341109491e-16,True,series tail and order change; rounding and minimizer search are not enclosed
1073741824,30,fixed_power,10.014678786465394,1.2,64,3.27680003479079606787e-01,3.27680000000000026805e-01,2.19929072016202736828e-01,2.93782149799831859838e-01,1.85660647477735116084e-16,-2.16631683910085900968e-02,-2.62434267306044383128e-02,-2.16631686845529594643e-02,-7.64961679599812205410e-01,-4.86534807973597784919e-08,1.62495561941763209556e-16,1.58545566240246146341e-16,1.62495561941763209556e-16,True,1.58545566240246146341e-16,True,series tail and order change; rounding and minimizer search are not enclosed
1073741824,30,fixed_power,12.518348483081745,1.25,64,4.03237404746493222074e-01,4.03237402439117431641e-01,2.59180357765401492287e-01,3.06193425614168013293e-01,1.27158890281189772502e-16,-2.89638494492385489831e-02,-3.83766105243713503969e-02,-2.89638497523890120489e-02,-1.63130511116785070769e+00,-5.16950423368614768514e-08,1.27297066516008904935e-16,1.25907455769819058758e-16,1.27297066516008904935e-16,True,1.25907455769819058758e-16,True,series tail and order change; rounding and minimizer search are not enclosed
1073741824,30,fixed_power,15.022018179698097,1.3,64,4.63033552974022211135e-01,4.63033551265942477926e-01,2.88789010916076727131e-01,3.18651592588365506487e-01,8.59502543425497381873e-17,-3.47811835958791865098e-02,-5.06035106611480572925e-02,-3.47811839118398885562e-02,-2.84852371070896381866e+00,-5.53075587525969191075e-08,1.66914086943675211320e-16,2.30973181332629534560e-16,4.88498130835068877786e-15,True,2.30973181332629534560e-16,True,series tail and order change; rounding and minimizer search are not enclosed
1073741824,30,fixed_power,20.029357572930788,1.4,64,5.50334079069323189870e-01,5.50334077948180566686e-01,3.30145309393032881928e-01,3.43723018532124391378e-01,3.75641078659009409959e-17,-4.17827942569049537447e-02,-7.42361015693532300119e-02,-4.17827946016467027812e-02,-6.31388293657660870650e+00,-6.30872307001758984355e-08,2.11862104588846121060e-15,3.93489360286203121591e-15,1.27009514017117908224e-13,True,3.93489360286203121591e-15,True,series tail and order change; rounding and minimizer search are not enclosed
1073741824,30,fixed_power,25.03669696616349,1.5,64,6.10351563340876701602e-01,6.10351562500000000000e-01,3.57509534293642405878e-01,3.69025157164765693629e-01,1.52863260928892972912e-17,-4.32373087104413189596e-02,-9.60418068873796770824e-02,-4.32373090842410323642e-02,-1.11076921184167538570e+01,-7.07697646768120633070e-08,1.06609425604858842492e-14,1.91646138268385591869e-14,4.93827201353269629180e-13,True,1.91646138268385591869e-14,True,series tail and order change; rounding and minimizer search are not enclosed
4294967296,32,joint_window,0.0,1.0,96,1.50910326020539249897e-05,0.00000000000000000000e+00,0.00000000000000000000e+00,2.44533173793497621284e-01,7.49786258826540693388e-16,3.77276954702967947693e-06,2.38748120932375240688e-01,2.38748120932375240688e-01,2.63685055107090740023e+01,2.63685055107090740023e+01,4.27825201720032740361e-08,4.27825201720032740361e-08,7.60961285095618222840e-08,True,7.60961285095618222840e-08,True,series tail and order change; rounding and minimizer search are not enclosed
4294967296,32,joint_window,0.05,1.0009361258808092,96,1.55238410514191528457e-05,4.33503808038935760775e-97,4.33503808038923442214e-97,2.44762440961693306107e-01,7.45212885346336075721e-16,3.66143766741702328076e-06,2.38972795516895569756e-01,2.38972795516895569756e-01,2.63928452142325902230e+01,2.63928452142325902230e+01,4.25959265800351152896e-08,4.25959265800351152896e-08,7.57667173445497610373e-08,True,7.57667173445497610373e-08,True,series tail and order change; rounding and minimizer search are not enclosed
4294967296,32,joint_window,0.1,1.001872251761618,96,1.59881746209399443356e-05,6.33564770246245232793e-49,6.33564770246101204021e-49,2.44991718161070626270e-01,7.40664580388830874302e-16,3.54821208984639840134e-06,2.39197491187565197679e-01,2.39197491187565197679e-01,2.64171821577848895402e+01,2.64171821577848895402e+01,4.24099755365622079883e-08,4.24099755365622079883e-08,7.54384217316328431480e-08,True,7.54384217316328431480e-08,True,series tail and order change; rounding and minimizer search are not enclosed
4294967296,32,joint_window,0.15,1.0028083776424273,96,1.64880394798780920585e-05,7.18990114115122727762e-33,7.18990114115020504134e-33,2.45221005416157877832e-01,7.36141225376737035201e-16,3.43292156312610220530e-06,2.39422207991711349928e-01,2.39422207991711349928e-01,2.64415163556615837592e+01,2.64415163556615837592e+01,4.22246657339303302180e-08,4.22246657339303302180e-08,7.51112523289521050174e-08,True,7.51112523289521050174e-08,True,series tail and order change; rounding and minimizer search are not enclosed
4294967296,32,joint_window,0.2,1.0037445035232364,96,1.70281774452524548870e-05,7.65928565282721295836e-25,7.65928565282721295836e-25,2.45450302751479804142e-01,7.31642702161834853371e-16,3.31537280228785130338e-06,2.39646945976648484411e-01,2.39646945976648484411e-01,2.64658478245958264097e+01,2.64658478245958264097e+01,4.20399958624634850638e-08,4.20399958624634850638e-08,7.47851842675117950421e-08,True,7.47851842675117950421e-08,True,series tail and order change; rounding and minimizer search are not enclosed
4294967296,32,joint_window,0.25,1.0046806294040453,96,1.76142454749791034388e-05,5.01957553716750803585e-20,5.01957553716750803585e-20,2.45679610191556319077e-01,7.27168893024438322167e-16,3.19534636753651308958e-06,2.39871705140648344701e-01,2.39871705140648344701e-01,2.64901765802328235111e+01,2.64901765802328235111e+01,4.18559637363600979989e-08,4.18559637363600979989e-08,7.44602104418845556211e-08,True,7.44602104418845556211e-08,True,series tail and order change; rounding and minimizer search are not enclosed
4294967296,32,joint_window,0.3,1.0056167552848545,96,1.82530506012006549536e-05,8.15929078588684719969e-17,8.15929078588678926772e-17,2.45908927760903700532e-01,7.22719680672853580340e-16,3.07259152143555373679e-06,2.40096405900397102950e-01,2.40096405900397102950e-01,2.65144961833949963648e+01,2.65144961833949963648e+01,4.16711556787324797603e-08,4.16711556787324797603e-08,7.41344088339701556833e-08,True,7.41344088339701556833e-08,True,series tail and order change; rounding and minimizer search are not enclosed
4294967296,32,joint_window,0.35,1.0065528811656637,96,1.89528613001511624071e-05,1.60403218881869364757e-14,1.60403218881817489264e-14,2.46138255484034007559e-01,7.18294948242836175729e-16,2.94681974369522689541e-06,2.40305589741388575531e-01,2.40305589741388575531e-01,2.65375525761737449670e+01,2.65375525761737449670e+01,4.12140841808199626628e-08,4.12140841808198832535e-08,7.34343394981351593742e-08,True,7.34343394981351593742e-08,True,series tail and order change; rounding and minimizer search are not enclosed
4294967296,32,joint_window,0.4,1.0074890070464726,96,1.97238258243982321396e-05,8.42138028591366647684e-13,8.42138028578387828444e-13,2.46367593385454636268e-01,7.13894579297030875413e-16,2.81769645956494694608e-06,2.39722882021729283286e-01,2.39722882021716598988e-01,2.64963254248681145953e+01,2.64963254248670843083e+01,2.96961445281013881603e-08,2.96961445279596160208e-08,5.67900677594934677472e-08,True,5.67900713122071465477e-08,True,series tail and order change; rounding and minimizer search are not enclosed
4294967296,32,joint_window,0.45,1.0084251329272818,64,2.05785426453936483966e-05,1.83355173055342214607e-11,1.83355173000249982483e-11,2.46596941489669874148e-01,7.09518457824400826237e-16,2.68483035766918738050e-06,2.23597824289162860900e-01,2.23597824284238633208e-01,2.51683670736979010485e+01,2.51683670732831181738e+01,2.03798671279809229440e-08,2.03798671219051159087e-08,7.00706159761921298923e-08,True,7.00706266343331662938e-08,True,series tail and order change; rounding and minimizer search are not enclosed
4294967296,32,joint_window,0.5,1.009361258808091,64,2.15328510260093098738e-05,2.15586140107389185165e-10,2.15586139417325830810e-10,2.46826299821178929417e-01,7.05166468239659279141e-16,2.54775940470917166484e-06,1.11969750950628874064e-01,1.11969750718155555691e-01,1.44183098553179220858e+01,1.44183098296980212183e+01,1.80510375915382390907e-09,1.80510375351216592696e-09,7.77532704887562431395e-09,True,7.77532171980510611320e-09,True,series tail and order change; rounding and minimizer search are not enclosed
4294967296,32,joint_window,0.55,1.0102973846889,64,2.26069462604136265315e-05,1.61935943734215812581e-09,1.61935940171326195935e-09,2.47055668404477152267e-01,7.00838495382680211450e-16,2.40593226008972687892e-06,1.77607505433105931913e-02,1.77607501525463631897e-02,2.60330196378901490561e+00,2.60330190799583638395e+00,2.44313083131166556585e-10,2.44313077763315696994e-10,1.33621336217970565485e-09,True,1.33621380626891550492e-09,True,series tail and order change; rounding and minimizer search are not enclosed
4294967296,32,joint_window,0.6,1.011233510569709,64,2.38269837064229310407e-05,8.69184031465344306682e-09,8.69183936756378427785e-09,2.47285047264056256910e-01,6.96534424517907765886e-16,2.25868316397556562981e-06,3.31204554293596702477e-03,3.31204518204529074071e-03,4.95854392399870058661e-01,4.95854338601270039355e-01,4.53836368837294980086e-11,4.53836319406411497777e-11,2.58912002948363806354e-10,True,2.58911780903758881323e-10,True,series tail and order change; rounding and minimizer search are not enclosed
4294967296,32,joint_window,0.65,1.0121696364505182,64,2.52274352121522909187e-05,3.60253294954472086295e-08,3.60253143792417314189e-08,2.47514436424403155845e-01,6.92254141333750306780e-16,2.10519738490139892754e-06,7.99839348517095713800e-04,7.99839012904909451435e-04,1.20000973119777448739e-01,1.20000922695134154550e-01,1.09190370460922996337e-11,1.09190324710445151954e-11,6.26678986481721267410e-11,True,6.26678986481721267410e-11,True,series tail and order change; rounding and minimizer search are not enclosed
4294967296,32,joint_window,0.7,1.0131057623313273,64,2.68546315441783465996e-05,1.21868163381651471965e-07,1.21868001713168833136e-07,2.47743835910001375389e-01,6.87997531941976842873e-16,1.94446271390088045006e-06,2.36658287394557936617e-04,2.36657973446062236834e-04,3.53482758706795754944e-02,3.53482286062490880241e-02,3.22523823874756435179e-12,3.22523397960837329399e-12,1.84382301093855005547e-11,True,1.84382092927037888330e-11,True,series tail and order change; rounding and minimizer search are not enclosed
4294967296,32,joint_window,0.75,1.0140418882121363,64,2.87722217649881632068e-05,3.50430126944731662054e-07,3.50428871296025868103e-07,2.47973245745329973211e-01,6.83764482877094813278e-16,1.77519985430585985244e-06,8.23760716273357480573e-05,8.23757764508176458561e-05,1.21452124509018998672e-02,1.21451679781059834751e-02,1.12580468369466140184e-12,1.12580069851558774663e-12,6.34508244556908351797e-12,True,6.34505989416389581947e-12,True,series tail and order change; rounding and minimizer search are not enclosed
4294967296,32,joint_window,0.8,1.0149780140929454,64,3.10698116017442017432e-05,8.83026137630484212352e-07,8.83018615380175631089e-07,2.48202665954863982423e-01,6.79554881095721365338e-16,1.59576010109986649399e-06,3.27153907048421645687e-05,3.27151119509483430804e-05,4.69101875175518667066e-03,4.69097673395559890130e-03,4.52215190655191401865e-13,4.52211445342155035843e-13,2.46890008437361530014e-12,True,2.46887840033016559005e-12,True,series tail and order change; rounding and minimizer search are not enclosed
4294967296,32,joint_window,0.85,1.0159141399737546,64,3.38770059677810189713e-05,1.99583801417804087820e-06,1.99580161716449618747e-06,2.48432096563074467088e-01,6.75368613975954139447e-16,1.40397103098005033501e-06,1.44739703288836931442e-05,1.44737060631086502781e-05,1.97085676843179692305e-03,1.97081691994252516942e-03,2.05239350834645478648e-13,2.05235817311857144429e-13,1.05463077507139679767e-12,True,1.05461082575142306439e-12,True,series tail and order change; rounding and minimizer search are not enclosed
4294967296,32,joint_window,0.9,1.0168502658545635,64,3.73868300021798914321e-05,4.12027966855591503564e-06,4.12013224527048528063e-06,2.48661537594428355691e-01,6.71205569316725290576e-16,1.19689754306526771176e-06,6.98863574033942297877e-06,6.98838435096007887465e-06,8.73631136336090242424e-04,8.73593216861304070267e-04,1.03857250650462745683e-13,1.03853905525203147696e-13,4.81443227298705700434e-13,True,4.81424253760687204107e-13,True,series tail and order change; rounding and minimizer search are not enclosed
4294967296,32,joint_window,0.95,1.0177863917353727,64,4.18955848824705310391e-05,7.88117522266229012450e-06,7.88066104878381288625e-06,2.48890989073388524400e-01,6.67065635337148705872e-16,9.70462346969028411990e-07,3.60130277875363131874e-06,3.60106290907730546545e-06,3.96963565600763287639e-04,3.96927372168850468859e-04,5.79082319767318020235e-14,5.79050555550529237528e-14,2.28914326730333961279e-13,True,2.28896166343944829080e-13,True,series tail and order change; rounding and minimizer search are not enclosed
4294967296,32,joint_window,1.0,1.0187225176161818,64,4.78710425738481499223e-05,1.41282614116089046656e-05,1.41266819907237869942e-05,2.49120451024414268915e-01,6.62948700675866334794e-16,7.18831324889606858525e-07,1.91076843311436229562e-06,1.91053893099303658896e-06,1.79905850553377437374e-04,1.79871210554513941398e-04,3.51001188814839805820e-14,3.50970944300441045379e-14,1.10507143800259166611e-13,True,1.10489471304847652888e-13,True,series tail and order change; rounding and minimizer search are not enclosed
4294967296,32,joint_window,1.05,1.0196586434969908,64,5.60658348355826211548e-05,2.39576217534542311514e-05,2.39532700825903891210e-05,2.49349923471959999954e-01,6.58854654390380516962e-16,4.33413712828406408101e-07,9.58813733857063706291e-07,9.58593614446925860448e-07,7.93263209032753669088e-05,7.92930867037679594196e-05,2.27448971921445433992e-14,2.27420103759404528212e-14,5.27808049002875812050e-14,True,5.27639455565054316111e-14,True,series tail and order change; rounding and minimizer search are not enclosed
4294967296,32,joint_window,1.1,1.0205947693778,64,6.76868316318437004443e-05,3.87211389573881078628e-05,3.87102229574471827034e-05,2.49579406440476742057e-01,6.54783385956376252031e-16,1.01283703503916050373e-07,3.22296530693739657263e-07,3.22084951642202589096e-07,3.33794932408264919299e-05,3.33475385382178563247e-05,1.54595554452192448876e-14,1.54567938933372627920e-14,2.43306961492280315884e-14,True,2.43140604221439571297e-14,True,series tail and order change; rounding and minimizer search are not enclosed
4294967296,32,joint_window,1.15,1.021530895258609,64,8.45805329136825904610e-05,6.00235418707948347036e-05,5.99983031523219003810e-05,2.49808899954411606226e-01,6.50734785267046329190e-16,-2.97070233633186771630e-07,-2.09045530784511559793e-07,-2.09249277523389673960e-07,1.32984721600685830331e-05,1.32676908011148077173e-05,1.08222867857517552266e-14,1.08196397519322738419e-14,1.08222867857517552266e-14,True,1.08196397519322738419e-14,True,series tail and order change; rounding and minimizer search are not enclosed
4294967296,32,joint_window,1.2,1.022467021139418,64,1.09272502951889656161e-04,8.97078721797144642549e-05,8.96535322991723272919e-05,2.50038404038207373592e-01,6.46708742632400087789e-16,-7.90247524611190695510e-07,-7.56731387401645582596e-07,-7.56927853712835435737e-07,5.06507676200249047865e-06,5.03538608222651970671e-06,7.70049914570540785351e-15,7.69795724031004428689e-15,7.70049914570540785351e-15,True,7.69795724031004428689e-15,True,series tail and order change; rounding and minimizer search are not enclosed
4294967296,32,joint_window,1.21,1.0226542463155799,64,1.15401425421147150758e-04,9.68281565867594570720e-05,9.67652994921177099031e-05,2.50084306125500588358e-01,6.45906231448615913859e-16,-9.03522273813831499050e-07,-8.75982511051606689339e-07,-8.76177569048626914833e-07,4.16216455306166251030e-06,4.13268487110337625468e-06,7.20355620158617104703e-15,7.20103429896704995193e-15,7.20355620158617104703e-15,True,7.20103429896704995193e-15,True,series tail and order change; rounding and minimizer search are not enclosed
4294967296,32,joint_window,1.22,1.0228414714917418,64,1.21982465183287057940e-04,1.04382808927540923077e-04,1.04310276876264844490e-04,2.50130208636761164342e-01,6.45104617342539347420e-16,-1.02248810817799593866e-06,-9.99870544439771281333e-07,-1.00006420471743873244e-06,3.41847064867922280883e-06,3.38920038950161049847e-06,6.74149513099924900525e-15,6.73899291009838095879e-15,6.74149513099924900525e-15,True,6.73899291009838095879e-15,True,series tail and order change; rounding and minimizer search are not enclosed
4294967296,32,joint_window,1.23,1.0230286966679036,64,1.29038755589614578291e-04,1.12389506889204530667e-04,1.12306009739579251944e-04,2.50176111572184944887e-01,6.44303899442639029752e-16,-1.14752453305882429441e-06,-1.12895397195783217525e-06,-1.12914624220980132200e-06,2.80697174597734798511e-06,2.77790977273152009088e-06,6.31175118838883585420e-15,6.30926833614360965376e-15,6.31175118838883585420e-15,True,6.30926833614360965376e-15,True,series tail and order change; rounding and minimizer search are not enclosed
4294967296,32,joint_window,1.24,1.0232159218440653,64,1.36592930659035400893e-04,1.20866197157903655082e-04,1.20770300266128595315e-04,2.50222014931966885154e-01,6.43504076878049104914e-16,-1.27902553300923872833e-06,-1.26377762293318298185e-06,-1.26396850754511937457e-06,2.30489062895518639174e-06,2.27603630458840020234e-06,5.91200142325475446746e-15,5.90953763434941754659e-15,5.91200142325475446746e-15,True,5.90953763434941754659e-15,True,series tail and order change; rounding and minimizer search are not enclosed
4294967296,32,joint_window,1.25,1.0234031470202272,64,1.44667063376871312622e-04,1.29831083333324572709e-04,1.29721194655031446573e-04,2.50267918716302939508e-01,6.42705148778564683798e-16,-1.41739866721056530512e-06,-1.40487560871299286235e-06,-1.40506510828845152168e-06,1.89311674410568291945e-06,1.86447000316116350617e-06,5.54012451081248784064e-15,5.53767948744032758309e-15,5.54012451081248784064e-15,True,5.53767948744032758309e-15,True,series tail and order change; rounding and minimizer search are not enclosed
4294967296,32,joint_window,1.26,1.023590372196389,64,1.53282641950269906241e-04,1.39302613600962821002e-04,1.39176969970674740658e-04,2.50313822925388451690e-01,6.41907114274647464761e-16,-1.56306415596553540379e-06,-1.55277384976058909220e-06,-1.55296196057163910387e-06,1.55568719034981264313e-06,1.52724862216543860892e-06,5.19416888215967076792e-15,5.19174233379516307919e-15,5.19416888215967076792e-15,True,5.19174233379516307919e-15,True,series tail and order change; rounding and minimizer search are not enclosed
4294967296,32,joint_window,1.27,1.023777597372551,64,1.62460579976718465581e-04,1.49299468192120226911e-04,1.49156120755027321806e-04,2.50359727559418820952e-01,6.41109972497421887927e-16,-1.71645399255729470952e-06,-1.70799225073509081249e-06,-1.70817896408769791445e-06,1.27932457142914189219e-06,1.25109551624939975855e-06,4.87232797248707688297e-15,4.86991961566785844678e-15,4.87232797248707688297e-15,True,4.86991961566785844678e-15,True,series tail and order change; rounding and minimizer search are not enclosed
4294967296,32,joint_window,1.28,1.0239648225487126,64,1.72221254334442032928e-04,1.59840546660640678680e-04,1.59677345431990109744e-04,2.50405632618589391036e-01,6.40313722578676614302e-16,-1.87801110823937713787e-06,-1.87104657262414418931e-06,-1.87123187412847899274e-06,1.05302851429922371549e-06,1.02501117379195114716e-06,4.57292137117514391771e-15,4.57053092929319913664e-15,4.57292137117514391771e-15,True,4.57053092929319913664e-15,True,series tail and order change; rounding and minimizer search are not enclosed
4294967296,32,joint_window,1.29,1.0241520477248744,64,1.82584563474503451357e-04,1.70944955005004976248e-04,1.70759532533451237942e-04,2.50451538103095783239e-01,6.39518363650860285648e-16,-2.04818861044294922178e-06,-2.04245004356893474482e-06,-2.04263391230216198092e-06,8.67717617959653946803e-07,8.39915182024716221938e-07,4.29438068501136201605e-15,4.29200788811300732905e-15,4.29438068501136201605e-15,True,4.29200788811300732905e-15,True,series tail and order change; rounding and minimizer search are not enclosed
4294967296,32,joint_window,1.3,1.0243392729010363,64,1.93569998630096438410e-04,1.82631992663298179345e-04,1.82421746775713824627e-04,2.50497444013133507834e-01,6.38723894847087539546e-16,-2.22744910644314994650e-06,-2.22271474377839080251e-06,-2.22289715132888073294e-06,7.15918353248119642803e-07,6.88335144796443423492e-07,4.03523901357253711317e-15,4.03288359816696050953e-15,4.03523901357253711317e-15,True,4.03288359816696050953e-15,True,series tail and order change; rounding and minimizer search are not enclosed
4294967296,32,joint_window,1.31,1.024526498077198,64,2.05196721064586964358e-04,1.94921139408241623223e-04,1.94683215014708694071e-04,2.50543350348897853053e-01,6.37930315301135459520e-16,-2.41626411754997618060e-06,-2.41235279470456247795e-06,-2.41253370408230836909e-06,5.91497137272507929353e-07,5.64138777283316829301e-07,3.79412307043412401054e-15,3.79178477930996776968e-15,3.79412307043412401054e-15,True,3.79178477930996776968e-15,True,series tail and order change; rounding and minimizer search are not enclosed
4294967296,32,joint_window,1.32,1.0247137232533599,64,2.17483639590682748238e-04,2.07832042168241580213e-04,2.07563312107296676998e-04,2.50589257110584107124e-01,6.37137624147440715423e-16,-2.61511358288962270958e-06,-2.61187737823859332975e-06,-2.61205674263810628069e-06,4.89431564260303671770e-07,4.62305159200454241881e-07,3.56974714593012123797e-15,3.56742572797991383526e-15,3.56974714593012123797e-15,True,3.56742572797991383526e-15,True,series tail and order change; rounding and minimizer search are not enclosed
4294967296,32,joint_window,1.33,1.0249009484295217,64,2.30449483944752058591e-04,2.21384501799537394655e-04,2.21081546705136761360e-04,2.50635164298387891346e-01,6.36345820521104986845e-16,-2.82448544730083906046e-06,-2.82180360797258428414e-06,-2.82198136937185329806e-06,4.05616647484898001595e-07,3.78731001580985068748e-07,3.36090827687973674724e-15,3.35860348693171244215e-15,3.36090827687973674724e-15,True,3.35860348693171244215e-15,True,series tail and order change; rounding and minimizer search are not enclosed
4294967296,32,joint_window,1.34,1.0250881736056836,64,2.44112870972678443248e-04,2.35598459833981496367e-04,2.35257547007173986684e-04,2.50681071912504715993e-01,6.35554903557891117428e-16,-3.04487532481435369197e-06,-3.04264927144205971944e-06,-3.04282535901959281491e-06,3.36701936066917216625e-07,3.10067791159694089896e-07,3.16648214972294903195e-15,3.16419374838004490716e-15,3.16648214972294903195e-15,True,3.16419374838004490716e-15,True,series tail and order change; rounding and minimizer search are not enclosed
4294967296,32,joint_window,1.35,1.0252753987818453,64,2.58492361822691522899e-04,2.50493985225551114415e-04,2.50111046495416801394e-04,2.50726979953129702761e-01,6.34764872394224100933e-16,-3.27678622743535018615e-06,-3.27493545959790251882e-06,-3.27510978795001036698e-06,2.79955507215382353949e-07,2.53585812905199108083e-07,2.98541940484557970155e-15,2.98314715833131551350e-15,2.98541940484557970155e-15,True,2.98314715833131551350e-15,True,series tail and order change; rounding and minimizer search are not enclosed
4294967296,32,joint_window,1.36,1.0254626239580071,64,2.73606509362491552746e-04,2.66091261118175514012e-04,2.65661869678213548394e-04,2.50772888420458639480e-01,6.33975726167188024408e-16,-3.52072834831469808894e-06,-3.51918709751448125422e-06,-3.51935956465132597460e-06,2.33151075709526493912e-07,2.07061293053147487073e-07,2.81674212585385999142e-15,2.81448580586468628580e-15,2.81674212585385999142e-15,True,2.81448580586468628580e-15,True,series tail and order change; rounding and minimizer search are not enclosed
4294967296,32,joint_window,1.37,1.025649849134169,64,2.89473895811905501327e-04,2.82410571655943910298e-04,2.81929917863852350698e-04,2.50818797314686592337e-01,6.33187464014530899960e-16,-3.77721888856342422102e-06,-3.77593338841629140665e-06,-3.77610387351591433305e-06,1.94474777215071734835e-07,1.68683219131099421278e-07,2.65954038703330806550e-15,2.65729977059735116582e-15,2.65954038703330806550e-15,True,2.65729977059735116582e-15,True,series tail and order change; rounding and minimizer search are not enclosed
4294967296,32,joint_window,1.38,1.0258370743103309,64,3.06113161120467500934e-04,2.99472288856489951125e-04,2.98935154987011461949e-04,2.50864706636009016094e-01,6.32400085074660720452e-16,-4.04678191770226601282e-06,-4.04570818148917169194e-06,-4.04587654238536644554e-06,1.62448536399890751395e-07,1.36976748447866032504e-07,2.51296879708792954104e-15,2.51074366642973385229e-15,2.51296879708792954104e-15,True,2.51074366642973385229e-15,True,series tail and order change; rounding and minimizer search are not enclosed
4294967296,32,joint_window,1.39,1.0260242994864925,64,3.23543022952039603830e-04,3.17296859566624210331e-04,3.16697593508971197551e-04,2.50910616384621254493e-01,6.31613588486647135829e-16,-4.32994825880447819534e-06,-4.32905027254142495217e-06,-4.32921634292050561956e-06,1.35867302548223035317e-07,1.10740487871631118942e-07,2.37624302119442808410e-15,2.37403316360547246373e-15,2.37624302119442808410e-15,True,2.37403316360547246373e-15,True,series tail and order change; rounding and minimizer search are not enclosed
4294967296,32,joint_window,1.4,1.0262115246626544,64,3.41782289310609108286e-04,3.35904792518867685146e-04,3.35237280412139853833e-04,2.50956526560718984342e-01,6.30827973390217706035e-16,-4.62725539061513809402e-06,-4.62650364540400006351e-06,-4.62666723168389813813e-06,1.13747797356659830909e-07,8.89952898262865295470e-08,2.24863629070361271883e-15,2.24644149841845931467e-15,2.24863629070361271883e-15,True,2.24644149841845931467e-15,True,series tail and order change; rounding and minimizer search are not enclosed
4294967296,32,joint_window,1.41,1.0263987498388163,64,3.60849864893664879720e-04,3.55316645505965192451e-04,3.54574283307832621454e-04,2.51002437164497216315e-01,6.30043238925762929993e-16,-4.93924736018207558800e-06,-4.93861766093093890228e-06,-4.93877853879382309283e-06,9.52867634094905993940e-08,7.09425533442515888450e-08,2.12947592471917221054e-15,2.12729599479687226772e-15,2.12947592471917221054e-15,True,2.12729599479687226772e-15,True,series tail and order change; rounding and minimizer search are not enclosed
4294967296,32,joint_window,1.42,1.0265859750149782,64,3.80764752231577065407e-04,3.75553012690176479197e-04,3.74728676676112611773e-04,2.51048348196151627221e-01,6.29259384234332695737e-16,-5.26647470074037245876e-06,-5.26594719960711728224e-06,-5.26610511015488714798e-06,7.98270127208868396681e-08,5.59303298441145225693e-08,2.01813989396242713873e-15,2.01597462817310291746e-15,2.01813989396242713873e-15,True,2.01597462817310291746e-15,True,series tail and order change; rounding and minimizer search are not enclosed
4294967296,32,joint_window,1.43,1.0267732001911398,64,4.01546048592494740810e-04,3.96634512062483816138e-04,3.95720528254753104239e-04,2.51094259655877227733e-01,6.28476408457637167878e-16,-5.60949435067310180156e-06,-5.60905276300399468050e-06,-5.60920740850588385668e-06,6.68298534156724254306e-08,4.34258117243460255512e-08,1.91405345781139434233e-15,1.91190266252768554648e-15,1.91405345781139434233e-15,True,1.91190266252768554648e-15,True,series tail and order change; rounding and minimizer search are not enclosed
4294967296,32,joint_window,1.44,1.0269604253673017,64,4.23212939526606104004e-04,4.18581773066413953197e-04,4.17569885594055837958e-04,2.51140171543869750170e-01,6.27694310738043632163e-16,-5.96886957033792388055e-06,-5.96850053869813022139e-06,-5.96865157789337340190e-06,5.58527129973343361156e-08,3.29930231745339913161e-08,1.81668590245333324796e-15,1.81454938854657267473e-15,1.81668590245333324796e-15,True,1.81454938854657267473e-15,True,series tail and order change; rounding and minimizer search are not enclosed
4294967296,32,joint_window,1.45,1.0271476505434636,64,4.45784689808025600451e-04,4.41415424399594529589e-04,4.40296762792646606717e-04,2.51186083860324149697e-01,6.26913090218581623066e-16,-6.34516985435404617250e-06,-6.34486243269289339197e-06,-6.34500947561511785240e-06,4.65309848207237893406e-08,2.42747392630627545895e-08,1.72554740336667284256e-15,1.72342498610756997780e-15,1.72554740336667284256e-15,True,1.72342498610756997780e-15,True,series tail and order change; rounding and minimizer search are not enclosed
4294967296,32,joint_window,1.46,1.0273348757196255,64,4.69280632417479529311e-04,4.65156082006137276252e-04,4.63921127429341444322e-04,2.51231996605436047609e-01,6.26132746042938585059e-16,-6.73897083764159714062e-06,-6.73871607292518044361e-06,-6.73885867520930109112e-06,3.85632989079553634864e-08,1.69778353323263874153e-08,1.64018602996059172302e-15,1.63807752892422963076e-15,1.64018602996059172302e-15,True,1.63807752892422963076e-15,True,series tail and order change; rounding and minimizer search are not enclosed
4294967296,32,joint_window,1.47,1.027522100895787,64,4.93720156100682303069e-04,4.89824337271042940106e-04,4.88462887704339669172e-04,2.51277909779400787649e-01,6.25353277355461844758e-16,-7.15085419404580253759e-06,-7.15064478700727233947e-06,-7.15078244363803619630e-06,3.16995649894085904472e-08,1.08614148332538636640e-08,1.56018490486750306665e-15,1.55809014384249612550e-15,1.56018490486750306665e-15,True,1.55809014384249612550e-15,True,series tail and order change; rounding and minimizer search are not enclosed
4294967296,32,joint_window,1.48,1.027709326071949,64,5.19122691941004067891e-04,5.15440745427760247006e-04,5.13941879802844257125e-04,2.51323823382413547023e-01,6.24574683301154863840e-16,-7.58140752683432103676e-06,-7.58123755700430813041e-06,-7.58136969546499041306e-06,2.57312572889034993539e-08,5.72718521845096756577e-09,1.48515952550518942709e-15,1.48307833240677767977e-15,1.48515952550518942709e-15,True,1.48307833240677767977e-15,True,series tail and order change; rounding and minimizer search are not enclosed
4294967296,32,joint_window,1.49,1.0278965512481109,64,5.45507699299634780075e-04,5.42025814188259796519e-04,5.40377855492508952714e-04,2.51369737414669613962e-01,6.23796963025681774988e-16,-8.03122425069471943416e-06,-8.03108895372667307751e-06,-8.03121492650357422620e-06,2.04835101989927812364e-08,1.41165147463771498718e-09,1.41475525131926080872e-15,1.41268745810619537981e-15,1.41475525131926080872e-15,True,1.41268745810619537981e-15,True,series tail and order change; rounding and minimizer search are not enclosed
4294967296,32,joint_window,1.5,1.0280837764242725,64,5.72894651405561877028e-04,5.69599992605201543676e-04,5.67790469966314654063e-04,2.51415651876364332207e-01,6.23020115675365508350e-16,-8.50090346514533769500e-06,-8.50079905275543008802e-06,-8.50091812915086187438e-06,1.58086766634594923058e-08,-2.22022043715178585746e-09,1.34864495663960386144e-15,1.34659039926467255971e-15,1.34864495663960386144e-15,True,1.34659039926467255971e-15,True,series tail and order change; rounding and minimizer search are not enclosed
4294967296,32,joint_window,1.51,1.0282710016004344,64,6.01303020816526859714e-04,5.98183660174198363925e-04,5.96199269940729981339e-04,2.51461566767693267543e-01,6.22244140397183452800e-16,-8.99104981946500961092e-06,-8.99097333417524181755e-06,-8.99108469138160256665e-06,1.15810669120963594885e-08,-5.28015257195527245363e-09,1.28652684633541450448e-15,1.28448536461746827083e-15,1.28652684633541450448e-15,True,1.28448536461746827083e-15,True,series tail and order change; rounding and minimizer search are not enclosed
4294967296,32,joint_window,1.52,1.0284582267765963,64,6.30752264922338564020e-04,6.27797116183149181250e-04,6.25623682018218224207e-04,2.51507482088851708202e-01,6.21469036338774062654e-16,-9.50227336939937425320e-06,-9.50222256777480270631e-06,-9.50232528115753729853e-06,7.69264057924834234140e-09,-7.86074265961451703146e-09,1.22812242935997435175e-15,1.22609386691572964236e-15,1.22812242935997435175e-15,True,1.22609386691572964236e-15,True,series tail and order change; rounding and minimizer search are not enclosed
4294967296,32,joint_window,1.53,1.0286454519527581,64,6.61261811622318408307e-04,6.58460569315988375992e-04,6.56083001323234937807e-04,2.51553397840034664856e-01,6.20694802648432025891e-16,-1.00351894260200031521e-05,-1.00351626853117768682e-05,-1.00352557178495999449e-05,4.04946775521168513948e-09,-1.00388749674235674206e-08,1.17317464375640322594e-15,1.17115884795032193183e-15,1.17317464375640322594e-15,True,1.17115884795032193183e-15,True,series tail and order change; rounding and minimizer search are not enclosed
4294967296,32,joint_window,1.54,1.0288326771289198,64,6.92851045275157616764e-04,6.90194127516108877143e-04,6.87596380418870186876e-04,2.51599314021437259203e-01,6.19921438475110039093e-16,-1.05904183971772882259e-05,-1.05904146412611643207e-05,-1.05904968320866396322e-05,5.68811197194883814707e-10,-1.18785013359696576446e-08,1.12144612566347700378e-15,1.11944294754075232250e-15,1.12144612566347700378e-15,True,1.11944294754075232250e-15,True,series tail and order change; rounding and minimizer search are not enclosed
4294967296,32,joint_window,1.55,1.0290199023050817,64,7.25539292993663165361e-04,7.23017788115045182372e-04,7.20182818511602013123e-04,2.51645230633255223562e-01,6.19148942968415553394e-16,-1.11685856220455795133e-05,-1.11686042633385565264e-05,-1.11686743153237110068e-05,-2.82329012744969219572e-09,-1.34329124516815072720e-08,1.07271761424957539635e-15,1.07072690844168644619e-15,1.07271761424957539635e-15,True,1.07072690844168644619e-15,True,series tail and order change; rounding and minimizer search are not enclosed
4294967296,32,joint_window,1.56,1.0292071274812435,64,7.59345811336844633659e-04,7.56951428230314121021e-04,7.53861150949711698865e-04,2.51691147675683790652e-01,6.18377315278614817391e-16,-1.17703211992767613637e-05,-1.17703620939526448514e-05,-1.17704185602789563074e-05,-6.19403260681223721203e-09,-1.47465949845680452747e-08,1.02678648399810356678e-15,1.02480810871925841292e-15,1.02678648399810356678e-15,True,1.02480810871925841292e-15,True,series tail and order change; rounding and minimizer search are not enclosed
4294967296,32,joint_window,1.57,1.0293943526574054,64,7.94289773434854896178e-04,7.92014795436854143751e-04,7.88650039021701241247e-04,2.51737065148917971147e-01,6.17606554556630017525e-16,-1.23962598093085287973e-05,-1.23963232236530508310e-05,-1.23963644933034811742e-05,-9.60553321860896664763e-09,-1.58567528942166509020e-08,9.83465396119592639526e-16,9.81499213086199992354e-16,9.83465396119592639526e-16,True,9.81499213086199992354e-16,True,series tail and order change; rounding and minimizer search are not enclosed
4294967296,32,joint_window,1.58,1.029581577833567,64,8.30390256570544076607e-04,8.28227498714728216193e-04,8.24567960058834631583e-04,2.51782983053153330832e-01,6.16836659954040559976e-16,-1.30470405313585417848e-05,-1.30471271175167883444e-05,-1.30471513996290521768e-05,-1.31162507211823305794e-08,-1.67945554178624819857e-08,9.42581060417583748013e-16,9.40626934785783068017e-16,9.42581060417583748013e-16,True,9.40626934785783068017e-16,True,series tail and order change; rounding and minimizer search are not enclosed
4294967296,32,joint_window,1.59,1.029768803009729,64,8.67666230231499890566e-04,8.65608999675998363674e-04,8.61633197846535482320e-04,2.51828901388584658338e-01,6.16067630623079027755e-16,-1.37233066556469108978e-05,-1.37234174353589611370e-05,-1.37234227423703968041e-05,-1.67821946704177566580e-08,-1.75861622688058973439e-08,9.03973099536794492523e-16,9.02030899848693147462e-16,9.03973099536794492523e-16,True,9.02030899848693147462e-16,True,series tail and order change; rounding and minimizer search are not enclosed
4294967296,32,joint_window,1.6,1.0299560281858908,64,9.06136544638537488883e-04,9.04178604072110206173e-04,8.99863833347396935118e-04,2.51874820155407741495e-01,6.15299465716636406908e-16,-1.44257054913508972905e-05,-1.44258418465419922241e-05,-1.44258259760601565032e-05,-2.06579631379659575005e-08,-1.82535674844431864033e-08,8.67493007744441047115e-16,8.65562605876507130200e-16,8.67493007744441047115e-16,True,8.65562605876507130200e-16,True,series tail and order change; rounding and minimizer search are not enclosed
4294967296,32,joint_window,1.61,1.0301432533620527,64,9.45819919752474138827e-04,9.43955453584070921721e-04,9.39277735739497835268e-04,2.51920739353817535466e-01,6.14532164388258536636e-16,-1.51548881708146835094e-05,-1.51550518401296279792e-05,-1.51550123554603096646e-05,-2.47976429014756787230e-08,-1.88152953224267688207e-08,8.33003196781340953851e-16,8.31084467894769831923e-16,8.33003196781340953851e-16,True,8.31084467894769831923e-16,True,series tail and order change; rounding and minimizer search are not enclosed
4294967296,32,joint_window,1.62,1.0303304785382144,64,9.86734934755295264863e-04,9.84958517895523962687e-04,9.79892553771816816541e-04,2.51966658984009495015e-01,6.13765725792146996770e-16,-1.59115094504853687388e-05,-1.59117025310373224126e-05,-1.59116367402939180159e-05,-2.92555993890180610759e-08,-1.92869743077217038895e-08,8.00376121756025092213e-16,7.98468944249042706042e-16,8.00376121756025092213e-16,True,7.98468944249042706042e-16,True,series tail and order change; rounding and minimizer search are not enclosed
4294967296,32,joint_window,1.63,1.0305177037143762,64,1.02890001800049466808e-03,1.02720658704977111687e-03,1.02172570743872589277e-03,2.52012579046178630815e-01,6.13000149083156248147e-16,-1.66962275090459084069e-05,-1.66964524627964412250e-05,-1.66963573965221983176e-05,-3.40871785621133016535e-08,-1.96818127555189419520e-08,7.69493480501082544740e-16,7.67597735962956889013e-16,7.69493480501082544740e-16,True,7.67597735962956889013e-16,True,series tail and order change; rounding and minimizer search are not enclosed
4294967296,32,joint_window,1.64,1.030704928890538,64,1.07233343742278762825e-03,1.07071826408977350403e-03,1.06479437997425083196e-03,2.52058499540520342119e-01,6.12235433416797872739e-16,-1.75097037431735426134e-05,-1.75099634074822878456e-05,-1.75098357947046023245e-05,-3.93493391047204858984e-08,-2.00109922656309852033e-08,7.40245480263930350428e-16,7.38361053430640054670e-16,7.40245480263930350428e-16,True,7.38361053430640054670e-16,True,series tail and order change; rounding and minimizer search are not enclosed
4294967296,32,joint_window,1.65,1.0308921540667,64,1.11705329139954686636e-03,1.11551195798161007465e-03,1.10911551016749931886e-03,2.52104420467229528580e-01,6.11471577949237220992e-16,-1.83526025613602267270e-05,-1.83529001633353809272e-05,-1.83527364059785308772e-05,-4.51012289693200545834e-08,-2.02839943243683848468e-08,7.12530166048031919564e-16,7.10656944759431396812e-16,7.12530166048031919564e-16,True,7.10656944759431396812e-16,True,series tail and order change; rounding and minimizer search are not enclosed
4294967296,32,joint_window,1.66,1.0310793792428616,64,1.16307750005142950846e-03,1.16160587681970236401e-03,1.15470578499877476152e-03,2.52150341826501644960e-01,6.10708581837294890941e-16,-1.92255911761735455781e-05,-1.92259303505420140520e-05,-1.92257264961180314791e-05,-5.14047195248920129668e-08,-2.05088722407958835897e-08,6.86252805354976211867e-16,6.84390680513343384681e-16,6.86252805354976211867e-16,True,6.84390680513343384681e-16,True,series tail and order change; rounding and minimizer search are not enclosed
4294967296,32,joint_window,1.67,1.0312666044190235,64,1.21042379697200398400e-03,1.20901802131297120800e-03,1.20158163259655561064e-03,2.52196263618532035000e-01,6.09946444238442783908e-16,-2.01293393953458354950e-05,-2.01297242056212768307e-05,-2.01294759181174117129e-05,-5.83249063000492298825e-08,-2.06924772158878904762e-08,6.61325324490227821449e-16,6.59474190020071461576e-16,6.61325324490227821449e-16,True,6.59474190020071461576e-16,True,series tail and order change; rounding and minimizer search are not enclosed
4294967296,32,joint_window,1.68,1.0314538295951854,64,1.25910972137374655398e-03,1.25776617854946319748e-03,1.24975921551380214289e-03,2.52242185843515709376e-01,6.09185164310809232093e-16,-2.10645194120265462096e-05,-2.10649543748076440060e-05,-2.10646569036898102280e-05,-6.59305845035746492388e-08,-2.08406468627022403088e-08,6.37665791988676073627e-16,6.35825544797682749848e-16,6.37665791988676073627e-16,True,6.35825544797682749848e-16,True,series tail and order change; rounding and minimizer search are not enclosed
4294967296,32,joint_window,1.69,1.031641054771347,64,1.30915261063952511472e-03,1.30786791603829132859e-03,1.29925442432334979810e-03,2.52288108501647956317e-01,6.08424741213176434782e-16,-2.20318055945460070533e-05,-2.20322957068286610569e-05,-2.20319438540757814651e-05,-7.42947070978647710488e-08,-2.09583632692822639439e-08,6.15197945083746551448e-16,6.13368485024758026988e-16,6.15197945083746551448e-16,True,6.13368485024758026988e-16,True,series tail and order change; rounding and minimizer search are not enclosed
4294967296,32,joint_window,1.7,1.031828279947509,64,1.36056959326740748058e-03,1.35934057602610930404e-03,1.35008287153034990322e-03,2.52334031593123842008e-01,6.07665174104976711251e-16,-2.30318742759985108613e-05,-2.30324250454115521565e-05,-2.30320131304949068159e-05,-8.34948293463303011371e-08,-2.10498843958895900842e-08,5.93850755488938393195e-16,5.92031985322839171395e-16,5.93850755488938393195e-16,True,5.92031985322839171395e-16,True,series tail and order change; rounding and minimizer search are not enclosed
4294967296,32,joint_window,1.75,1.032764405828318,64,1.63884997212330974989e-03,1.63785826425857862672e-03,1.62474995525182337383e-03,2.52563653557490719326e-01,6.03880149031396877034e-16,-2.85477379001803808697e-05,-2.85486949184560970944e-05,-2.85478778685931903602e-05,-1.45126830762833708476e-07,-2.12254798557267448298e-08,5.01757556536018421145e-16,4.99990876521902018188e-16,5.01757556536018421145e-16,True,4.99990876521902018188e-16,True,series tail and order change; rounding and minimizer search are not enclosed
4294967296,32,joint_window,1.8,1.0337005317091272,64,1.95392118453401779712e-03,1.95311210572030958046e-03,1.93492075978720745426e-03,2.52793286384725757188e-01,6.00116397984059384076e-16,-3.49853775450995312796e-05,-3.49869774853406420752e-05,-3.49855167777614437137e-05,-2.42699858090981857440e-07,-2.11206308489629735437e-08,4.29423416310499824010e-16,4.27706811418152835579e-16,4.29423416310499824010e-16,True,4.27706811418152835579e-16,True,series tail and order change; rounding and minimizer search are not enclosed
4294967296,32,joint_window,1.85,1.0346366575899362,64,2.30765562594173814781e-03,2.30698878500720794271e-03,2.28220500259119357667e-03,2.53022930099220444422e-01,5.96373816625767550430e-16,-4.24302996221415898610e-05,-4.24328943288879807325e-05,-4.24304372430503993520e-05,-3.93724960084529177155e-07,-2.08828171820027505839e-08,3.71971798272281888327e-16,3.70303578028085991136e-16,3.71971798272281888327e-16,True,3.70303578028085991136e-16,True,series tail and order change; rounding and minimizer search are not enclosed
4294967296,32,joint_window,1.9,1.0355727834707453,64,2.70175956357508436148e-03,2.70120474629811100145e-03,2.66800842034706263764e-03,2.53252584725363549811e-01,5.92652301025783106198e-16,-5.09677135434412537963e-05,-5.09718114337618950077e-05,-5.09678491540970965944e-05,-6.22020338530942395795e-07,-2.05843931750751792083e-08,3.25870773714919076163e-16,3.24249550441634385821e-16,3.25870773714919076163e-16,True,3.24249550441634385821e-16,True,series tail and order change; rounding and minimizer search are not enclosed
4294967296,32,joint_window,1.95,1.0365089093515545,64,3.13776549639022475646e-03,3.13729983043956918431e-03,3.09352724964313255049e-03,2.53482250287538846134e-01,5.88951747659043742117e-16,-6.06819494763181357597e-05,-6.06882678831110783553e-05,-6.06820829181329711617e-05,-9.59383323786926472677e-07,-2.02617297116200194160e-08,2.88528314225802968128e-16,2.86952979575902918922e-16,2.88528314225802968128e-16,True,2.86952979575902918922e-16,True,series tail and order change; rounding and minimizer search are not enclosed
4294967296,32,joint_window,2.0,1.0374450352323634,64,3.61702802883654165808e-03,3.61663400447493179127e-03,3.55974646787210946206e-03,2.53711926810126553455e-01,5.85272053405368529419e-16,-7.16559211154539350656e-05,-7.16654508297856658594e-05,-7.16560523523327753959e-05,-1.44745671529815127032e-06,-1.99334095701047385165e-08,2.58018297952168030988e-16,2.56487996665654033951e-16,2.58018297952168030988e-16,True,2.56487996665654033951e-16,True,series tail and order change; rounding and minimizer search are not enclosed
4294967296,32,joint_window,2.05,1.0383811611131726,64,4.14072271578422735488e-03,4.14038678665584487099e-03,4.06744134156072044417e-03,2.53941614317503505660e-01,5.81613115548656141318e-16,-8.39706384729810252285e-05,-8.39847217235219298953e-05,-8.39707675316414851527e-05,-2.13978716940933055051e-06,-1.96089716004241828244e-08,2.32892478174863080642e-16,2.31406578312739894675e-16,2.32892478174863080642e-16,True,2.31406578312739894675e-16,True,series tail and order change; rounding and minimizer search are not enclosed
4294967296,32,joint_window,2.1,1.0393172869939817,64,4.70984739398930003090e-03,4.70955897591441782768e-03,4.61718181802571545763e-03,2.54171312834042206763e-01,5.77974831776086229962e-16,-9.77047733875544086729e-05,-9.77251963855411878018e-05,-9.77049003264484836051e-05,-3.10405952226046176088e-06,-1.92932433817406109538e-08,2.12049738009909889765e-16,2.10607797293611392976e-16,2.12049738009909889765e-16,True,2.10607797293611392976e-16,True,series tail and order change; rounding and minimizer search are not enclosed
4294967296,32,joint_window,2.15,1.0402534128747907,64,5.32522556612427273165e-03,5.32497631230657159085e-03,5.20933930165148710578e-03,2.54401022384111274999e-01,5.74357100177307195517e-16,-1.12934278668526161434e-04,-1.12963379675949963585e-04,-1.12934403561325172154e-04,-4.42448162292799932962e-06,-1.89885477731905240691e-08,1.94644029589712366027e-16,1.93245757904129407845e-16,1.94644029589712366027e-16,True,1.93245757904129407845e-16,True,series tail and order change; rounding and minimizer search are not enclosed
4294967296,32,joint_window,2.2,1.0411895387555998,64,5.98751144972166707281e-03,5.98729472021023931272e-03,5.84409537416611789967e-03,2.54630742992076108955e-01,5.70759819243618038800e-16,-1.29732060414178675470e-04,-1.29772854078804970347e-04,-1.29732183340879178232e-04,-6.20428760945517717573e-06,-1.86958579135123792738e-08,1.80018775603321104479e-16,1.78663994175486722083e-16,1.80018775603321104479e-16,True,1.78663994175486722083e-16,True,series tail and order change; rounding and minimizer search are not enclosed
4294967296,32,joint_window,2.25,1.042125664636409,64,6.69719634680150319173e-03,6.69700681603870983521e-03,6.52145204557262863493e-03,2.54860474682297777349e-01,5.67182887867153862399e-16,-1.48167701995751397749e-04,-1.48224020451981331435e-04,-1.48167823037845605705e-04,-8.56832285183712411469e-06,-1.84154133935857628201e-08,1.67659598814348611800e-16,1.66348197029131869461e-16,1.67659598814348611800e-16,True,1.66348197029131869461e-16,True,series tail and order change; rounding and minimizer search are not enclosed
4294967296,32,joint_window,2.3,1.043061790517218,64,7.45461603095838760968e-03,7.45444939456591567500e-03,7.24124315592839396666e-03,2.55090217479133851697e-01,5.63626205340056876467e-16,-1.68307237421633595388e-04,-1.68383888392616989059e-04,-1.68307356659507293371e-04,-1.16656708101726979044e-05,-1.81470580581572976417e-08,1.57159896992510611378e-16,1.55891788210440813090e-16,1.57159896992510611378e-16,True,1.55891788210440813090e-16,True,series tail and order change; rounding and minimizer search are not enclosed
4294967296,32,joint_window,2.35,1.043997916398027,64,8.25995888725800098129e-03,8.25981164089050270971e-03,8.00314658549027869994e-03,2.55319971406937795688e-01,5.60089671353643164388e-16,-1.90212971239882072325e-04,-1.90315913104013552729e-04,-1.90213088751433776966e-04,-1.56722806388675101042e-05,-1.78904252789602822402e-08,1.48195522460071967666e-16,1.46970600516120027716e-16,1.48195522460071967666e-16,True,1.46970600516120027716e-16,True,series tail and order change; rounding and minimizer search are not enclosed
4294967296,32,joint_window,2.4,1.0449340422788362,64,9.11327457627890240299e-03,9.11314384733545590489e-03,8.80669696988255548686e-03,2.55549736490059853367e-01,5.56573185997571617819e-16,-2.13943341762293237629e-04,-2.14079875275764459214e-04,-2.13943457622267846699e-04,-2.07935543878474023421e-05,-1.76450464185507909002e-08,1.40505983511588827968e-16,1.39324081755354322955e-16,1.40505983511588827968e-16,True,1.39324081755354322955e-16,True,series tail and order change; rounding and minimizer search are not enclosed
4294967296,32,joint_window,2.45,1.0458701681596452,64,1.00144830268486962482e-02,1.00143664453212245802e-02,9.65129865632575328904e-03,2.55779512752845661350e-01,5.53076649759000545768e-16,-2.39552824165903789980e-04,-2.39731800270847608333e-04,-2.39552938445580657426e-04,-2.72668539615689587557e-05,-1.74104046559331208684e-08,1.33880364125109278632e-16,1.32741218880220169549e-16,1.33880364125109278632e-16,True,1.32741218880220169549e-16,True,series tail and order change; rounding and minimizer search are not enclosed
4294967296,32,joint_window,2.5,1.0468062940404543,64,1.09633835923281190011e-02,1.09632791908853138851e-02,1.05362386753677199358e-02,2.56009300219638025187e-01,5.49599963521739057484e-16,-2.67091869918730700009e-04,-2.67323912820977525884e-04,-2.67091982685869642686e-04,-3.53638904172985280732e-05,-1.71859742144313081728e-08,1.28146688699377884911e-16,1.27049908857872765051e-16,1.28146688699377884911e-16,True,1.27049908857872765051e-16,True,series tail and order change; rounding and minimizer search are not enclosed
4294967296,32,joint_window,2.55,1.0477424199212635,64,1.19596642326339902551e-02,1.19595703687357200057e-02,1.14606995390949574498e-02,2.56239098914775698113e-01,5.46143028565401304949e-16,-2.96606878961807891165e-04,-2.96904623439096749735e-04,-2.96606990280699278975e-04,-4.53929614780994501212e-05,-1.69712362145976527379e-08,1.23163823583488882313e-16,1.22108867716362194917e-16,1.23163823583488882313e-16,True,1.22108867716362194917e-16,True,series tail and order change; rounding and minimizer search are not enclosed
4294967296,32,joint_window,2.6,1.0486785458020726,64,1.30029106086331416176e-02,1.30028259033756268814e-02,1.24237717108651220949e-02,2.56468908862593325537e-01,5.42705746564547413359e-16,-3.28140201138043706083e-04,-3.28518542843582233778e-04,-3.28140311069624905291e-04,-5.77010071806988272792e-05,-1.67656888053854117629e-08,1.18815261214996901784e-16,1.17801423103300286735e-16,1.18815261214996901784e-16,True,1.17801423103300286735e-16,True,series tail and order change; rounding and minimizer search are not enclosed
4294967296,32,joint_window,2.65,1.0496146716828816,64,1.40926149971104149039e-02,1.40925382868803353992e-02,1.34244656227389385500e-02,2.56698730087421833623e-01,5.39288019587825101850e-16,-3.61730163472417888190e-04,-3.62206520832561657333e-04,-3.61730272074428302331e-04,-7.26754580266511437123e-05,-1.65688530819302449726e-08,1.15004311423066032418e-16,1.14030714345752509258e-16,1.15004311423066032418e-16,True,1.14030714345752509258e-16,True,series tail and order change; rounding and minimizer search are not enclosed
4294967296,32,joint_window,2.7,1.0505507975636907,64,1.52281849534402109747e-02,1.52281152514421209976e-02,1.44617231448625933876e-02,2.56928562613589150931e-01,5.35889750097101344856e-16,-3.97411120063192752766e-04,-3.98005706234039018099e-04,-3.97411227390357703337e-04,-9.07458548177026108443e-05,-1.63802775267261816519e-08,1.11650351555873431005e-16,1.10715951075214866778e-16,1.98571627890720137088e-16,True,1.10715951075214866778e-16,True,series tail and order change; rounding and minimizer search are not enclosed
4294967296,32,joint_window,2.75,1.0514869234445,64,1.64089516654767307580e-02,1.64088881309303186162e-02,1.55344284358671525653e-02,2.57158406465418765130e-01,5.32510840946597879163e-16,-4.35213521527345013895e-04,-4.35949624773381179399e-04,-4.35213627631535985435e-04,-1.12385224206496754412e-04,-1.61995344488966708974e-08,1.08685878410568756698e-16,1.07789472840876133870e-16,1.08685878410568756698e-16,True,1.07789472840876133870e-16,True,series tail and order change; rounding and minimizer search are not enclosed
4294967296,32,joint_window,2.8,1.0524230493253088,64,1.76341779563097544870e-02,1.76341198696385453859e-02,1.66414181250826090364e-02,2.57388261667230444640e-01,5.29151195382014976664e-16,-4.75164001146256408797e-04,-4.76068271934668857392e-04,-4.75164106076670159085e-04,-1.38111198825902634166e-04,-1.60262229071644765996e-08,1.06054171189951889135e-16,1.05194418480706683553e-16,1.06054171189951889135e-16,True,1.05194418480706683553e-16,True,series tail and order change; rounding and minimizer search are not enclosed
4294967296,32,joint_window,2.85,1.053359175206118,64,1.89030659055327600326e-02,1.89030126482676620603e-02,1.77814907960052101532e-02,2.57618128243341182326e-01,5.25810717039650878365e-16,-5.17285475070467046926e-04,-5.18388218136019932741e-04,-5.17285578873769372188e-04,-1.68486875509970374879e-04,-1.58599633568793089124e-08,1.03707423182197785811e-16,1.02882862635917403196e-16,1.03707423182197785811e-16,True,1.02882862635917403196e-16,True,series tail and order change; rounding and minimizer search are not enclosed
4294967296,32,joint_window,2.9,1.0542953010869272,64,2.02147640688285189225e-02,2.02147151072413905348e-02,1.89534157562586159929e-02,2.57848006218063363626e-01,5.22489309945523890812e-16,-5.61597254159623086173e-04,-5.62932723784996275757e-04,-5.61597356880137905943e-04,-2.04121409452383598647e-04,-1.57004046146979223951e-08,1.01605235579389500462e-16,1.00814312678765167827e-16,1.01605235579389500462e-16,True,1.00814312678765167827e-16,True,series tail and order change; rounding and minimizer search are not enclosed
4294967296,32,joint_window,2.95,1.055231426967736,64,2.15683742841622436148e-02,2.15683291558708550850e-02,2.01559410924599738402e-02,2.58077895615705765753e-01,5.19186878514483537066e-16,-6.08115165250382606194e-04,-6.09721862023089328925e-04,-6.08115266930215562363e-04,-2.45670346124149060769e-04,-1.55472138967306684296e-08,9.97133933105007430072e-17,9.89544859461287987377e-17,9.97133933105007430072e-17,True,9.89544859461287987377e-17,True,series tail and order change; rounding and minimizer search are not enclosed
4294967296,32,joint_window,3.0,1.0561675528485452,64,2.29629580598930370383e-02,2.29629163628412118203e-02,2.13878010191527294370e-02,2.58307796460573946273e-01,5.15903327549317073114e-16,-6.56851679856134459262e-04,-6.58772647202974549752e-04,-6.56851780535309959230e-04,-2.93835696356435616648e-04,-1.54000789077890297010e-08,9.80028624278993505688e-17,9.72743069744133995899e-17,9.80028624278993505688e-17,True,9.72743069744133995899e-17,True,series tail and order change; rounding and minimizer search are not enclosed
4294967296,32,fixed_power,0.5341162019448217,1.01,64,2.22513007907345990622e-05,8.89030870783047040376e-10,8.89030859748090814317e-10,2.46982802406764012648e-01,7.02210792393058841393e-16,2.45154065339295735849e-06,3.23255395219587543520e-02,3.23255391222349794389e-02,4.63894057457678954393e+00,4.63894051987053135377e+00,4.44892273825258104117e-10,4.44892268325952580458e-10,2.33572272634319233475e-09,True,2.33572272634319233475e-09,True,series tail and order change; rounding and minimizer search are not enclosed
4294967296,32,fixed_power,1.0682324038896434,1.02,64,5.98245760996831443574e-05,2.86903264877213845367e-05,2.86841787357967439626e-05,2.49433602775279067432e-01,6.57367441407962136636e-16,3.18574266781698162512e-07,7.04077631404838151182e-07,7.03860716763908052945e-07,5.82109461707062305204e-05,5.81781921138042597361e-05,1.96688203150696894802e-14,1.96659805171996929096e-14,4.00084221936942985298e-14,True,3.99916509413386633831e-14,True,series tail and order change; rounding and minimizer search are not enclosed
4294967296,32,fixed_power,1.602348605834465,1.03,64,9.15346921594915440695e-04,9.13411442080404008606e-04,9.09013631898211238794e-04,2.51885604726352130278e-01,6.15119179317306829544e-16,-1.45945310599080065039e-05,-1.45946736606985708962e-05,-1.45946524721997936483e-05,-2.16044974660494611808e-08,-1.83943689217764851214e-08,8.59218757796263234643e-16,8.57291108547890553113e-16,8.59218757796263234643e-16,True,8.57291108547890553113e-16,True,series tail and order change; rounding and minimizer search are not enclosed
4294967296,32,fixed_power,2.6705810097241085,1.05,64,1.45545209250894005265e-02,1.45544472101400926972e-02,1.38470565024270790555e-02,2.56793332426625109388e-01,5.37886872588731785396e-16,-3.76162135324721461430e-04,-3.76684541555081988523e-04,-3.76162243395522033831e-04,-7.97127406296496351934e-05,-1.64902566805106171248e-08,1.13572529995073566173e-16,1.12615202777850734004e-16,1.13572529995073566173e-16,True,1.12615202777850734004e-16,True,series tail and order change; rounding and minimizer search are not enclosed
4294967296,32,fixed_power,4.005871514586156,1.075,64,5.80953021049179021973e-02,5.80952896668537818736e-02,5.05035378848362956350e-02,2.62935280264485649049e-01,4.53711590116804997635e-16,-2.10376301970910395411e-03,-2.13068684794037732644e-03,-2.10376310641427824444e-03,-4.15314400386724343756e-03,-1.33741798102096923623e-08,8.04903143665020155994e-17,8.00806083725352711975e-17,8.04903143665020155994e-17,True,8.00806083725352711975e-17,True,series tail and order change; rounding and minimizer search are not enclosed
4294967296,32,fixed_power,5.341162019448217,1.1,64,1.16063935909726342888e-01,1.16063931192650182656e-01,9.30361202314286123150e-02,2.69085757582120721487e-01,3.81647087259406181161e-16,-5.18325002591473252278e-03,-5.37801995117655542988e-03,-5.18325010397819793684e-03,-3.04431100783169837631e-02,-1.21978350049937602811e-08,6.93053328475663717894e-17,6.89185665173045617316e-17,6.93053328475663717894e-17,True,6.89185665173045617316e-17,True,series tail and order change; rounding and minimizer search are not enclosed
4294967296,32,fixed_power,8.011743029172312,1.15,64,2.31857404421687063323e-01,2.31857402815325880363e-01,1.66338193807252343603e-01,2.81414141449873145273e-01,2.67753125767527484985e-16,-1.33051411601709870802e-02,-1.48201516814676255429e-02,-1.33051412331012877677e-02,-2.44316939310029956900e-01,-1.17323814203552898809e-08,5.30641375680603986654e-17,5.23968562046964244766e-17,5.30641375680603986654e-17,True,5.23968562046964244766e-17,True,series tail and order change; rounding and minimizer search are not enclosed
4294967296,32,fixed_power,10.68232403889642,1.2,64,3.27680000869767784621e-01,3.27680000000000026805e-01,2.19929072016202736828e-01,2.93782149799831859838e-01,1.85660647477735116084e-16,-2.16631688713136011382e-02,-2.62434271401928917444e-02,-2.16631689446994610271e-02,-7.64961668312526765767e-01,-1.21633316766953386491e-08,4.06439638568536508735e-17,3.96762328384791111807e-17,4.06439638568536508735e-17,True,3.96762328384791111807e-17,True,series tail and order change; rounding and minimizer search are not enclosed
4294967296,32,fixed_power,13.352905048620528,1.25,64,4.03237403015965278907e-01,4.03237402439117431641e-01,2.59180357765401492287e-01,3.06193425614168013293e-01,1.27158890281189772502e-16,-2.89638498811991967896e-02,-3.83766108704062872126e-02,-2.89638499569873364425e-02,-1.63130509725455596914e+00,-1.29238499250031509060e-08,3.45774748135642230541e-17,3.68948397943320158926e-17,3.45774748135642230541e-17,True,3.68948397943320158926e-17,True,series tail and order change; rounding and minimizer search are not enclosed
4294967296,32,fixed_power,16.023486058344638,1.3,64,4.63033551692963285529e-01,4.63033551265942477926e-01,2.88789010916076727131e-01,3.18651592588365506487e-01,8.59502543425497381873e-17,-3.47811840055071430644e-02,-5.06035109703840274564e-02,-3.47811840844975267428e-02,-2.84852369422104345631e+00,-1.38269261310320429209e-08,9.69203034970427647926e-17,1.65068814167972531892e-16,4.44089209850062616169e-15,True,2.42924692843119265469e-15,True,series tail and order change; rounding and minimizer search are not enclosed
4294967296,32,fixed_power,21.36464807779284,1.4,64,5.50334078228471246241e-01,5.50334077948180566686e-01,3.30145309393032881928e-01,3.43723018532124391378e-01,3.75641078659009409959e-17,-4.17827946530529431568e-02,-7.42361018376833659005e-02,-4.17827947392399590143e-02,-6.31388291500540788093e+00,-1.57720965601832822696e-08,2.07997148972755375319e-15,3.90019670169987332555e-15,1.27009514017117908224e-13,True,3.90019670169987332555e-15,True,series tail and order change; rounding and minimizer search are not enclosed
4294967296,32,fixed_power,26.705810097241056,1.5,64,6.10351562710218287222e-01,6.10351562500000000000e-01,3.57509534293642405878e-01,3.69025157164765693629e-01,1.52863260928892972912e-17,-4.32373091099140377525e-02,-9.60418071331912703847e-02,-4.32373092033635497700e-02,-1.11076920918368937663e+01,-1.76923623506786812449e-08,1.06407974539908040635e-14,1.91475468484364941275e-14,4.97379915032070130110e-13,True,1.91475468484364941275e-14,True,series tail and order change; rounding and minimizer search are not enclosed
17179869184,34,joint_window,0.0,1.0,96,7.54551630102696249485e-06,0.00000000000000000000e+00,0.00000000000000000000e+00,2.44533173793497621284e-01,7.49786258826540693388e-16,1.88638192439149727733e-06,2.38748120932375240688e-01,2.38748120932375240688e-01,2.63687138558397755617e+01,2.63687138558397755617e+01,4.27825893580856447992e-08,4.27825893580856447992e-08,7.60959224521684518550e-08,True,7.60959224521684518550e-08,True,series tail and order change; rounding and minimizer search are not enclosed
17179869184,34,joint_window,0.05,1.0008810596525262,96,7.76194482612954430862e-06,4.13421515139917770261e-103,4.13421515139905972797e-103,2.44748954380241717788e-01,7.45481212216756844598e-16,1.83089087688090437199e-06,2.38959578781627712818e-01,2.38959578781627712818e-01,2.63916164465951545992e+01,2.63916164465951545992e+01,4.26069519620928108235e-08,4.26069519620928108235e-08,7.57858664712784957374e-08,True,7.57858664712784957374e-08,True,series tail and order change; rounding and minimizer search are not enclosed
17179869184,34,joint_window,0.1,1.0017621193050523,96,7.99422431333940276105e-06,6.18715797580634983208e-52,6.18715797580441511016e-52,2.44964743851460081681e-01,7.41198377820890167085e-16,1.77445022243050234684e-06,2.39171055306802410323e-01,2.39171055306802410323e-01,2.64145165125459620015e+01,2.64145165125459620015e+01,4.24318838023204716396e-08,4.24318838023204716396e-08,7.54767874866502097575e-08,True,7.54767874866502097575e-08,True,series tail and order change; rounding and minimizer search are not enclosed
17179869184,34,joint_window,0.15,1.0026431789575787,96,8.24438497404101261522e-06,7.07711892433243906142e-35,7.07711892433253955737e-35,2.45180542227602854544e-01,7.36937656748709214242e-16,1.71697358808420623910e-06,2.39382550547357020321e-01,2.39382550547357020321e-01,2.64374140593879332073e+01,2.64374140593879332073e+01,4.22573837869781181981e-08,4.22573837869781181981e-08,7.51687068145656667184e-08,True,7.51687068145656667184e-08,True,series tail and order change; rounding and minimizer search are not enclosed
17179869184,34,joint_window,0.2,1.0035242386101049,96,8.51483362552092662684e-06,2.39352832688407875866e-26,2.39352832688406153950e-26,2.45396349529116347687e-01,7.32698950446705844704e-16,1.65836337261990274105e-06,2.39594064542739654255e-01,2.39594064542739654255e-01,2.64603090940606762160e+01,2.64603090940606762160e+01,4.20834508225067359176e-08,4.20834508225067359176e-08,7.48616244550248666201e-08,True,7.48616244550248666201e-08,True,series tail and order change; rounding and minimizer search are not enclosed
17179869184,34,joint_window,0.25,1.004405298262631,96,8.80844673408369504381e-06,3.13723726748319777277e-21,3.13723726748321996610e-21,2.45612165776444346665e-01,7.28482160697698622525e-16,1.59850862121332806557e-06,2.39805597320134455952e-01,2.39805597320134455952e-01,2.64832016239873020425e+01,2.64832016239873020425e+01,4.19100835948196354207e-08,4.19100835948196354207e-08,7.45555013281773426570e-08,True,7.45555013281773426570e-08,True,series tail and order change; rounding and minimizer search are not enclosed
17179869184,34,joint_window,0.3,1.0052863579151572,96,9.12869263073858064588e-06,8.09504965291068259474e-18,8.09504965291068259474e-18,2.45827990990026695739e-01,7.24287189620440161667e-16,1.53728236550293127986e-06,2.40017117306516175601e-01,2.40017117306516175601e-01,2.65060890936003694662e+01,2.65060890936003694662e+01,4.17367192452974310207e-08,4.17367192452974310207e-08,7.42495913641505467240e-08,True,7.42495913641505467240e-08,True,series tail and order change; rounding and minimizer search are not enclosed
17179869184,34,joint_window,0.35,1.0061674175676834,96,9.47979414656111189839e-06,2.21374642534415790777e-15,2.21374642534411097055e-15,2.46043825190300352590e-01,7.20113939669212933390e-16,1.47453825840306221731e-06,2.40220056815107385617e-01,2.40220056815107385617e-01,2.65282763587998111632e+01,2.65282763587998111632e+01,4.14122485659682778610e-08,4.14122485659682646261e-08,7.37361247615808679257e-08,True,7.37361247615808679257e-08,True,series tail and order change; rounding and minimizer search are not enclosed
17179869184,34,joint_window,0.4,1.0070484772202095,96,9.86694812864298315298e-06,1.48870571851998434337e-13,1.48870571851567375494e-13,2.46259668397698777698e-01,7.15962313633419453014e-16,1.41010626601158288396e-06,2.39858097586798074685e-01,2.39858097586796437106e-01,2.65046111334982086305e+01,2.65046111334980771801e+01,3.26401172858371251729e-08,3.26401172858156184770e-08,6.12079915640606486704e-08,True,6.12079880113469698699e-08,True,series tail and order change; rounding and minimizer search are not enclosed
17179869184,34,joint_window,0.45,1.007929536872736,64,1.02966263686427114026e-05,3.92950873718364699921e-12,3.92950873691569056394e-12,2.46475520632653044562e-01,7.11832214637165268322e-16,1.34378708035502209406e-06,2.25841397101987723106e-01,2.25841397101017304916e-01,2.53539044380777554011e+01,2.53539044379964337850e+01,2.37959564382536286397e-08,2.37959564366436406914e-08,8.13664762233656801982e-08,True,8.13664762233656801982e-08,True,series tail and order change; rounding and minimizer search are not enclosed
17179869184,34,joint_window,0.5,1.008810596525262,64,1.07769952299873734535e-05,5.38966229158824767087e-11,5.38966228702353547102e-11,2.46691381915589508234e-01,7.07723546138840961886e-16,1.27534476854616691865e-06,1.11908407094200579301e-01,1.11908407032722659324e-01,1.44094556347045763545e+01,1.44094556279291801104e+01,1.80927421698765809980e-09,1.80927421549139797313e-09,7.79193953803769545630e-09,True,7.79193598532401665580e-09,True,series tail and order change; rounding and minimizer search are not enclosed
17179869184,34,joint_window,0.55,1.0096916561777882,64,1.13185118658633132171e-05,4.59215745730459790262e-10,4.59215742699146213745e-10,2.46907252266932608631e-01,7.03636211930687390105e-16,1.20449694831828788886e-06,1.56483001497536196311e-02,1.56483000464583861533e-02,2.30047444692143177036e+00,2.30047443208407953463e+00,2.15952573022774111393e-10,2.15952571598789717918e-10,1.18788090475163699011e-09,True,1.18788046066242714005e-09,True,series tail and order change; rounding and minimizer search are not enclosed
17179869184,34,joint_window,0.6,1.0105727158303144,64,1.19347890145830862809e-05,2.73776350204116426287e-09,2.73776340266419956350e-09,2.47123131707102899890e-01,6.99570116138365655401e-16,1.13090142474856952214e-06,2.62704573833743345451e-03,2.62704564297936305622e-03,3.93718435830372193163e-01,3.93718421589083322765e-01,3.61155733163553455103e-11,3.61155720057525339746e-11,2.06425210258487368264e-10,True,2.06425210258487368264e-10,True,series tail and order change; rounding and minimizer search are not enclosed
17179869184,34,joint_window,0.65,1.0114537754828405,64,1.26438782219994894123e-05,1.24018310974614620152e-08,1.24018292034979078826e-08,2.47339020256517938545e-01,6.95525163220515442719e-16,1.05413765770991516016e-06,5.80439531901021251413e-04,5.80439443258347212776e-04,8.71634372495764669919e-02,8.71634239256893900150e-02,7.94962040658878563263e-12,7.94961919374493831130e-12,4.56748250332594807332e-11,True,4.56748111554716729188e-11,True,series tail and order change; rounding and minimizer search are not enclosed
17179869184,34,joint_window,0.7,1.0123348351353667,64,1.34702222024779883939e-05,4.52739521010069089975e-08,4.52739285199161179286e-08,2.47554917935592283529e-01,6.91501257968309017295e-16,9.73680499123384514626e-07,1.59137562888094348480e-04,1.59137480000599764590e-04,2.38164201233952987913e-02,2.38164076451151188185e-02,2.17482842204633456165e-12,2.17482729308252722993e-12,1.24591552352892875888e-11,True,1.24591621741831914960e-11,True,series tail and order change; rounding and minimizer search are not enclosed
17179869184,34,joint_window,0.75,1.013215894787893,64,1.44477077537617327395e-05,1.39068628364976504584e-07,1.39068419436626528144e-07,2.47770824764736719015e-01,6.87498305504997629634e-16,8.88862072885064228838e-07,5.18517585418087401973e-05,5.18516806413523773838e-05,7.67751071500798795005e-03,7.67749898028111457671e-03,7.09838939063069369256e-13,7.09837882834438938333e-13,4.01946791822593851862e-12,True,4.01946184669377259979e-12,True,series tail and order change; rounding and minimizer search are not enclosed
17179869184,34,joint_window,0.8,1.0140969544404193,64,1.56245831686067561817e-05,3.71267726076100111753e-07,3.71266321636598633300e-07,2.47986740764358920552e-01,6.83516211285457624668e-16,7.98814959233904158071e-07,1.94370360414399711213e-05,1.94369625039345708683e-05,2.80878799342485028362e-03,2.80877691160219327901e-03,2.68634075926212536506e-13,2.68633083375954894952e-13,1.47967792532566200236e-12,True,1.47967315483610306615e-12,True,series tail and order change; rounding and minimizer search are not enclosed
17179869184,34,joint_window,0.85,1.0149780140929454,64,1.70716303120367188836e-05,8.83026137630484212352e-07,8.83018615380175631089e-07,2.48202665954863982423e-01,6.79554881095721365338e-16,7.02385030956201043877e-07,8.17350749776970069674e-06,8.17343780929643844819e-06,1.12624962184795654810e-03,1.12623911663497686640e-03,1.15615462733380368484e-13,1.15614526403136427210e-13,6.02464692717186167670e-13,True,6.02459054865889243047e-13,True,series tail and order change; rounding and minimizer search are not enclosed
17179869184,34,joint_window,0.9,1.0158590737454716,64,1.88961764210674792390e-05,1.90743697932059533886e-06,1.90740363206174551211e-06,2.48418600356653446193e-01,6.75614221052511213016e-16,5.97993558170429129417e-07,3.77417642520316735049e-06,3.77411015755276808809e-06,4.78943270212619544302e-04,4.78933277622610030933e-04,5.58302105559430023221e-14,5.58293242309685292973e-14,2.63615789353882634671e-13,True,2.63610639393563328525e-13,True,series tail and order change; rounding and minimizer search are not enclosed
17179869184,34,joint_window,0.95,1.0167401333979977,64,2.12667841921662129307e-05,3.79943177438029985210e-06,3.79930568487602822092e-06,2.48634543990125828072e-01,6.71694137602763745772e-16,4.83412235240180341298e-07,1.87039804932951692263e-06,1.87033484198947295015e-06,2.09208198261712013336e-04,2.09198664302582897859e-04,2.99042363870428318554e-14,2.99033948346672798436e-14,1.20532625763961065424e-13,True,1.20527855274402129204e-13,True,series tail and order change; rounding and minimizer search are not enclosed
17179869184,34,joint_window,1.0,1.017621193050524,64,2.44573984189588317778e-05,7.06415376626601943774e-06,7.06373725481304115049e-06,2.48850496875676008290e-01,6.67794537523150130942e-16,3.55386272658235852050e-07,9.58366022976416588743e-07,9.58305569673124566294e-07,9.09780921233556378680e-05,9.09689708863821954159e-05,1.75293625161196469156e-14,1.75285612896359729943e-14,5.59599702730853576504e-14,True,5.59555114916510110135e-14,True,series tail and order change; rounding and minimizer search are not enclosed
17179869184,34,joint_window,1.05,1.0185022527030503,64,2.89248801606955604365e-05,1.23808356540075547512e-05,1.23796100936323398491e-05,2.49066459033696285807e-01,6.63915327919588609089e-16,2.08994962296360490590e-07,4.62401266991181594481e-07,4.62343305640378581097e-07,3.82453483878739531991e-05,3.82366005739253193613e-05,1.10471087459773954926e-14,1.10463440352455507157e-14,2.56022552333826092230e-14,True,2.55978980959019331021e-14,True,series tail and order change; rounding and minimizer search are not enclosed
17179869184,34,joint_window,1.1,1.0193833123555764,64,3.54326601820454604574e-05,2.06198760670173889887e-05,2.06166124887202682010e-05,2.49282430484575517893e-01,6.60056416226757865433e-16,3.65907121444029981403e-08,1.37135541140020045784e-07,1.37079846811860623257e-07,1.51791657980717031347e-05,1.51707576748361630439e-05,7.32623323082868431925e-15,7.32550174685851536745e-15,1.12031338931261811864e-14,True,1.11990410299250484072e-14,True,series tail and order change; rounding and minimizer search are not enclosed
17179869184,34,joint_window,1.15,1.0202643720081026,64,4.51968019827403614630e-05,3.28517141990564636540e-05,3.28437453958624691968e-05,2.49498411248699231146e-01,6.56217710207594229631e-16,-1.73795694418173156555e-07,-1.36491077858336617643e-07,-1.36544696167885971905e-07,5.63349137652770702263e-06,5.62539430181327353625e-06,5.00617735989156881034e-15,5.00547624455405705050e-15,5.00617735989156881034e-15,True,5.00547624455405705050e-15,True,series tail and order change; rounding and minimizer search are not enclosed
17179869184,34,joint_window,1.2,1.0211454316606288,64,5.99279447854265669106e-05,5.03470382772185301857e-05,5.03290011361911629483e-05,2.49714401346450370900e-01,6.52399117952794693406e-16,-4.40309794864397543459e-07,-4.27193567891816397650e-07,-4.27245263543944534012e-07,1.98130273849029567049e-06,1.97349372944201593711e-06,3.47281912183208848741e-15,3.47214587644521702172e-15,3.47281912183208848741e-15,True,3.47214587644521702172e-15,True,series tail and order change; rounding and minimizer search are not enclosed
17179869184,34,joint_window,1.21,1.021321643591134,64,6.36444175726091020649e-05,5.46032206777563339662e-05,5.45821570558599353457e-05,2.49757600487829134472e-01,6.51637805088583828818e-16,-5.02459015070684834338e-07,-4.91855977392524573537e-07,-4.91907302574550834857e-07,1.60176055139412019971e-06,1.59400705159078744219e-06,3.23183095176401538101e-15,3.23116300800790067905e-15,3.23183095176401538101e-15,True,3.23116300800790067905e-15,True,series tail and order change; rounding and minimizer search are not enclosed
17179869184,34,joint_window,1.22,1.0214978555216392,64,6.76555033786605881018e-05,5.91404754628628876877e-05,5.91159413166420980414e-05,2.49800800003531553450e-01,6.50877292379533773038e-16,-5.68088026494198924140e-07,-5.59520677528777937151e-07,-5.59571635674667065222e-07,1.29431242040241115674e-06,1.28661391756768494799e-06,3.00876672167406655420e-15,3.00810399402486830819e-15,3.00876672167406655420e-15,True,3.00810399402486830819e-15,True,series tail and order change; rounding and minimizer search are not enclosed
17179869184,34,joint_window,1.23,1.0216740674521445,64,7.19770884487246141552e-05,6.39716682574751547815e-05,6.39431640438451251570e-05,2.49843999893720136729e-01,6.50117579095078173765e-16,-6.37446540442766014685e-07,-6.30525067147729025669e-07,-6.30575661003185752862e-07,1.04572281438590880622e-06,1.03807890013320754657e-06,2.80227691725214109972e-15,2.80161932229692558726e-15,2.80227691725214109972e-15,True,2.80161932229692558726e-15,True,series tail and order change; rounding and minimizer search are not enclosed
17179869184,34,joint_window,1.24,1.0218502793826498,64,7.66247710271831161590e-05,6.91099360732781405666e-05,6.90769010844622413604e-05,2.49887200158557865048e-01,6.49358664505176158670e-16,-7.10794413343411715439e-07,-7.05201693079385345960e-07,-7.05251924599692057386e-07,8.45019064991555374725e-07,8.37429450284693085951e-07,2.61113276891925206435e-15,2.61048022528906242821e-15,2.61113276891925206435e-15,True,2.61048022528906242821e-15,True,series tail and order change; rounding and minimizer search are not enclosed
17179869184,34,joint_window,1.25,1.022026491313155,64,8.16138458078022750166e-05,7.45686803487770935020e-05,7.45304866115203040787e-05,2.49930400798208246504e-01,6.48600547880308884125e-16,-7.88401086628245039399e-07,-7.83879931613581736700e-07,-7.83929801842496475680e-07,6.83153320445263037646e-07,6.75617853925358723789e-07,2.43420595967285948565e-15,2.43355838797856122626e-15,2.43420595967285948565e-15,True,2.43355838797856122626e-15,True,series tail and order change; rounding and minimizer search are not enclosed
17179869184,34,joint_window,1.26,1.0222027032436602,64,8.69593149867775382740e-05,8.03615596641073877317e-05,8.03175053828237623570e-05,2.49973601812833762237e-01,6.47843228491476971413e-16,-8.70545044415801583444e-07,-8.66887433799215986470e-07,-8.66936942726720047303e-07,5.52702758658501801414e-07,5.45221448172239669304e-07,2.27045329479004057065e-15,2.26981061756082155544e-15,2.27045329479004057065e-15,True,2.26981061756082155544e-15,True,series tail and order change; rounding and minimizer search are not enclosed
17179869184,34,joint_window,1.27,1.0223789151741656,64,9.26759205296860899765e-05,8.65024821510941349309e-05,8.64517846746342994314e-05,2.50016803202597615030e-01,6.47086705610205535707e-16,-9.57513310736419700911e-07,-9.54551368566453197840e-07,-9.54600514962148215411e-07,4.47606223799141684204e-07,4.40179261613110062721e-07,2.11890541253771306215e-15,2.11826755416211775067e-15,2.11890541253771306215e-15,True,2.11826755416211775067e-15,True,series tail and order change; rounding and minimizer search are not enclosed
17179869184,34,joint_window,1.28,1.0225551271046707,64,9.87781913362095666947e-05,9.30055976193596198711e-05,9.29473859111695462683e-05,2.50060004967662841135e-01,6.46330978508541918101e-16,-1.04960100145897730281e-06,-1.04719949230433233744e-06,-1.04724827352289375990e-06,3.62935264792698978438e-07,3.55563057038126660852e-07,1.97865863425203752843e-15,1.97802552092132439271e-15,1.97865863425203752843e-15,True,1.97802552092132439271e-15,True,series tail and order change; rounding and minimizer search are not enclosed
17179869184,34,joint_window,1.29,1.022731339035176,64,1.05280498986949654951e-04,9.98852894191032224377e-05,9.98185960107233989430e-05,2.50103207108192504560e-01,6.45576046459052037128e-16,-1.14711093943639515734e-06,-1.14516106905835101965e-06,-1.14520948081372775937e-06,2.94697224987841216598e-07,2.87380425837517143838e-07,1.84886912861026272171e-15,1.84824068826415073199e-15,1.84886912861026272171e-15,True,1.84824068826415073199e-15,True,series tail and order change; rounding and minimizer search are not enclosed
17179869184,34,joint_window,1.3,1.022907550965681,64,1.12197116458665380363e-04,1.07156166061072501291e-04,1.07079918469135391729e-04,2.50146409624349086442e-01,6.44821908734827094073e-16,-1.25035333546354698322e-06,-1.24876766178860050191e-06,-1.24881569789238170472e-06,2.39667698630060523331e-07,2.32407249901208487464e-07,1.72874868277730687209e-15,1.72812484505185447071e-15,1.72874868277730687209e-15,True,1.72812484505185447071e-15,True,series tail and order change; rounding and minimizer search are not enclosed
17179869184,34,joint_window,1.31,1.0230837628961864,64,1.19542275312768976332e-04,1.14833052614424755995e-04,1.14746064201620015326e-04,2.50189612516296289169e-01,6.44068564609475585762e-16,-1.35964553290098309020e-06,-1.35835381202344602548e-06,-1.35840146408304798494e-06,1.95249421441621877742e-07,1.88046598283705282078e-07,1.61756151193099080634e-15,1.61694220810860776431e-15,1.61756151193099080634e-15,True,1.61694220810860776431e-15,True,series tail and order change; rounding and minimizer search are not enclosed
17179869184,34,joint_window,1.32,1.0232599748266917,64,1.27330218127894966972e-04,1.22930981902506910935e-04,1.22831942163337151479e-04,2.50232815784196538367e-01,6.43316013357130207092e-16,-1.47531181042293916259e-06,-1.47425762263355631591e-06,-1.47430487970482546251e-06,1.59354542606312105732e-07,1.52211006092808242806e-07,1.51462167928387526551e-15,1.51400684224530491646e-15,1.51462167928387526551e-15,True,1.51400684224530491646e-15,True,series tail and order change; rounding and minimizer search are not enclosed
17179869184,34,joint_window,1.33,1.0234361867571968,64,1.35575244158141758940e-04,1.31465185516807119047e-04,1.31352649769408090768e-04,2.50276019428212925799e-01,6.42564254252444695588e-16,-1.59768323527441604890e-06,-1.59682125627528880918e-06,-1.59686810446426917021e-06,1.30307239463627106925e-07,1.23225096884098232994e-07,1.41929082669213019272e-15,1.41868039087042393502e-15,1.41929082669213019272e-15,True,1.41868039087042393502e-15,True,series tail and order change; rounding and minimizer search are not enclosed
17179869184,34,joint_window,1.34,1.0236123986877022,64,1.44291747226590530559e-04,1.40451084668748589187e-04,1.40323463134519699040e-04,2.50319223448508820784e-01,6.41813286570590577351e-16,-1.72709755845464047038e-06,-1.72639136021258843431e-06,-1.72643778222007201811e-06,1.06763766680138300692e-07,9.97456405000787920958e-08,1.33097602286768482490e-15,1.33036992420396654917e-15,1.33097602286768482490e-15,True,1.33036992420396654917e-15,True,series tail and order change; rounding and minimizer search are not enclosed
17179869184,34,joint_window,1.35,1.0237886106182075,64,1.53494245655063840921e-04,1.49904280898591462517e-04,1.49759827151974098548e-04,2.50362427845246593439e-01,6.41063109587262689086e-16,-1.86389914313674840947e-06,-1.86331942668280974365e-06,-1.86336540128483768054e-06,8.76472474551302445393e-08,8.06963539795961778129e-08,1.24912761901735983174e-15,1.24852579491838954289e-15,1.24912761901735983174e-15,True,1.24852579491838954289e-15,True,series tail and order change; rounding and minimizer search are not enclosed
17179869184,34,joint_window,1.36,1.0239648225487126,64,1.63197404583694335610e-04,1.59840546660640678680e-04,1.59677345431990109744e-04,2.50405632618589391036e-01,6.40313722578676614302e-16,-2.00843891812762758548e-06,-2.00796209667160715151e-06,-2.00800759812869809439e-06,7.20947843621209931218e-08,6.52150231987434657584e-08,1.17323706131889205723e-15,1.17263945061629774010e-15,1.17323706131889205723e-15,True,1.17263945061629774010e-15,True,series tail and order change; rounding and minimizer search are not enclosed
17179869184,34,joint_window,1.37,1.024141034479218,64,1.73416051375748268100e-04,1.70275815803224919590e-04,1.70091770118436179902e-04,2.50448837768700416362e-01,6.39565124821565232047e-16,-2.16107434901557986196e-06,-2.16068141385792890060e-06,-2.16072641124496076718e-06,5.94147608212149488314e-08,5.26108163672389574100e-08,1.10283464923626526746e-15,1.10224119214743096592e-15,1.10283464923626526746e-15,True,1.10224119214743096592e-15,True,series tail and order change; rounding and minimizer search are not enclosed
17179869184,34,joint_window,1.38,1.0243172464097232,64,1.84165184979031518620e-04,1.81226173961436363849e-04,1.81018991602717763904e-04,2.50492043295742095044e-01,6.38817315593184337543e-16,-2.32216942068051390127e-06,-2.32184503455734348462e-06,-2.32188949100535732572e-06,4.90524995632413990789e-08,4.23299558411306874206e-08,1.03748725244509757288e-15,1.03689789053560118619e-15,1.03748725244509757288e-15,True,1.03689789053560118619e-15,True,series tail and order change; rounding and minimizer search are not enclosed
17179869184,34,joint_window,1.39,1.0244934583402283,64,1.95459980170007671966e-04,1.92707848880443175562e-04,1.92475028153452309932e-04,2.50535249199877962933e-01,6.38070294171309881168e-16,-2.49209462591170276659e-06,-2.49182639870518441881e-06,-2.49187027054528821850e-06,4.05627244239235279030e-08,3.39281947556016037557e-08,9.76796011289847282018e-16,9.76210687437390885999e-16,9.76796011289847282018e-16,True,9.76210687437390885999e-16,True,series tail and order change; rounding and minimizer search are not enclosed
17179869184,34,joint_window,1.4,1.0246696702707336,64,2.07315787580690161608e-04,2.04737200686360841691e-04,2.04476015479802537660e-04,2.50578455481270501171e-01,6.37324059834234517196e-16,-2.67122695589823650267e-06,-2.67100486624487383491e-06,-2.67104810204452230451e-06,3.35875276056128813867e-08,2.70488006011651025957e-08,9.20394049917763236057e-16,9.19812708277582518480e-16,9.20394049917763236057e-16,True,9.19812708277582518480e-16,True,series tail and order change; rounding and minimizer search are not enclosed
17179869184,34,joint_window,1.41,1.0248458822012387,64,2.19748130334077105674e-04,2.17330712121066062237e-04,2.17038196245716472847e-04,2.50621662140082690495e-01,6.36578611860774210504e-16,-2.85994988927817700604e-06,-2.85976582271413350676e-06,-2.85980836219422356677e-06,2.78387698224588847822e-08,2.14049734374679666276e-08,8.67944230470682424437e-16,8.67366816442263755963e-16,8.67944230470682424437e-16,True,8.67366816442263755963e-16,True,series tail and order change; rounding and minimizer search are not enclosed
17179869184,34,joint_window,1.42,1.025022094131744,64,2.32772698016121940045e-04,2.30504978757276588787e-04,2.30177909552466250682e-04,2.50664869176477733692e-01,6.35833949530261038213e-16,-3.05865337724569948574e-06,-3.05850075734080594707e-06,-3.05854253016192594765e-06,2.30840360024861128414e-08,1.67658214342718219409e-08,8.19136973150837745727e-16,8.18563433346037746931e-16,8.19136973150837745727e-16,True,8.18563433346037746931e-16,True,series tail and order change; rounding and minimizer search are not enclosed
17179869184,34,joint_window,1.43,1.0251983060622494,64,2.46405338605455194456e-04,2.44276699208860004296e-04,2.43911580405387139019e-04,2.50708076590618389456e-01,6.35090072122548514506e-16,-3.26773382287796589551e-06,-3.26760731653182967364e-06,-3.26764824093621824653e-06,1.91354337802845785098e-08,1.29451812436213076990e-08,7.73688162139434055259e-16,7.73118444351852565020e-16,7.73688162139434055259e-16,True,7.73118444351852565020e-16,True,series tail and order change; rounding and minimizer search are not enclosed
17179869184,34,joint_window,1.44,1.0253745179927545,64,2.60662048879637634358e-04,2.58662665351539161444e-04,2.58255709181073173347e-04,2.50751284382667471995e-01,6.34346978918009815686e-16,-3.48759405341069980179e-06,-3.48748933529340461547e-06,-3.48752931658982218361e-06,1.58406597489461711726e-08,9.79270807478491111443e-09,7.31337152205047064593e-16,7.30771205380614461244e-16,7.31337152205047064593e-16,True,7.30771205380614461244e-16,True,series tail and order change; rounding and minimizer search are not enclosed
17179869184,34,joint_window,1.45,1.0255507299232598,64,2.75558963721425002717e-04,2.73679752568062046713e-04,2.73226861110232926641e-04,2.50794492552788017559e-01,6.33604669197534033087e-16,-3.71864328462709169002e-06,-3.71855684880875681994e-06,-3.71859577768394235784e-06,1.30758712189660382000e-08,7.18677375457192645038e-09,6.91844885993079170034e-16,6.91282660201841479188e-16,6.91844885993079170034e-16,True,6.91282660201841479188e-16,True,series tail and order change; rounding and minimizer search are not enclosed
17179869184,34,joint_window,1.46,1.0257269418537651,64,2.91112344665610885304e-04,2.89344910031245482630e-04,2.88841655790725944028e-04,2.50837701101142673821e-01,6.32863142242531596496e-16,-3.96129707687509479428e-06,-3.96122608613257447176e-06,-3.96126383677555880640e-06,1.07399944758742703790e-08,5.02880337266808571097e-09,6.54992127733230800114e-16,6.54433574142263465228e-16,6.54992127733230800114e-16,True,6.54433574142263465228e-16,True,series tail and order change; rounding and minimizer search are not enclosed
17179869184,34,joint_window,1.47,1.0259031537842702,64,3.07338567956200886273e-04,3.05675151038186125249e-04,3.05116756745276438475e-04,2.50880910027894532544e-01,6.32122397334931808957e-16,-4.21597728250263053922e-06,-4.21591944774779591766e-06,-4.21595587576760336482e-06,8.75017416544927780565e-09,3.23875601007289767087e-09,6.20577815564650284212e-16,6.20022886412071017613e-16,6.20577815564650284212e-16,True,6.20022886412071017613e-16,True,series tail and order change; rounding and minimizer search are not enclosed
17179869184,34,joint_window,1.48,1.0260793657147755,64,3.24254112324715883242e-04,3.22687543407881567790e-04,3.22068861037288730383e-04,2.50924119333206907534e-01,6.31382433757179494119e-16,-4.48311198469743228201e-06,-4.48306546852291409530e-06,-4.48310040864388745403e-06,7.03812953410005899872e-09,1.75151471913560744598e-09,5.88417531868513645536e-16,5.87866180438530067732e-16,5.88417531868513645536e-16,True,5.87866180438530067732e-16,True,series tail and order change; rounding and minimizer search are not enclosed
17179869184,34,joint_window,1.49,1.0262555776452809,64,3.41875546651663878885e-04,3.40399199953776590653e-04,3.39714688957581110226e-04,2.50967329017242002376e-01,6.30643250792240321043e-16,-4.76313542786878396131e-06,-4.76309876744184505131e-06,-4.76313203095651588759e-06,5.54723105501334565736e-09,5.13999939415953851373e-10,5.58342088858073880318e-16,5.57794269457070089127e-16,5.58342088858073880318e-16,True,5.57794269457070089127e-16,True,series tail and order change; rounding and minimizer search are not enclosed
17179869184,34,joint_window,1.5,1.026431789575786,64,3.60219517635300076359e-04,3.58827269042768680005e-04,3.58070973794732396941e-04,2.51010539080162853320e-01,6.29904847723598240402e-16,-5.05648793982386085067e-06,-5.05645998534050788130e-06,-5.05649135729897857873e-06,4.23014922108252439876e-09,-5.17141723761350764995e-10,5.30196225119633819339e-16,5.29651893055943207416e-16,5.30196225119633819339e-16,True,5.29651893055943207416e-16,True,series tail and order change; rounding and minimizer search are not enclosed
17179869184,34,joint_window,1.51,1.0266080015062913,64,3.79302737560209069292e-04,3.77988925251021524662e-04,3.77154451700772855912e-04,2.51053749522132496619e-01,6.29167223835252230435e-16,-5.36361584605931843292e-06,-5.36359571174767427995e-06,-5.36362494786398944207e-06,3.04695816775102899510e-09,-1.37739092227105983762e-09,5.03837407733039660125e-16,5.03296519290889332303e-16,5.03837407733039660125e-16,True,5.03296519290889332303e-16,True,series tail and order change; rounding and minimizer search are not enclosed
17179869184,34,joint_window,1.52,1.0267842134367964,64,3.99141972234051071317e-04,3.97901360126247654204e-04,3.96981851663126170896e-04,2.51096960343313857500e-01,6.28430378411722607833e-16,-5.68497137653862838263e-06,-5.68495840181880554348e-06,-5.68498522506916603367e-06,1.96360075065556333459e-09,-2.09584371235860155681e-09,4.79134733929391696292e-16,4.78597246346515583165e-16,4.79134733929391696292e-16,True,4.78597246346515583165e-16,True,series tail and order change; rounding and minimizer search are not enclosed
17179869184,34,joint_window,1.53,1.0269604253673017,64,4.19754029142740080465e-04,4.18581773066413953197e-04,4.17569885594055837958e-04,2.51140171543869750170e-01,6.27694310738043632163e-16,-6.02101256536905583621e-06,-6.02100628426532625539e-06,-6.02103038115627887169e-06,9.50641283737393139698e-10,-2.69640871513622419933e-09,4.55967925882314861188e-16,4.55433797332488733105e-16,4.55967925882314861188e-16,True,4.55433797332488733105e-16,True,series tail and order change; rounding and minimizer search are not enclosed
17179869184,34,joint_window,1.54,1.027136637297807,64,4.41155745858538654840e-04,4.40047362322866964131e-04,4.38935238546966032501e-04,2.51183383123962822303e-01,6.26959020099769619546e-16,-6.37220314378909570520e-06,-6.37220326108112926702e-06,-6.37222427756044403849e-06,-1.77531218275963535682e-11,-3.19877152814207303780e-09,4.34226412107926626904e-16,4.33695601681401730411e-16,4.34226412107926626904e-16,True,4.33695601681401730411e-16,True,series tail and order change; rounding and minimizer search are not enclosed
17179869184,34,joint_window,1.55,1.0273128492283121,64,4.63363978725839903948e-04,4.62315316136670099740e-04,4.61094559069643499059e-04,2.51226595083755999127e-01,6.26224505782972181643e-16,-6.73901242690328117950e-06,-6.73901879981140281093e-06,-6.73903633679760928491e-06,-9.64649172139207141416e-10,-3.61917343384681398655e-09,4.13808489002998725533e-16,4.13280956684130378360e-16,4.13808489002998725533e-16,True,4.13280956684130378360e-16,True,series tail and order change; rounding and minimizer search are not enclosed
17179869184,34,joint_window,1.56,1.0274890611588174,64,4.86395591840138455733e-04,4.85402804015510485908e-04,4.84064449703146010978e-04,2.51269807423412594449e-01,6.25490767074236971598e-16,-7.12191519458857207319e-06,-7.12192781903538878283e-06,-7.12194142753478016180e-06,-1.91103933453175216782e-09,-3.97104069534286084653e-09,3.94620556208602196172e-16,3.94096262865933608436e-16,3.94620556208602196172e-16,True,3.94096262865933608436e-16,True,series tail and order change; rounding and minimizer search are not enclosed
17179869184,34,joint_window,1.57,1.0276652730893228,64,5.10267446329528253160e-04,5.09326968157970509654e-04,5.07861457634409935689e-04,2.51313020143094700831e-01,6.24757803260669501897e-16,-7.52139156698621719199e-06,-7.52141056767185848825e-06,-7.52141974345601441610e-06,-2.87641855540464698867e-09,-4.26549452381396498333e-09,3.76576419809837043495e-16,3.76055327174614197910e-16,3.76576419809837043495e-16,True,3.76055327174614197910e-16,True,series tail and order change; rounding and minimizer search are not enclosed
17179869184,34,joint_window,1.58,1.0278414850198279,64,5.34996389944101678922e-04,5.34104915032164386142e-04,5.32502065510938055876e-04,2.51356233242965798613e-01,6.24025613629891791699e-16,-7.93792687499675928085e-06,-7.93795249868332213929e-06,-7.93795667649690767260e-06,-3.87926967756384618965e-09,-4.51176514311082102352e-09,3.59596657623005282410e-16,3.59078728272744369983e-16,3.59596657623005282410e-16,True,3.59078728272744369983e-16,True,series tail and order change; rounding and minimizer search are not enclosed
17179869184,34,joint_window,1.59,1.0280176969503332,64,5.60599246954673674156e-04,5.59753707114489431479e-04,5.58002682424600161305e-04,2.51399446723188368935e-01,6.23294197470039408615e-16,-8.37201152617109741871e-06,-8.37204413769662442873e-06,-8.37204268495987625684e-06,-4.93747640525283872021e-09,-4.71752798819580646740e-09,3.43608041237475584675e-16,3.43093238580209452432e-16,3.43608041237475584675e-16,True,3.43093238580209452432e-16,True,series tail and order change; rounding and minimizer search are not enclosed
17179869184,34,joint_window,1.6,1.0281939088808385,64,5.87092808359575995571e-04,5.86290354793664444596e-04,5.84379635070997088993e-04,2.51442660583925392537e-01,6.22563554069767385162e-16,-8.82414086637185312179e-06,-8.82418094701351246687e-06,-8.82417315699085720582e-06,-6.06867882843105523923e-09,-4.88917811172359492158e-09,3.28543009822482196989e-16,3.28031298081647301446e-16,3.28543009822482196989e-16,True,3.28031298081647301446e-16,True,series tail and order change; rounding and minimizer search are not enclosed
17179869184,34,joint_window,1.61,1.0283701208113436,64,6.14493822397735442106e-04,6.13731808445588532426e-04,6.11649159091222751131e-04,2.51485874825339628114e-01,6.21833682718246767495e-16,-9.29481503758117699396e-06,-9.29486318547085069684e-06,-9.29484826986631904738e-06,-7.29058413212158246721e-09,-5.03205379025471614302e-09,3.14339191083113215149e-16,3.13830535283059973120e-16,3.14339191083113215149e-16,True,3.13830535283059973120e-16,True,series tail and order change; rounding and minimizer search are not enclosed
17179869184,34,joint_window,1.62,1.028546332741849,64,6.42818985363947091073e-04,6.42094950683226107016e-04,6.39827390601482946103e-04,2.51529089447593889872e-01,6.21104582705161459966e-16,-9.78453883220021267218e-06,-9.78459576455761425706e-06,-9.78457284550380667742e-06,-8.62124184821379618321e-09,-5.15061960744134700415e-09,3.00938965113616435479e-16,3.00433331065713192706e-16,3.00938965113616435479e-16,True,3.00433331065713192706e-16,True,series tail and order change; rounding and minimizer search are not enclosed
17179869184,34,joint_window,1.63,1.028722544672354,64,6.72084932721643286274e-04,6.71396588785206239330e-04,6.68930357915434033005e-04,2.51572304450851047530e-01,6.20376253320715226263e-16,-1.02938215441677690960e-05,-1.02938881011705032431e-05,-1.02938562025717777028e-05,-1.00792918570456101445e-08,-5.24861629783168548286e-09,2.88289067245692067060e-16,2.87786421534987235248e-16,2.88289067245692067060e-16,True,2.87786421534987235248e-16,True,series tail and order change; rounding and minimizer search are not enclosed
17179869184,34,joint_window,1.64,1.0288987566028593,64,7.02308230509146504822e-04,7.01653447307561866156e-04,6.98973973464986982236e-04,2.51615519835273970806e-01,6.19648693855623603588e-16,-1.08231768172306716969e-05,-1.08232539673824173544e-05,-1.08232120055739048595e-05,-1.16841914534468694724e-08,-5.32918380504529794979e-09,2.76340226321054060983e-16,2.75840536293485773598e-16,2.76340226321054060983e-16,True,2.75840536293485773598e-16,True,series tail and order change; rounding and minimizer search are not enclosed
17179869184,34,joint_window,1.65,1.0290749685333647,64,7.33505367033112200617e-04,7.32882160880688133045e-04,7.29974025922678704595e-04,2.51658735601025418394e-01,6.18921903601120410757e-16,-1.13731224906513307031e-05,-1.13732113375459344953e-05,-1.13731581112266948120e-05,-1.34564270128529692446e-08,-5.39496258864021713525e-09,2.65046835130768501549e-16,2.64550068880877710793e-16,2.65046835130768501549e-16,True,2.64550068880877710793e-16,True,series tail and order change; rounding and minimizer search are not enclosed
17179869184,34,joint_window,1.66,1.0292511804638698,64,7.65692744844902227833e-04,7.65099267195106847762e-04,7.61946172530546055567e-04,2.51701951748268037967e-01,6.18195881848954395539e-16,-1.19441804426569434232e-05,-1.19442822330582466058e-05,-1.19442164124591669854e-05,-1.54177135890155452300e-08,-5.44817685539263642422e-09,2.54366650053881409986e-16,2.53872776413025565312e-16,2.54366650053881409986e-16,True,2.53872776413025565312e-16,True,series tail and order change; rounding and minimizer search are not enclosed
17179869184,34,joint_window,1.67,1.029427392394375,64,7.98886672994241668969e-04,7.98321200178062984412e-04,7.94905931638437341681e-04,2.51745168277164810267e-01,6.17470627891386966688e-16,-1.25368764318960955679e-05,-1.25369925650867654159e-05,-1.25369126803261886046e-05,-1.75911875049174567606e-08,-5.49070362030359644862e-09,2.44260517198053287200e-16,2.43769505723076123346e-16,2.44260517198053287200e-16,True,2.43769505723076123346e-16,True,series tail and order change; rounding and minimizer search are not enclosed
17179869184,34,joint_window,1.68,1.0296036043248804,64,8.33103359554428516895e-04,8.32564283362447377264e-04,8.28868675454457956575e-04,2.51788385187878605009e-01,6.16746141021197222925e-16,-1.31517399371636206510e-05,-1.31518719755219627796e-05,-1.31517764041076548956e-05,-2.00015927984425564870e-08,-5.52412930779549755201e-09,2.34692122593032768513e-16,2.34203943555375165392e-16,2.34692122593032768513e-16,True,2.34203943555375165392e-16,True,series tail and order change; rounding and minimizer search are not enclosed
17179869184,34,joint_window,1.69,1.0297798162553855,64,8.68358904414954667003e-04,8.67844723450350401250e-04,8.63849623010886345266e-04,2.51831602480571903335e-01,6.16022420531678501673e-16,-1.37893039956443714611e-05,-1.37894536764370206731e-05,-1.37893406298666791870e-05,-2.26754659017249867394e-08,-5.54979729817164957649e-09,2.25627764215111096395e-16,2.25142388590339591525e-16,2.25627764215111096395e-16,True,2.25142388590339591525e-16,True,series tail and order change; rounding and minimizer search are not enclosed
17179869184,34,joint_window,1.7,1.0299560281858908,64,9.04669292335933327917e-04,9.04178604072110206173e-04,8.99863833347396935118e-04,2.51874820155407741495e-01,6.15299465716636406908e-16,-1.44501050399169217453e-05,-1.44502742882975451647e-05,-1.44501417977097761699e-05,-2.56413188923832036470e-08,-5.56884671333073774026e-09,2.17036143829258015411e-16,2.16553543286986810028e-16,2.17036143829258015411e-16,True,2.16553543286986810028e-16,True,series tail and order change; rounding and minimizer search are not enclosed
17179869184,34,joint_window,1.75,1.030837087838417,64,1.10259446363649695963e-03,1.10220318212198953138e-03,1.09594888086797840297e-03,2.52090914267421029038e-01,6.11696152077839669159e-16,-1.81216571384431462694e-05,-1.81219607422508492169e-05,-1.81216940518465240758e-05,-4.60099475612828680120e-08,-5.59407922412051049365e-09,1.80219298325465802568e-16,1.79750171870677565533e-16,1.80219298325465802568e-16,True,1.79750171870677565533e-16,True,series tail and order change; rounding and minimizer search are not enclosed
17179869184,34,joint_window,1.8,1.0317181474909431,64,1.32921122079105564172e-03,1.32889553156868085899e-03,1.32002143999013395181e-03,2.52307017957410617548e-01,6.08111874667612760016e-16,-2.24562624462100717676e-05,-2.24567863755691435584e-05,-2.24562990687846735817e-05,-7.94230109594633682989e-08,-5.55165518299655055727e-09,1.51617265304390545220e-16,1.51161003572887603749e-16,1.51617265304390545220e-16,True,1.51161003572887603749e-16,True,series tail and order change; rounding and minimizer search are not enclosed
17179869184,34,joint_window,1.85,1.0325992071434693,64,1.58635246238133229869e-03,1.58609499128605185674e-03,1.57374838890523833894e-03,2.52523131245719012483e-01,6.04546545789633952508e-16,-2.75238034327014182128e-05,-2.75246795397269953306e-05,-2.75238395634277586890e-05,-1.32849618123482255492e-07,-5.47872925408934223459e-09,1.29129636001183169447e-16,1.28685706861004878349e-16,1.29129636001183169447e-16,True,1.28685706861004878349e-16,True,series tail and order change; rounding and minimizer search are not enclosed
17179869184,34,joint_window,1.9,1.0334802667959957,64,1.87573928152851661030e-03,1.87552718105526983194e-03,1.85865682255499133080e-03,2.52739254152685333121e-01,6.01000078067808264267e-16,-3.33950486515894315927e-05,-3.33964733628028839600e-05,-3.33950842055848076510e-05,-2.16102614006959238167e-07,-5.39289032782286889724e-09,1.11253440457921557896e-16,1.10821384544487854033e-16,1.11253440457921557896e-16,True,1.10821384544487854033e-16,True,series tail and order change; rounding and minimizer search are not enclosed
17179869184,34,joint_window,1.95,1.0343613264485219,64,2.19896982217353351846e-03,2.19879347115466573098e-03,2.17612302753057360039e-03,2.52955386698646422783e-01,5.97472384445699674885e-16,-4.01411542507626017268e-05,-4.01434129454056516130e-05,-4.01411891994405052066e-05,-3.42705656079178358120e-07,-5.30266877218439245594e-09,9.68981529032684622890e-17,9.64775794130413960619e-17,9.68981529032684622890e-17,True,9.64775794130413960619e-17,True,series tail and order change; rounding and minimizer search are not enclosed
17179869184,34,joint_window,2.0,1.035242386101048,64,2.55751104998690973608e-03,2.55736315750024244611e-03,2.52736465427203568085e-03,2.53171528903935294519e-01,5.93963378185949735428e-16,-4.78331879108614597094e-05,-4.78366859380902303793e-05,-4.78332222533038153162e-05,-5.30906568363281709381e-07,-5.21226020610156131604e-09,8.52621137663422945012e-17,8.48526962357823435714e-17,8.52621137663422945012e-17,True,8.48526962357823435714e-17,True,series tail and order change; rounding and minimizer search are not enclosed
17179869184,34,joint_window,2.05,1.0361234457535742,64,2.95269313695557681157e-03,2.95256811633184089450e-03,2.91343585978500298553e-03,2.53387680788882296845e-01,5.90472972869700911120e-16,-5.65416813092554449219e-05,-5.65469826305156761034e-05,-5.65417150581115851918e-05,-8.04842377709355886972e-07,-5.12372445855085874762e-09,7.57487507894139105194e-17,7.53502226185786658517e-17,7.57487507894139105194e-17,True,7.53502226185786658517e-17,True,series tail and order change; rounding and minimizer search are not enclosed
17179869184,34,joint_window,2.1,1.0370045054061003,64,3.38570616325871995636e-03,3.38559968904509527368e-03,3.33522515374495365573e-03,2.53603842373814558631e-01,5.87001082396011838189e-16,-6.63362154567298327977e-05,-6.63440898892276535032e-05,-6.63362486310903353738e-05,-1.19585482344960993574e-06,-5.03804160622670235603e-09,6.79089748880196194677e-17,6.75211244083647909865e-17,6.79089748880196194677e-17,True,6.75211244083647909865e-17,True,series tail and order change; rounding and minimizer search are not enclosed
17179869184,34,joint_window,2.15,1.0378855650586265,64,3.85759884744500203616e-03,3.85750753795386551806e-03,3.79345565650270446015e-03,2.53820013679056433187e-01,5.83547620981269030850e-16,-7.72850417892782717150e-05,-7.72965217791688353338e-05,-7.72850744110160480654e-05,-1.74394953413827415750e-06,-4.95563706508883476873e-09,6.14010397950251502159e-17,6.10237047301243631465e-17,6.14010397950251502159e-17,True,6.10237047301243631465e-17,True,series tail and order change; rounding and minimizer search are not enclosed
17179869184,34,joint_window,2.2,1.0387666247111529,64,4.36927902719361389849e-03,4.36920021436249406827e-03,4.28868746637027162261e-03,2.54036194724929331734e-01,5.80112503158594052339e-16,-8.94547406761141790030e-05,-8.94711884499646559199e-05,-8.94547727679715623181e-05,-2.49938708063708385184e-06,-4.87664607173169080079e-09,5.59622155200772931204e-17,5.55952767464600025726e-17,5.59622155200772931204e-17,True,5.55952767464600025726e-17,True,series tail and order change; rounding and minimizer search are not enclosed
17179869184,34,joint_window,2.25,1.039647684363679,64,4.92151562790012122445e-03,4.92144718859512629583e-03,4.82132183306751768703e-03,2.54252385531751168291e-01,5.76695643777251277580e-16,-1.02909917996533485131e-04,-1.02933103830632932847e-04,-1.02909949581133329521e-04,-3.52438970269967526079e-06,-4.80105369770721170118e-09,5.13885594236354647637e-17,5.10319340057494485721e-17,5.13885594236354647637e-17,True,5.10319340057494485721e-17,True,series tail and order change; rounding and minimizer search are not enclosed
17179869184,34,joint_window,2.3,1.0405287440162052,64,5.51494187422853481689e-03,5.51488210529166994478e-03,5.39160684204951362597e-03,2.54468586119837469894e-01,5.73296958002042343841e-16,-1.17712939617395460218e-04,-1.17745131830898782342e-04,-1.17712970716724952061e-04,-4.89494373769968063381e-06,-4.72876649760972898056e-09,4.75203074805566308865e-17,4.71739410266784605697e-17,4.75203074805566308865e-17,True,4.71739410266784605697e-17,True,series tail and order change; rounding and minimizer search are not enclosed
17179869184,34,joint_window,2.35,1.0414098036687314,64,6.15005951968819897929e-03,6.15000704446875320203e-03,5.99964432854756951619e-03,2.54684796509500321893e-01,5.69916361312706813655e-16,-1.33923702946828985377e-04,-1.33967770071558522037e-04,-1.33923733581995914668e-04,-6.70267476399182247384e-06,-4.65965382979626462273e-09,4.42312127271670269724e-17,4.38950711879592534600e-17,4.42312127271670269724e-17,True,4.38950711879592534600e-17,True,series tail and order change; rounding and minimizer search are not enclosed
17179869184,34,joint_window,2.4,1.0422908633212575,64,6.82724389032048246950e-03,6.82719758810428241358e-03,6.64539775881498213927e-03,2.54901016721049200608e-01,5.66553769503313864460e-16,-1.51599444228289878187e-04,-1.51658969640646899488e-04,-1.51599474419414652002e-04,-9.05677026223481125621e-06,-4.59356845179289020836e-09,4.14206871358227661888e-17,4.10947482389563453682e-17,4.14206871358227661888e-17,True,4.10947482389563453682e-17,True,series tail and order change; rounding and minimizer search are not enclosed
17179869184,34,joint_window,2.45,1.0431719229737837,64,7.54674955992622967932e-03,7.54670851218184821074e-03,7.32870083773971836560e-03,2.55117246774790362718e-01,5.63209098681651315820e-16,-1.70794579852417537785e-04,-1.70873988976774160778e-04,-1.70794609618609653096e-04,-1.20859232170444341048e-05,-4.53035934876660697106e-09,3.90079557654021074317e-17,3.86922003419668433466e-17,6.60041953818440996216e-17,True,3.86922003419668433466e-17,True,series tail and order change; rounding and minimizer search are not enclosed
17179869184,34,joint_window,2.5,1.04405298262631,64,8.30871649529241022847e-03,8.30867994438503308652e-03,8.04926662546282326027e-03,2.55333486691027067295e-01,5.59882265268610515144e-16,-1.91560579684900249287e-04,-1.91665279698646556436e-04,-1.91560609044265448692e-04,-1.59402695458575849015e-05,-4.46987639876379756431e-09,3.69276697833461412507e-17,3.66220732882163016326e-17,3.69276697833461412507e-17,True,3.66220732882163016326e-17,True,series tail and order change; rounding and minimizer search are not enclosed
17179869184,34,joint_window,2.55,1.0449340422788362,64,9.11317653010681669179e-03,9.11314384733545590489e-03,8.80669696988255548686e-03,2.55549736490059853367e-01,5.56573185997571617819e-16,-2.13945870220028089292e-04,-2.14082402013338404800e-04,-2.13945899189710861746e-04,-2.07932924936524798725e-05,-4.41197575673698716978e-09,3.51265871010433607844e-17,3.48311116540525470770e-17,3.51265871010433607844e-17,True,3.48311116540525470770e-17,True,series tail and order change; rounding and minimizer search are not enclosed
17179869184,34,joint_window,2.6,1.0458151019313624,64,9.96006004533205556439e-03,9.96003070600176218519e-03,9.60049208614223957559e-03,2.55765996192185984803e-01,5.53281777913777231650e-16,-2.37995765257260514722e-04,-2.38171967230102346949e-04,-2.37995793853489198341e-04,-2.68436680647814026538e-05,-4.35652026070556902183e-09,3.35610411656196356758e-17,3.32756284390688346414e-17,3.35610411656196356758e-17,True,3.32756284390688346414e-17,True,series tail and order change; rounding and minimizer search are not enclosed
17179869184,34,joint_window,2.65,1.0466961615838886,64,1.08492027515346700639e-02,1.08491763153719354695e-02,1.04300601377517124929e-02,2.55982265817700060939e-01,5.50007958373710794474e-16,-2.63752421747931410298e-04,-2.63977604867213916373e-04,-2.63752449986059392048e-04,-3.43170271570785034181e-05,-4.30337884738237426178e-09,3.21949963540279434557e-17,3.19195616029120391568e-17,3.21949963540279434557e-17,True,3.19195616029120391568e-17,True,series tail and order change; rounding and minimizer search are not enclosed
17179869184,34,joint_window,2.7,1.0475772212364147,64,1.17803524848746343778e-02,1.17803285805411651205e-02,1.12947266964269817796e-02,2.56198545386893794529e-01,5.46751645044467654797e-16,-2.91254818460039447900e-04,-2.91539951854212801494e-04,-2.91254846354614118850e-04,-4.34676121354021771908e-05,-4.25243079295058299291e-09,3.09985432534444914482e-17,3.07329707291172800173e-17,3.09985432534444914482e-17,True,3.07329707291172800173e-17,True,series tail and order change; rounding and minimizer search are not enclosed
17179869184,34,joint_window,2.75,1.0484582808889409,64,1.27531759431554446438e-02,1.27531542559208080356e-02,1.21937439787047578049e-02,2.56414834920055456635e-01,5.43512755903123194210e-16,-3.20538755149946249720e-04,-3.20896661389368387934e-04,-3.20538782714746952121e-04,-5.45798080454350953037e-05,-4.20356100105255239908e-09,2.99467260996711370038e-17,2.96908660099927608074e-17,2.99467260996711370038e-17,True,2.96908660099927608074e-17,True,series tail and order change; rounding and minimizer search are not enclosed
17179869184,34,joint_window,2.8,1.0493393405414673,64,1.37672653014585463782e-02,1.37672455633282495024e-02,1.31262997766905253894e-02,2.56631134437471042364e-01,5.40291209236097695755e-16,-3.51636870001748383374e-04,-3.52082429102803509333e-04,-3.51636897249834549234e-04,-6.79695314526556861783e-05,-4.15666156643291405450e-09,2.90186226354648490078e-17,2.87722897221189491012e-17,2.90186226354648490078e-17,True,2.87722897221189491012e-17,True,series tail and order change; rounding and minimizer search are not enclosed
17179869184,34,joint_window,2.85,1.0502204001939934,64,1.48221446585368073212e-02,1.48221266402998458345e-02,1.40915260177908643197e-02,2.56847443959423160642e-01,5.37086923638520916463e-16,-3.84578673190729726505e-04,-3.85129034290724453493e-04,-3.84578700134503761315e-04,-8.39854627895771169979e-05,-4.11163403669501061862e-09,2.81966169383457154850e-17,2.79595906442179724927e-17,2.81966169383457154850e-17,True,2.79595906442179724927e-17,True,series tail and order change; rounding and minimizer search are not enclosed
17179869184,34,joint_window,2.9,1.0511014598465196,64,1.59172762753708556260e-02,1.59172597801594990774e-02,1.50885069039357836568e-02,2.57063763506191811370e-01,5.33899818013586700527e-16,-4.19390594539852633316e-04,-4.20065394118953466807e-04,-4.19390621191077696966e-04,-1.03010111124508430707e-04,-4.06838254285828301537e-09,2.74658206087259597703e-17,2.72378467148857733964e-17,2.74658206087259597703e-17,True,2.72378467148857733964e-17,True,series tail and order change; rounding and minimizer search are not enclosed
17179869184,34,joint_window,2.95,1.0519825194990458,64,1.70520665761989785592e-02,1.70520514342416863729e-02,1.61162865945975314341e-02,2.57280093098053830314e-01,5.30729811571911438174e-16,-4.56096043361805484478e-04,-4.56917628837319282631e-04,-4.56096069731659701368e-04,-1.25460703242023894222e-04,-4.02681936629020687348e-09,2.68136086614618037441e-17,2.65944021934920245160e-17,2.68136086614618037441e-17,True,2.65944021934920245160e-17,True,series tail and order change; rounding and minimizer search are not enclosed
17179869184,34,joint_window,3.0,1.052863579151572,64,1.82258718900151807374e-02,1.82258579543444973470e-02,1.71738764099451240996e-02,2.57496432755283166660e-01,5.27576823830886213641e-16,-4.94715478710374030602e-04,-4.95709136196922223183e-04,-4.94715504809491689320e-04,-1.51789891819907547593e-04,-3.98686296488275241827e-09,2.62292446103804127501e-17,2.60184937546384484258e-17,2.62292446103804127501e-17,True,2.60184937546384484258e-17,True,series tail and order change; rounding and minimizer search are not enclosed
17179869184,34,fixed_power,0.567498464566373,1.01,64,1.15248718034524475938e-05,8.89030870783047040376e-10,8.89030859748090814317e-10,2.46982802406764012648e-01,7.02210792393058841393e-16,1.17907296458536989924e-06,8.08537242840936393184e-03,8.08537232805094790988e-03,1.20204404446330892497e+00,1.20204402972032298180e+00,1.11451281827250441291e-10,1.11451280444380853368e-10,6.26758644983738122392e-10,True,6.26758867028343047423e-10,True,series tail and order change; rounding and minimizer search are not enclosed
17179869184,34,fixed_power,1.134996929132746,1.02,64,4.18316446795844216360e-05,2.86903264877213845367e-05,2.86841787357967439626e-05,2.49433602775279067432e-01,6.57367441407962136636e-16,-1.05735457340666358221e-07,-5.51648419415107476704e-08,-5.52190651855391100196e-08,7.63616356135660690721e-06,7.62797585145085470107e-06,5.60049982308208845347e-15,5.59978987282351012875e-15,6.03876384932134496752e-15,True,6.03441433513719413528e-15,True,series tail and order change; rounding and minimizer search are not enclosed
17179869184,34,fixed_power,1.702495393699119,1.03,64,9.13896475794246428842e-04,9.13411442080404008606e-04,9.09013631898211238794e-04,2.51885604726352130278e-01,6.15119179317306829544e-16,-1.46186866905324001258e-05,-1.46188611452341155625e-05,-1.46187234731168247143e-05,-2.64304726807550037023e-08,-5.57268496061893375921e-09,2.14962452202383634489e-16,2.14480539815821698830e-16,2.14962452202383634489e-16,True,2.14480539815821698830e-16,True,series tail and order change; rounding and minimizer search are not enclosed
17179869184,34,fixed_power,2.837492322831865,1.05,64,1.45544656389840782601e-02,1.45544472101400926972e-02,1.38470565024270790555e-02,2.56793332426625109388e-01,5.37886872588731785396e-16,-3.76163749878191330800e-04,-3.76686153712561984375e-04,-3.76163776896961798285e-04,-7.97123752272668316832e-05,-4.12272749793025836634e-09,2.83931502288697282332e-17,2.81538184188934907891e-17,2.83931502288697282332e-17,True,2.81538184188934907891e-17,True,series tail and order change; rounding and minimizer search are not enclosed
17179869184,34,fixed_power,4.256238484247791,1.075,64,5.80952927763705717634e-02,5.80952896668537818736e-02,5.05035378848362956350e-02,2.62935280264485649049e-01,4.53711590116804997635e-16,-2.10376347193482436670e-03,-2.13068729438456710285e-03,-2.10376349361113268444e-03,-4.15314311489544882305e-03,-3.34354722897279342999e-09,2.01225787122951006257e-17,2.00201522109840718722e-17,2.01225787122951006257e-17,True,2.00201522109840718722e-17,True,series tail and order change; rounding and minimizer search are not enclosed
17179869184,34,fixed_power,5.67498464566373,1.1,64,1.16063932371919101283e-01,1.16063931192650182656e-01,9.30361202314286123150e-02,2.69085757582120721487e-01,3.81647087259406181161e-16,-5.18325027785233524713e-03,-5.37802019437734479812e-03,-5.18325029736822762150e-03,-3.04431087242997937270e-02,-3.04946281806758995593e-09,1.73263332299480274222e-17,1.72296416453290497934e-17,1.73263332299480274222e-17,True,1.72296416453290497934e-17,True,series tail and order change; rounding and minimizer search are not enclosed
17179869184,34,fixed_power,8.512476968495582,1.15,64,2.31857403216914836896e-01,2.31857402815325880363e-01,1.66338193807252343603e-01,2.81414141449873145273e-01,2.67753125767527484985e-16,-1.33051413096490350751e-02,-1.48201518173878658835e-02,-1.33051413278815339192e-02,-2.44316937177193077568e-01,-2.93308307658969608729e-09,1.32660363355755799213e-17,1.30992179227928790243e-17,1.32660363355755799213e-17,True,1.30992179227928790243e-17,True,series tail and order change; rounding and minimizer search are not enclosed
17179869184,34,fixed_power,11.349969291327447,1.2,64,3.27680000217442424226e-01,3.27680000000000026805e-01,2.19929072016202736828e-01,2.93782149799831859838e-01,1.85660647477735116084e-16,-2.16631689913896405275e-02,-2.62434272425900033676e-02,-2.16631690097360829483e-02,-7.64961665490740849727e-01,-3.04082918172132501177e-09,1.01810643029712731273e-17,9.95889947008882391863e-18,1.01810643029712731273e-17,True,9.95889947008882391863e-18,True,series tail and order change; rounding and minimizer search are not enclosed
17179869184,34,fixed_power,14.187461614159313,1.25,64,4.03237402583328186090e-01,4.03237402439117431641e-01,2.59180357765401492287e-01,3.06193425614168013293e-01,1.27158890281189772502e-16,-2.89638499891900491612e-02,-3.83766109569150040692e-02,-2.89638500081368654993e-02,-1.63130509377610932731e+00,-3.23092520878053155831e-09,1.13975768695136615765e-17,1.46416857931027744619e-17,1.13975768695136615765e-17,True,1.46416857931027744619e-17,True,series tail and order change; rounding and minimizer search are not enclosed
17179869184,34,fixed_power,17.024953936991178,1.3,64,4.63033551372697749215e-01,4.63033551265942477926e-01,2.88789010916076727131e-01,3.18651592588365506487e-01,8.59502543425497381873e-17,-3.47811841079142813893e-02,-5.06035110476930130585e-02,-3.47811841276619571062e-02,-2.84852369009903449992e+00,-3.45674550118902900645e-09,7.94218576242067560601e-17,1.48592722374068382412e-16,7.54951656745106447488e-15,True,2.42924692801760234842e-15,True,series tail and order change; rounding and minimizer search are not enclosed
17179869184,34,fixed_power,22.699938582654895,1.4,64,5.50334078018255068443e-01,5.50334077948180566686e-01,3.30145309393032881928e-01,3.43723018532124391378e-01,3.75641078659009409959e-17,-4.17827947520909293022e-02,-7.42361019047659137504e-02,-4.17827947736382626642e-02,-6.31388290961241782639e+00,-3.94313016920627051174e-09,2.07030910068257143809e-15,3.89152247640941845829e-15,1.26121335597417782992e-13,True,3.89152247640941845829e-15,True,series tail and order change; rounding and minimizer search are not enclosed
17179869184,34,fixed_power,28.374923228318625,1.5,64,6.10351562552554738339e-01,6.10351562500000000000e-01,3.57509534293642405878e-01,3.69025157164765693629e-01,1.52863260928892972912e-17,-4.32373092097816519308e-02,-9.60418071946441687103e-02,-4.32373092331441444269e-02,-1.11076920851920473154e+01,-4.42311226411054188882e-09,1.06357611773656452275e-14,1.91432801038371619429e-14,4.97379915032070130110e-13,True,1.91432801038371619429e-14,True,series tail and order change; rounding and minimizer search are not enclosed
68719476736,36,joint_window,0.0,1.0,96,3.77275815051348124742e-06,0.00000000000000000000e+00,0.00000000000000000000e+00,2.44533173793497621284e-01,7.49786258826540693388e-16,9.43190249914163187464e-07,2.38748120932375240688e-01,2.38748120932375240688e-01,2.63688180281691231244e+01,2.63688180281691231244e+01,4.27826239519714643042e-08,4.27826239519714643042e-08,7.60958158707580878399e-08,True,7.60958158707580878399e-08,True,series tail and order change; rounding and minimizer search are not enclosed
68719476736,36,joint_window,0.05,1.0008321118940524,96,3.88098321706359627699e-06,3.94269537931214953936e-109,3.94269537931237361267e-109,2.44736966336975336755e-01,7.45719797830599430834e-16,9.15522470522775547999e-07,2.38947830633745389450e-01,2.38947830633745389450e-01,2.63904455875641019702e+01,2.63904455875641019702e+01,4.26167282009029170360e-08,4.26167282009029170360e-08,7.58029550240735261468e-08,True,7.58029550240735261468e-08,True,series tail and order change; rounding and minimizer search are not enclosed
68719476736,36,joint_window,0.1,1.001664223788105,96,3.99717309159067285464e-06,6.04214821108535802252e-55,6.04214821108595931961e-55,2.44940766804171622395e-01,7.41673154487552705647e-16,8.87378673264005981495e-07,2.39147556991621601519e-01,2.39147556991621601519e-01,2.64120708541876396680e+01,2.64120708541876396680e+01,4.24513402429437101643e-08,4.24513402429437101643e-08,7.55109930139497009804e-08,True,7.55109930139497009804e-08,True,series tail and order change; rounding and minimizer search are not enclosed
68719476736,36,joint_window,0.15,1.0024963356821575,96,4.12235500581731549314e-06,6.96610545323237000866e-37,6.96610545323227145046e-37,2.45144575212313753365e-01,7.37646245466534559192e-16,8.58715339175857045514e-07,2.39347300039244537118e-01,2.39347300039244537118e-01,2.64336938296110908198e+01,2.64336938296110908198e+01,4.22864591575606778456e-08,4.22864591575606778456e-08,7.52198943132498243358e-08,True,7.52198943132498243358e-08,True,series tail and order change; rounding and minimizer search are not enclosed
68719476736,36,joint_window,0.2,1.00332844757621,96,4.25774844881238707732e-06,7.47978035578948259367e-28,7.47978035578932295775e-28,2.45348391578626895404e-01,7.33638987704610610307e-16,8.29483240483049801147e-07,2.39547059809847112666e-01,2.39547059809847112666e-01,2.64553145160395963842e+01,2.64553145160395963842e+01,4.21220840227107584508e-08,4.21220840227107584508e-08,7.49296873436833266169e-08,True,7.49296873436833266169e-08,True,series tail and order change; rounding and minimizer search are not enclosed
68719476736,36,joint_window,0.25,1.0041605594702625,96,4.40481318713501983868e-06,1.96077471255352711702e-22,1.96077471255355485868e-22,2.45552215920333605226e-01,7.29651298406493868155e-16,7.99626348629009850991e-07,2.39746836333592255874e-01,2.39746836333592255874e-01,2.64769329161839159781e+01,2.64769329161839159781e+01,4.19582138601231095413e-08,4.19582138601231095413e-08,7.46403436835407774197e-08,True,7.46403436835407774197e-08,True,series tail and order change; rounding and minimizer search are not enclosed
68719476736,36,joint_window,0.3,1.0049926713643151,96,4.56531253938306980409e-06,8.03131344127528343223e-19,8.03131344127522661729e-19,2.45756048254653663987e-01,7.25683095044238654202e-16,7.69080464164610415213e-07,2.39946617096619380094e-01,2.39946617096619380094e-01,2.64985480154413117759e+01,2.64985480154413117759e+01,4.17946244039776707717e-08,4.17946244039776707717e-08,7.43515791157278727042e-08,True,7.43515791157278727042e-08,True,series tail and order change; rounding and minimizer search are not enclosed
68719476736,36,joint_window,0.35,1.0058247832583675,96,4.74139787812919133561e-06,3.05522086670804194401e-16,3.05522086670797686299e-16,2.45959888598804493620e-01,7.21734295356947441772e-16,7.37771478377580218694e-07,2.40141659238483295979e-01,2.40141659238483295979e-01,2.65197749486691876086e+01,2.65197749486691876086e+01,4.15474065839927137664e-08,4.15474065839927137664e-08,7.39480299216666026041e-08,True,7.39480299216666026041e-08,True,series tail and order change; rounding and minimizer search are not enclosed
68719476736,36,joint_window,0.4,1.0066568951524202,96,4.93572315223900998045e-06,2.63168782291598951892e-14,2.63168782291455884078e-14,2.46163736970000740500e-01,7.17804817350455903342e-16,7.05613140539874857093e-07,2.39934564263675348395e-01,2.39934564263675098594e-01,2.65083614583770668105e+01,2.65083614583770490469e+01,3.49826679121984271990e-08,3.49826679121952772953e-08,6.46469970888574607670e-08,True,6.46469935361437819665e-08,True,series tail and order change; rounding and minimizer search are not enclosed
68719476736,36,joint_window,0.45,1.0074890070464726,64,5.15160262179099157792e-06,8.42138028591366647684e-13,8.42138028578387828444e-13,2.46367593385454636268e-01,7.13894579297030875413e-16,6.72504151306871926850e-07,2.27784267563164416481e-01,2.27784267562974263033e-01,2.55136568543617805460e+01,2.55136568543459141267e+01,2.77745147634429908003e-08,2.77745147630190772800e-08,9.43832070277039747452e-08,True,9.43832141331313323462e-08,True,series tail and order change; rounding and minimizer search are not enclosed
68719476736,36,joint_window,0.5,1.0083211189405252,64,5.39323201163253843261e-06,1.34741752588521148564e-11,1.34741752558416734120e-11,2.46571457862375664760e-01,7.10003499735045840861e-16,6.38324322039497486115e-07,1.11853881010685829445e-01,1.11853880994475768373e-01,1.44015222680962278190e+01,1.44015222663096960076e+01,1.81298940404730910031e-09,1.81298940365177263129e-09,7.80671705058466613991e-09,True,7.80671705058466613991e-09,True,series tail and order change; rounding and minimizer search are not enclosed
68719476736,36,joint_window,0.55,1.0091532308345776,64,5.66600473929314452933e-06,1.30223750336378163087e-10,1.30223750079248759482e-10,2.46775330417970895081e-01,7.06131497468670512170e-16,6.02929415698702187138e-07,1.37880134172568991763e-02,1.37880133900322027207e-02,2.03226201611676904335e+00,2.03226201218540580840e+00,1.90826800486705927781e-10,1.90826800110228191211e-10,1.05498232372269740154e-09,True,1.05498232372269740154e-09,True,series tail and order change; rounding and minimizer search are not enclosed
68719476736,36,joint_window,0.6,1.0099853427286303,64,5.97697404877399032964e-06,8.62342966615112038662e-10,8.62342956218559230313e-10,2.46979211069444870574e-01,7.02278491567537833521e-16,5.66144087660803980758e-07,2.08386959509489211317e-03,2.08386956997140895820e-03,3.12555403695380595863e-01,3.12555399937916922326e-01,2.87327113918055952986e-11,2.87327110454559544489e-11,1.64458002771539213427e-10,True,1.64457891749236750911e-10,True,series tail and order change; rounding and minimizer search are not enclosed
68719476736,36,joint_window,0.65,1.0108174546226827,64,6.33554489764803724177e-06,4.26936770504820780152e-09,4.26936746844220984940e-09,2.47183099833998970452e-01,6.98444401366424097695e-16,5.27752026722774366825e-07,4.21255294219941315778e-04,4.21255270874204567916e-04,6.32965511545282022432e-02,6.32965476444910940534e-02,5.78662253423303571688e-12,5.78662221375805194544e-12,3.32696231675200237987e-11,True,3.32696370453078316132e-11,True,series tail and order change; rounding and minimizer search are not enclosed
68719476736,36,joint_window,0.7,1.0116495665167353,64,6.75453799848225764171e-06,1.68192427088436455460e-08,1.68192392792516650210e-08,2.47386996728832825321e-01,6.94629146464908453986e-16,4.87481865478894915831e-07,1.07018842411686263515e-04,1.07018820589578516939e-04,1.60391715519090545528e-02,1.60391682669384187665e-02,1.46645049204066716955e-12,1.46645019376203732318e-12,8.41319375277649328382e-12,True,8.41319028332954133020e-12,True,series tail and order change; rounding and minimizer search are not enclosed
68719476736,36,joint_window,0.75,1.0124816784107877,64,7.25187555003260188259e-06,5.51895417834124109159e-08,5.51895071191979487262e-08,2.47590901771143512278e-01,6.90832646727043854595e-16,4.44986519298872175786e-07,3.26409943918897727465e-05,3.26409738900468668213e-05,4.84925577708323653214e-03,4.84925268931349004453e-03,4.47638720044119642146e-13,4.47638441011019158214e-13,2.54393988513568203302e-12,True,2.54393815041220605622e-12,True,series tail and order change; rounding and minimizer search are not enclosed
68719476736,36,joint_window,0.8,1.0133137903048404,64,7.85334054045491592312e-06,1.56099212177243048895e-07,1.56098950704107629582e-07,2.47794814978124777749e-01,6.87054822281008279502e-16,3.99812003634150371445e-07,1.15488907332487683133e-05,1.15488713864660424454e-05,1.67975440616785444067e-03,1.67975149137117676403e-03,1.59639364810414026794e-13,1.59639102625396088758e-13,8.85772791919814395101e-13,True,8.85770623515469424092e-13,True,series tail and order change; rounding and minimizer search are not enclosed
68719476736,36,joint_window,0.85,1.0141459021988928,64,8.59725531353033308813e-06,3.90680462890063527976e-07,3.90678912604750791885e-07,2.47998736366968647316e-01,6.83295593518768385899e-16,3.51348843174901998255e-07,4.61572225042555840273e-06,4.61570392265688437855e-06,6.42667711001014985844e-04,6.42664948909537681911e-04,6.51598987235225631674e-14,6.51596514122325345458e-14,3.43687426608563217911e-13,True,3.43686342406390732407e-13,True,series tail and order change; rounding and minimizer search are not enclosed
68719476736,36,joint_window,0.9,1.0149780140929454,64,9.54270929285468796400e-06,8.83026137630484212352e-07,8.83018615380175631089e-07,2.48202665954863982423e-01,6.79554881095721365338e-16,2.98753675986779819687e-07,2.03803669600158261118e-06,2.03801927388346398420e-06,2.62194197737559606641e-04,2.62191571387360383791e-04,3.00252682448436177908e-14,3.00250341620574221503e-14,1.44137035206631791695e-13,True,1.44135679953916184814e-13,True,series tail and order change; rounding and minimizer search are not enclosed
68719476736,36,joint_window,0.95,1.0158101259869978,64,1.07845327437951290112e-05,1.83166550958619751962e-06,1.83163467404417780900e-06,2.48406603758997673870e-01,6.75832605930351296198e-16,2.40818119195510306282e-07,9.71181397121868642461e-07,9.71164785203381255245e-07,1.10131687178691126702e-04,1.10129182265518760675e-04,1.54472959166568176580e-14,1.54470736770416545536e-14,6.33823912408668088680e-14,True,6.33811850659499187444e-14,True,series tail and order change; rounding and minimizer search are not enclosed
68719476736,36,joint_window,1.0,1.0166422378810505,64,1.24811961141940147156e-05,3.53208713116454677819e-06,3.53197759238650520980e-06,2.48610549796553642610e-01,6.72128689203862717798e-16,1.75741964407598859839e-07,4.80519654355230827785e-07,4.80503771527892229972e-07,4.59702293147838452966e-05,4.59678336772310449959e-05,8.75670125649147116181e-15,8.75648968268065159320e-15,2.83063503192515497631e-14,True,2.83050492766445671577e-14,True,series tail and order change; rounding and minimizer search are not enclosed
68719476736,36,joint_window,1.05,1.0174743497751029,64,1.49064059066784142590e-05,6.39817401878699142185e-06,6.39782980277816522372e-06,2.48814504084713478127e-01,6.68443052359829291467e-16,1.00732668845574005299e-07,2.22837584396220174870e-07,2.22822361207823260184e-07,1.84224163390984549610e-05,1.84201195612682343250e-05,5.36792009693373853094e-15,5.36771817997715213670e-15,1.24035845613587603076e-14,True,1.24024664778683846311e-14,True,series tail and order change; rounding and minimizer search are not enclosed
68719476736,36,joint_window,1.1,1.0183064616691555,64,1.85365925975487230238e-05,1.09805426863838103129e-05,1.09795696134660524293e-05,2.49018466640656355171e-01,6.64775617103820373515e-16,1.13082519683456098189e-08,5.69539210237265306722e-08,5.69392977343694885759e-08,6.88863030076051425566e-06,6.88642342266431469030e-06,3.47413247863537817414e-15,3.47393934743874763432e-15,5.14698723366128346735e-15,True,5.14596486489394752684e-15,True,series tail and order change; rounding and minimizer search are not enclosed
68719476736,36,joint_window,1.15,1.019138573563208,64,2.41613455625100350852e-05,1.79801897961558702259e-05,1.79776805689986692862e-05,2.49222437481558756200e-01,6.61126305403040308587e-16,-9.98043675832733918310e-08,-8.40634119359960881924e-08,-8.40774864232535047780e-08,2.37620662051166432231e-06,2.37408197892338991282e-06,2.31715962797048180700e-15,2.31697452538439952680e-15,2.31715962797048180700e-15,True,2.31697452538439952680e-15,True,series tail and order change; rounding and minimizer search are not enclosed
68719476736,36,joint_window,1.2,1.0199706854572606,64,3.29206890762269696105e-05,2.82564182702051181243e-05,2.82504474370677996866e-05,2.49426416624594721183e-01,6.57495039485949086169e-16,-2.44002092275550067806e-07,-2.38903153281396472569e-07,-2.38916720908286172524e-07,7.69932592209622752933e-07,7.67883899712402804137e-07,1.56677256477776994328e-15,1.56659482867422951550e-15,1.56677256477776994328e-15,True,1.56659482867422951550e-15,True,series tail and order change; rounding and minimizer search are not enclosed
68719476736,36,joint_window,1.21,1.020137107836071,64,3.51656955959943782141e-05,3.07917707315099353532e-05,3.07847314383348898354e-05,2.49467213450969255151e-01,6.56770944971048852348e-16,-2.78163255213264631264e-07,-2.74109297828472551215e-07,-2.74122768093100836718e-07,6.12175609963905361899e-07,6.10141506831539649003e-07,1.45043513476119548027e-15,1.45025879976026402868e-15,1.45043513476119548027e-15,True,1.45025879976026402868e-15,True,series tail and order change; rounding and minimizer search are not enclosed
68719476736,36,joint_window,1.22,1.0203035302148815,64,3.76005568564134442155e-05,3.35073785034921355053e-05,3.34991023581425161342e-05,2.49508010610253072592e-01,6.56047568567402390747e-16,-3.14441515973208502170e-07,-3.11219573484355716616e-07,-3.11232947430077443304e-07,4.86562442340462194746e-07,4.84542772627214576472e-07,1.34326971516460084258e-15,1.34309475859140822171e-15,1.34326971516460084258e-15,True,1.34309475859140822171e-15,True,series tail and order change; rounding and minimizer search are not enclosed
68719476736,36,joint_window,1.23,1.020469952593692,64,4.02360116527498699640e-05,3.64124073896253942187e-05,3.64027031517311238274e-05,2.49548808102583952184e-01,6.55324909656592055479e-16,-3.52999077309408203185e-07,-3.50438342288771770283e-07,-3.50451620797086503068e-07,3.86731363994684121239e-07,3.84725996172074172969e-07,1.24456417240692968852e-15,1.24439057214375454442e-15,1.24456417240692968852e-15,True,1.24439057214375454442e-15,True,series tail and order change; rounding and minimizer search are not enclosed
68719476736,36,joint_window,1.24,1.0206363749725025,64,4.30826619837944668041e-05,3.95162686090144382278e-05,3.95049196139001936403e-05,2.49589605928099117493e-01,6.54602967620617310860e-16,-3.94005128452155426312e-07,-3.91969119266142955720e-07,-3.91982303031528772890e-07,3.07502352393176417823e-07,3.05511183156316162384e-07,1.15366618262939031277e-15,1.15349391709788803293e-15,1.15366618262939031277e-15,True,1.15349391709788803293e-15,True,series tail and order change; rounding and minimizer search are not enclosed
68719476736,36,joint_window,1.25,1.020802797351313,64,4.61509828421572730161e-05,4.28286156229451900074e-05,4.28153769790476783114e-05,2.49630404086935764330e-01,6.53881741841893449512e-16,-4.37635528286531735019e-07,-4.36015542479393104075e-07,-4.36028631979057356685e-07,2.44683044031784880411e-07,2.42706002874500885945e-07,1.06997362565222846879e-15,1.06980267379632887488e-15,1.06997362565222846879e-15,True,1.06980267379632887488e-15,True,series tail and order change; rounding and minimizer search are not enclosed
68719476736,36,joint_window,1.26,1.0209692197301234,64,4.94513481745604020550e-05,4.63593406373473911389e-05,4.63439361837250651810e-05,2.49671202579231588103e-01,6.53161231703252677045e-16,-4.84072516944689904429e-07,-4.82782208801098034487e-07,-4.82795204258893742805e-07,1.94899201415245665031e-07,1.92936256087727444052e-07,9.92927751119455111395e-16,9.92758092388960660566e-16,9.92927751119455111395e-16,True,9.92758092388960660566e-16,True,series tail and order change; rounding and minimizer search are not enclosed
68719476736,36,joint_window,1.27,1.0211356421089341,64,5.29940677722343249953e-05,5.01185707929331658323e-05,5.01006898032144517728e-05,2.49712001405123756870e-01,6.52441436587941844082e-16,-5.33504467298010183007e-07,-5.32475395052561979725e-07,-5.32488296396175399944e-07,1.55448466984882609268e-07,1.53499629969266202854e-07,9.22008443445459115294e-16,9.21840057780302589165e-16,9.22008443445459115294e-16,True,9.21840057780302589165e-16,True,series tail and order change; rounding and minimizer search are not enclosed
68719476736,36,joint_window,1.28,1.0213020644877446,64,5.67894299216617081012e-05,5.41166640552117534963e-05,5.40959576741082513317e-05,2.49752800564749355416e-01,6.51722355879627376641e-16,-5.86125682377115983794e-07,-5.85303680964321535113e-07,-5.85316487774523027353e-07,1.24175838069371317752e-07,1.22241174256063074414e-07,8.56730974971700247954e-16,8.56563842786841714757e-16,8.56730974971700247954e-16,True,8.56563842786841714757e-16,True,series tail and order change; rounding and minimizer search are not enclosed
68719476736,36,joint_window,1.29,1.0214684868665551,64,6.08477453444986740648e-05,5.83642048170894282215e-05,5.83402822154070364261e-05,2.49793600058246245688e-01,6.51003988962388176385e-16,-6.42136239974364889278e-07,-6.41478487768220887399e-07,-6.41491199219185515338e-07,9.93689744503755107923e-08,9.74486101656164505803e-08,7.96643735327223232553e-16,7.96477837498117257107e-16,7.96643735327223232553e-16,True,7.96477837498117257107e-16,True,series tail and order change; rounding and minimizer search are not enclosed
68719476736,36,joint_window,1.3,1.0216349092453656,64,6.51793889926344433873e-05,6.28719992269339986385e-05,6.28444234608751129811e-05,2.49834399885751345938e-01,6.50286335220720156572e-16,-7.01741881990196103352e-07,-7.01214544036499903314e-07,-7.01227158825750186157e-07,7.96712228971876975215e-08,7.77653565010098796749e-08,7.41326539390795647950e-16,7.41161857239460402504e-16,7.41326539390795647950e-16,True,7.41161857239460402504e-16,True,series tail and order change; rounding and minimizer search are not enclosed
68719476736,36,joint_window,1.31,1.021801331624176,64,6.97948373830053467098e-05,6.76510702554483026993e-05,6.76193538158703373164e-05,2.49875200047401879733e-01,6.49569394039535157375e-16,-7.65153943597126254381e-07,-7.64730288563770973500e-07,-7.64742804830278964374e-07,6.40101411564471680526e-08,6.21190554325613854939e-08,6.90389228795112394939e-16,6.90225744076716262771e-16,6.90389228795112394939e-16,True,6.90225744076716262771e-16,True,series tail and order change; rounding and minimizer search are not enclosed
68719476736,36,joint_window,1.32,1.0219677540029866,64,7.47047001738086974363e-05,7.27126525148013240886e-05,7.26762525520426266694e-05,2.49916000543335486972e-01,6.48853164804160354231e-16,-8.32589315913456181955e-07,-8.32248218569721611901e-07,-8.32260633798429649973e-07,5.15393234984994593231e-08,4.96634000997186754464e-08,6.43470380448391706034e-16,6.43308075338402342875e-16,6.43470380448391706034e-16,True,6.43308075338402342875e-16,True,series tail and order change; rounding and minimizer search are not enclosed
68719476736,36,joint_window,1.33,1.022134176381797,64,7.99197455009975686688e-05,7.80681868436942694211e-05,7.80265000535123253670e-05,2.49956801373689335710e-01,6.48137646900338356453e-16,-9.04270435400232781842e-07,-9.03995190235759620489e-07,-9.04007501146795197731e-07,4.15914477357171199628e-08,3.97311839461900740504e-08,6.00236013988864513432e-16,6.00074871070639966819e-16,6.00236013988864513432e-16,True,6.00074871070639966819e-16,True,series tail and order change; rounding and minimizer search are not enclosed
68719476736,36,joint_window,1.34,1.0223005987606075,64,8.54509191820419398630e-05,8.37293146721272062106e-05,8.36816718283435543452e-05,2.49997602538600927069e-01,6.47422839714227207226e-16,-9.80425293366645963806e-07,-9.80202677531891611675e-07,-9.80214879952301173659e-07,3.36406483632412089794e-08,3.17966765069671185177e-08,5.60378247336562778417e-16,5.60218249589475581196e-16,5.60378247336562778417e-16,True,5.60218249589475581196e-16,True,series tail and order change; rounding and minimizer search are not enclosed
68719476736,36,joint_window,1.35,1.022467021139418,64,9.13093582689289309622e-05,8.97078721797144642549e-05,8.96535322991723272919e-05,2.50038404038207373592e-01,6.46708742632400087789e-16,-1.06128745955265240688e-06,-1.06110699440414277045e-06,-1.06111908311966772684e-06,2.72725417254848588746e-08,2.54456515962785903239e-08,5.23613887701953157119e-16,5.23455018489951449887e-16,5.23613887701953157119e-16,True,5.23455018489951449887e-16,True,series tail and order change; rounding and minimizer search are not enclosed
68719476736,36,joint_window,1.36,1.0226334435182285,64,9.75063996341700060062e-05,9.60158842614195070456e-05,9.59540283869658836187e-05,2.50079205872645926600e-01,6.45995355041845317431e-16,-1.14709611456080154228e-06,-1.14694948465068003384e-06,-1.14696145323532864722e-06,2.21604619206990677884e-08,2.03516265741010040872e-08,4.89682968255793689706e-16,4.89525211316394145992e-16,4.89682968255793689706e-16,True,4.89525211316394145992e-16,True,series tail and order change; rounding and minimizer search are not enclosed
68719476736,36,joint_window,1.37,1.0227998658970392,64,1.04053584347935980121e-04,1.02665558314549195252e-04,1.02595282901894323431e-04,2.50120008042054031705e-01,6.45282676329964972986e-16,-1.23809608678449866738e-06,-1.23797668319087470238e-06,-1.23798852381126594775e-06,1.80466921064736334533e-08,1.62570974717539270272e-08,4.58347252209868343020e-16,4.58190591643581981895e-16,4.58347252209868343020e-16,True,4.58190591643581981895e-16,True,series tail and order change; rounding and minimizer search are not enclosed
68719476736,36,joint_window,1.38,1.0229662882758497,64,1.10962658594146706265e-04,1.09669277860735312033e-04,1.09589587755207456925e-04,2.50160810546568912471e-01,6.44570705884579326175e-16,-1.33453789033527396427e-06,-1.33444045190530772703e-06,-1.33445215509674457968e-06,1.47276841540301023574e-08,1.29587629274308701291e-08,4.29388729958975972679e-16,4.29233150219133381488e-16,4.29388729958975972679e-16,True,4.29233150219133381488e-16,True,series tail and order change; rounding and minimizer search are not enclosed
68719476736,36,joint_window,1.39,1.0231327106546602,64,1.18245571813134308205e-04,1.17039596016717522414e-04,1.16949397006158533176e-04,2.50201613386327958999e-01,6.43859443093919842467e-16,-1.43667776125031374922e-06,-1.43659809278409098801e-06,-1.43660964719473106246e-06,1.20424434626124309064e-08,1.02959138322625889574e-08,4.02608134127065148323e-16,4.02453620010029972908e-16,4.02608134127065148323e-16,True,4.02453620010029972908e-16,True,series tail and order change; rounding and minimizer search are not enclosed
68719476736,36,joint_window,1.4,1.0232991330334706,64,1.25914472672849809013e-04,1.24789228827270216177e-04,1.24687319757575866422e-04,2.50242416561468339342e-01,6.43148887346634012848e-16,-1.54477768993086620754e-06,-1.54471244074270985802e-06,-1.54472383284233515197e-06,9.86341373091271546313e-09,8.14132346383300882948e-09,3.77823494007639857616e-16,3.77670030643388915639e-16,3.77823494007639857616e-16,True,3.77670030643388915639e-16,True,series tail and order change; rounding and minimizer search are not enclosed
68719476736,36,joint_window,1.41,1.0234655554122811,64,1.33981703378026724893e-04,1.32931048473778896761e-04,1.32816112913907834886e-04,2.50283220072127499112e-01,6.42439038031783677499e-16,-1.65910544832956462777e-06,-1.65905193815213544088e-06,-1.65906315190138088709e-06,8.08932920444437647265e-09,6.39410572332719868587e-09,3.54868746451740245607e-16,3.54716319294814601710e-16,3.54868746451740245607e-16,True,3.54716319294814601710e-16,True,series tail and order change; rounding and minimizer search are not enclosed
68719476736,36,joint_window,1.42,1.0236319777910916,64,1.42459792736244431760e-04,1.41478076371577738985e-04,1.41348673815169909203e-04,2.50324023918442550851e-01,6.41729894538844828573e-16,-1.77993461085567149021e-06,-1.77989069285920418280e-06,-1.77990170933445249657e-06,6.63961079226429814415e-09,4.97411796855983930152e-09,3.33592415662230410832e-16,3.33441010483007616802e-16,3.33592415662230410832e-16,True,3.33441010483007616802e-16,True,series tail and order change; rounding and minimizer search are not enclosed
68719476736,36,joint_window,1.43,1.023798400169902,64,1.51361448318233695470e-04,1.50443476168970894161e-04,1.50298032760156800381e-04,2.50364828100550773637e-01,6.41021456257707610198e-16,-1.90754456833103894545e-06,-1.90750852124593585162e-06,-1.90751931821542158635e-06,5.44997163077966608835e-09,3.81757397018903825837e-09,3.13856370116693135705e-16,3.13705972993014014302e-16,3.13856370116693135705e-16,True,3.13705972993014014302e-16,True,series tail and order change; rounding and minimizer search are not enclosed
68719476736,36,joint_window,1.44,1.0239648225487126,64,1.60699547979123924177e-04,1.59840546660640678680e-04,1.59677345431990109744e-04,2.50405632618589391036e-01,6.40313722578676614302e-16,-2.04222053460585456670e-06,-2.04219097768346442173e-06,-2.04220152912876472826e-06,4.46896847761801966512e-09,2.87360358080629958214e-09,2.95534661215163351123e-16,2.95385258524252926426e-16,2.95534661215163351123e-16,True,2.95385258524252926426e-16,True,series tail and order change; rounding and minimizer search are not enclosed
68719476736,36,joint_window,1.45,1.024131244927523,64,1.70487130948170827411e-04,1.69682714627819017155e-04,1.69499885238909151668e-04,2.50446437472696015192e-01,6.39606692892469993142e-16,-2.18425354565724921612e-06,-2.18422937157030570788e-06,-2.18423964714808477782e-06,3.65529265450115470853e-09,2.10155273193142910183e-09,2.78512445311229556312e-16,2.78364023721936979691e-16,2.78512445311229556312e-16,True,2.78364023721936979691e-16,True,series tail and order change; rounding and minimizer search are not enclosed
68719476736,36,joint_window,1.46,1.0242976673063335,64,1.80737388646289265067e-04,1.79983527617336960987e-04,1.79779035582887413477e-04,2.50487242663007481092e-01,6.38900366590219853733e-16,-2.33394045114809534124e-06,-2.33392077300505898572e-06,-2.33393073744222215261e-06,2.97563860581814342033e-09,1.46886208464166609809e-09,2.62684988515231592435e-16,2.62537534980560960978e-16,2.62684988515231592435e-16,True,2.62537534980560960978e-16,True,series tail and order change; rounding and minimizer search are not enclosed
68719476736,36,joint_window,1.47,1.0244640896851442,64,1.91463655352016069245e-04,1.90756646671359135579e-04,1.90528282068439165121e-04,2.50528048189661400880e-01,6.38194743063471074563e-16,-2.49158389854050424969e-06,-2.49156800802264965069e-06,-2.49157762043835450208e-06,2.40302408507056154601e-09,9.49398302348579507805e-10,2.47956751984187108733e-16,2.47810253734106061328e-16,2.47956751984187108733e-16,True,2.47810253734106061328e-16,True,series tail and order change; rounding and minimizer search are not enclosed
68719476736,36,joint_window,1.48,1.0246305120639547,64,2.02679398806292774063e-04,2.02015839019166557880e-04,2.01761204663560575825e-04,2.50568854052794720566e-01,6.37489821704184954066e-16,-2.65749230993509252428e-06,-2.65747964421941099719e-06,-2.65748885736697966313e-06,1.91546320351879913985e-09,5.22139241414162599639e-10,2.34240554241872607483e-16,2.34094998776392190432e-16,2.34240554241872607483e-16,True,2.34094998776392190432e-16,True,series tail and order change; rounding and minimizer search are not enclosed
68719476736,36,joint_window,1.49,1.0247969344427652,64,2.14398210822839576078e-04,2.13774970742313183284e-04,2.13491469824765280278e-04,2.50609660252544830250e-01,6.36785601904733096956e-16,-2.83197985186901262538e-06,-2.83196996750809796054e-06,-2.83197872692844495224e-06,1.49491563250407549492e-09,1.70136567734980433515e-10,2.21456806308687934703e-16,2.21312181391212356384e-16,2.21456806308687934703e-16,True,2.21312181391212356384e-16,True,series tail and order change; rounding and minimizer search are not enclosed
68719476736,36,joint_window,1.5,1.0249633568215757,64,2.26633797952635889124e-04,2.26047999423651096301e-04,2.25732822597307951004e-04,2.50650466789049064520e-01,6.36082083057901752960e-16,-3.01536639833255640242e-06,-3.01535895066106212487e-06,-3.01536719373983146792e-06,1.12645180557248534237e-09,-1.20304441712101706529e-10,2.09532814976989184594e-16,2.09389108628157622106e-16,2.09532814976989184594e-16,True,2.09389108628157622106e-16,True,series tail and order change; rounding and minimizer search are not enclosed
68719476736,36,joint_window,1.51,1.0251297792003862,64,2.39399972237654590397e-04,2.38848966790803718743e-04,2.38499078701916438373e-04,2.50691273662444591430e-01,6.35379264556890140490e-16,-3.20797748729500950505e-06,-3.20797221424138896771e-06,-3.20797986916031724900e-06,7.97587446846957435846e-10,-3.60274331776136989587e-10,1.98402149365079321695e-16,1.98259349856313507043e-16,1.98402149365079321695e-16,True,1.98259349856313507043e-16,True,series tail and order change; rounding and minimizer search are not enclosed
68719476736,36,joint_window,1.52,1.0252962015791967,64,2.52710642078497640765e-04,2.52191991364033966938e-04,2.51804116618635812856e-04,2.50732080872868634547e-01,6.34677145795310545249e-16,-3.41014427103610641727e-06,-3.41014098046151328293e-06,-3.41014796503454200661e-06,4.97750708450136420534e-10,-5.58774854149812332321e-10,1.88004065860211161159e-16,1.87862161707489543073e-16,1.88004065860211161159e-16,True,1.87862161707489543073e-16,True,series tail and order change; rounding and minimizer search are not enclosed
68719476736,36,joint_window,1.53,1.0254626239580071,64,2.66579803233130856795e-04,2.66091261118175514012e-04,2.65661869678213548394e-04,2.50772888420458639480e-01,6.33975726167188024408e-16,-3.62220346058642555338e-06,-3.62220202046093409272e-06,-3.62220824084516783599e-06,2.17853486121572839961e-10,-7.23128670212583487905e-10,1.78282986664641650394e-16,1.78141966623163711733e-16,1.78282986664641650394e-16,True,1.78141966623163711733e-16,True,series tail and order change; rounding and minimizer search are not enclosed
68719476736,36,joint_window,1.54,1.0256290463368176,64,2.81021529958243039115e-04,2.80561026167854639293e-04,2.80086318171007310224e-04,2.50813696305351274685e-01,6.33275005066960801037e-16,-3.84449726457648598794e-06,-3.84449759545328465828e-06,-3.84450294472320084011e-06,-5.00558137659986762147e-11,-8.59305842135437351784e-10,1.69188027349538394316e-16,1.69047880408146665911e-16,1.69188027349538394316e-16,True,1.69047880408146665911e-16,True,series tail and order change; rounding and minimizer search are not enclosed
68719476736,36,joint_window,1.55,1.025795468715628,64,2.96049966300911951075e-04,2.95615591484908735165e-04,2.95091481483093884437e-04,2.50854504527684485371e-01,6.32574981889479376637e-16,-4.07737332279291486920e-06,-4.07737539215423264258e-06,-4.07737974872800950418e-06,-3.13075136174268398128e-10,-9.72184261653153128329e-10,1.60672569067478192118e-16,1.60533284443210256100e-16,1.60672569067478192118e-16,True,1.60533284443210256100e-16,True,series tail and order change; rounding and minimizer search are not enclosed
68719476736,36,joint_window,1.56,1.0259618910944386,64,3.11679317545209997806e-04,3.11269309656445264996e-04,3.10691410268837983448e-04,2.50895313087595106527e-01,6.31875656030006925571e-16,-4.32118463472864333804e-06,-4.32118845287375710805e-06,-4.32119167877853668433e-06,-5.77681857259054041123e-10,-1.06575829461224089296e-09,1.52693871352085789948e-16,1.52555438485716180255e-16,1.52693871352085789948e-16,True,1.52555438485716180255e-16,True,series tail and order change; rounding and minimizer search are not enclosed
68719476736,36,joint_window,1.57,1.0261283134732493,64,3.27923841816616832515e-04,3.27536573691682120994e-04,3.26900178668890531962e-04,2.50936121985220528252e-01,6.31177026884218111770e-16,-4.57628948341050074272e-06,-4.57629510062133946623e-06,-4.57629703958629892356e-06,-8.49925923171451209844e-10,-1.14330579273625547754e-09,1.45212721730380053013e-16,1.45075130281152562736e-16,1.45212721730380053013e-16,True,1.45075130281152562736e-16,True,series tail and order change; rounding and minimizer search are not enclosed
68719476736,36,joint_window,1.58,1.0262947358520598,64,3.44797841845486318854e-04,3.44431809885138902078e-04,3.43731876581973517983e-04,2.50976931220697585534e-01,6.30479093848202638609e-16,-4.84305135477136134087e-06,-4.84305885955613917623e-06,-4.84305933491645696247e-06,-1.13559285526499331103e-09,-1.20752240375189493041e-09,1.38193118664070849638e-16,1.38056358505000445253e-16,1.38193118664070849638e-16,True,1.38056358505000445253e-16,True,series tail and order change; rounding and minimizer search are not enclosed
68719476736,36,joint_window,1.59,1.0264611582308703,64,3.62315656890412605452e-04,3.61969470743805444082e-04,3.61200601999003053505e-04,2.51017740794163835005e-01,6.29781856318459628275e-16,-5.12183885283582049537e-06,-5.12184837108884788133e-06,-5.12184718348806248189e-06,-1.44034231750710573590e-09,-1.26062954220942757850e-09,1.31601984631375525765e-16,1.31466045844735421803e-16,1.31601984631375525765e-16,True,1.31466045844735421803e-16,True,series tail and order change; rounding and minimizer search are not enclosed
68719476736,36,joint_window,1.6,1.0266275806096807,64,3.80491654821040598249e-04,3.80164027984795796847e-04,3.79320453406861908020e-04,2.51058550705756611254e-01,6.29085313691900777206e-16,-5.41302561096163823437e-06,-5.41303730591861887930e-06,-5.41303423079395740333e-06,-1.76982846535252014579e-09,-1.30446179752587385343e-09,1.25408906438202761937e-16,1.25273779311183787808e-16,1.25408906438202761937e-16,True,1.25273779311183787808e-16,True,series tail and order change; rounding and minimizer search are not enclosed
68719476736,36,joint_window,1.61,1.0267940029884912,64,3.99340224360321535343e-04,3.99029965610380571960e-04,3.98105522269620235292e-04,2.51099360955612693758e-01,6.28389465365850356094e-16,-5.71699019938715693187e-06,-5.71700427228066256589e-06,-5.71699905711328719643e-06,-2.12980591066502910949e-09,-1.34053721500756219508e-09,1.19585900111480378813e-16,1.19451575132018939998e-16,1.19585900111480378813e-16,True,1.19451575132018939998e-16,True,series tail and order change; rounding and minimizer search are not enclosed
68719476736,36,joint_window,1.62,1.0269604253673017,64,4.18875767485508390849e-04,4.18581773066413953197e-04,4.17569885594055837958e-04,2.51140171543869750170e-01,6.27694310738043632163e-16,-6.03411602931296509999e-06,-6.03413272065713373422e-06,-6.03412508197198491034e-06,-2.52622498308395829167e-09,-1.37011454247618718407e-09,1.14107197974353851921e-16,1.13973665827117909866e-16,1.14107197974353851921e-16,True,1.13973665827117909866e-16,True,series tail and order change; rounding and minimizer search are not enclosed
68719476736,36,joint_window,1.63,1.0271268477461122,64,4.39112691987356487666e-04,4.38833938490000140947e-04,4.37727598586279561220e-04,2.51180982470664504458e-01,6.26999849206627953852e-16,-6.36479125374257595580e-06,-6.36481084519439563318e-06,-6.36480046528981139317e-06,-2.96531905601774635922e-09,-1.39423952873088812665e-09,1.08949055731394876054e-16,1.08816307293929290286e-16,1.08949055731394876054e-16,True,1.08816307293929290286e-16,True,series tail and order change; rounding and minimizer search are not enclosed
68719476736,36,joint_window,1.64,1.0272932701249227,64,4.60065404186991067006e-04,4.59800942051854881747e-04,4.58592687405731745231e-04,2.51221793736134402231e-01,6.26306080170162060562e-16,-6.70940866529827001840e-06,-6.70943148205597632077e-06,-6.70941800544645885552e-06,-3.45368592714513930727e-09,-1.41378274563824985016e-09,1.04089577602202226408e-16,1.03957603941221983425e-16,1.04089577602202226408e-16,True,1.03957603941221983425e-16,True,series tail and order change; rounding and minimizer search are not enclosed
68719476736,36,joint_window,1.65,1.0274596925037331,64,4.81748301809843660314e-04,4.81497249398405249322e-04,4.80179142022499241393e-04,2.51262605340416833588e-01,6.25613003027615984050e-16,-7.06836559121679910631e-06,-7.06839200493066660818e-06,-7.06837503447987870134e-06,-3.99836548421448836826e-09,-1.42947021173326818781e-09,9.95085577340502379359e-17,9.93773501018766981130e-17,9.95085577340502379359e-17,True,9.93773501018766981130e-17,True,series tail and order change; rounding and minimizer search are not enclosed
68719476736,36,joint_window,1.66,1.0276261148825436,64,5.04175767016255349864e-04,5.03937305198419579697e-04,5.02500909183671291662e-04,2.51303417283648633518e-01,6.24920617178370851210e-16,-7.44206378572678274586e-06,-7.44209421790379766284e-06,-7.44207331063054342707e-06,-4.60691459437519787549e-09,-1.44190861278848814074e-09,9.51873362992961013519e-17,9.50568861304331700473e-17,9.51873362992961013519e-17,True,9.50568861304331700473e-17,True,series tail and order change; rounding and minimizer search are not enclosed
68719476736,36,joint_window,1.67,1.0277925372613543,64,5.27362159588323753910e-04,5.27135526798534130404e-04,5.25571885493915130945e-04,2.51344229565967136608e-01,6.24228922022218292430e-16,-7.83090931999652270761e-06,-7.83094424589264159059e-06,-7.83091890842465090418e-06,-5.28748106563857321038e-09,-1.45160576560611925047e-09,9.11086688421533587717e-17,9.09789677499951876658e-17,9.11086688421533587717e-17,True,9.09789677499951876658e-17,True,series tail and order change; rounding and minimizer search are not enclosed
68719476736,36,joint_window,1.68,1.0279589596401648,64,5.51321810272513489030e-04,5.51106297991579428992e-04,5.49405910615123876245e-04,2.51385042187509399891e-01,6.23537916959363399822e-16,-8.23531246983751226941e-06,-8.23535242283404407375e-06,-8.23532210649022126166e-06,-6.04887710898228210858e-09,-1.45898763637309981478e-09,8.72566075831789545752e-17,8.71276473568476078424e-17,8.72566075831789545752e-17,True,8.71276473568476078424e-17,True,series tail and order change; rounding and minimizer search are not enclosed
68719476736,36,joint_window,1.69,1.0281253820189753,64,5.76069014278109419076e-04,5.75863962901890626481e-04,5.74016760590112160544e-04,2.51425855148412757956e-01,6.22847601390419402406e-16,-8.65568760134649767875e-06,-8.65573317781458009910e-06,-8.65569727328920133884e-06,-6.90065342644750982820e-09,-1.46441195123084838424e-09,8.36163935194987255769e-17,8.34881661208032073776e-17,8.36163935194987255769e-17,True,8.34881661208032073776e-17,True,series tail and order change; rounding and minimizer search are not enclosed
68719476736,36,joint_window,1.7,1.0282918043977858,64,6.01618024930931395711e-04,6.01422819990416715648e-04,5.99418141294083095354e-04,2.51466668448814545389e-01,6.22157974716411117381e-16,-9.09245305464885088947e-06,-9.09250491931115536332e-06,-9.09246275093811393182e-06,-7.85317470735790093238e-09,-1.46817987831224701726e-09,8.01743582758626552500e-17,8.00468558363759582102e-17,8.01743582758626552500e-17,True,8.00468558363759582102e-17,True,series tail and order change; rounding and minimizer search are not enclosed
68719476736,36,joint_window,1.75,1.0291239162918382,64,7.41885345380425935413e-04,7.41731508656514725714e-04,7.38757002690827854416e-04,2.51670740048096863717e-01,6.18720153835007055253e-16,-1.15370402424185773248e-05,-1.15371363519900776290e-05,-1.15370499467226558495e-05,-1.45566444393584265419e-08,-1.46980266147129115389e-09,6.55242010160595126280e-17,6.54002110972057646157e-17,6.55242010160595126280e-17,True,6.54002110972057646157e-17,True,series tail and order change; rounding and minimizer search are not enclosed
68719476736,36,joint_window,1.8,1.0299560281858908,64,9.04301351761067689558e-04,9.04178604072110206173e-04,8.99863833347396935118e-04,2.51874820155407741495e-01,6.15299465716636406908e-16,-1.44562111474648945231e-05,-1.44563823987364808337e-05,-1.44562207531222556255e-05,-2.59447593526799562638e-08,-1.45526784291037147312e-09,5.42692687433926004729e-17,5.41486186031181899585e-17,5.42692687433926004729e-17,True,5.41486186031181899585e-17,True,series tail and order change; rounding and minimizer search are not enclosed
68719476736,36,joint_window,1.85,1.0307881400799432,64,1.09056627975169062421e-03,1.09046721175387346242e-03,1.08433703784573077719e-03,2.52078908787889466314e-01,6.11895835950635770285e-16,-1.79059982203457097871e-05,-1.79062935214037845071e-05,-1.79060076818564675987e-05,-4.47509615497108159913e-08,-1.43383063610444600775e-09,4.55122187149197069263e-17,4.53947541377237578770e-17,4.55122187149197069263e-17,True,4.53947541377237578770e-17,True,series tail and order change; rounding and minimizer search are not enclosed
68719476736,36,joint_window,1.9,1.0316202519739959,64,1.30231447740661722239e-03,1.30223367165566931286e-03,1.29368940086475392795e-03,2.52283005962681716738e-01,6.08509190382017084734e-16,-2.19439874366907257657e-05,-2.19444819158871927498e-05,-2.19439967364811285878e-05,-7.49561506259581697309e-08,-1.40971853758794823843e-09,3.86184452208700484369e-17,3.85040293440437163266e-17,3.86184452208700484369e-17,True,3.85040293440437163266e-17,True,series tail and order change; rounding and minimizer search are not enclosed
68719476736,36,joint_window,1.95,1.0324523638680483,64,1.54110170214865477289e-03,1.54103514447186877405e-03,1.52933460831923941428e-03,2.52487111696921062709e-01,6.05139455111052295749e-16,-2.66289209053467744795e-05,-2.66297269614763595143e-05,-2.66289300388960787237e-05,-1.22221275668989253512e-07,-1.38490857525778782738e-09,3.31325516495625273770e-17,3.30210639570700752627e-17,3.31325516495625273770e-17,True,3.30210639570700752627e-17,True,series tail and order change; rounding and minimizer search are not enclosed
68719476736,36,joint_window,2.0,1.033284475762101,64,1.80839466378533600226e-03,1.80833934256360157056e-03,1.79257622126772673231e-03,2.52691226007742741899e-01,6.01786556492839777288e-16,-3.20203046481630417691e-05,-3.20215864561552011718e-05,-3.20203136171139221468e-05,-1.94413855941644740546e-07,-1.36033503590633826934e-09,2.87232546623039991496e-17,2.86145900884636913496e-17,2.87232546623039991496e-17,True,2.86145900884636913496e-17,True,series tail and order change; rounding and minimizer search are not enclosed
68719476736,36,joint_window,2.05,1.0341165876561533,64,2.10556269663450664961e-03,2.10551632601179653653e-03,2.08459904931279594795e-03,2.52895348912278661313e-01,5.98450421136882587014e-16,-3.81780278001680236505e-05,-3.81800199384115619347e-05,-3.81780366090371308871e-05,-3.02236490416424860332e-07,-1.33643419784418431048e-09,2.51464659931944128505e-17,2.50405340823649275524e-17,2.51464659931944128505e-17,True,2.50405340823649275524e-17,True,series tail and order change; rounding and minimizer search are not enclosed
68719476736,36,joint_window,2.1,1.034948699550206,64,2.43387141781568243706e-03,2.43383224386025569588e-03,2.40646281736374336585e-03,2.53099480427658729553e-01,5.95130975906648873559e-16,-4.51619982347950055593e-05,-4.51650291327071570953e-05,-4.51620068893645253659e-05,-4.59962508193798798496e-07,-1.31339873555299865682e-09,2.22201832334823256933e-17,2.21169073063975886632e-17,2.22201832334823256933e-17,True,2.21169073063975886632e-17,True,series tail and order change; rounding and minimizer search are not enclosed
68719476736,36,joint_window,2.15,1.0357808114442584,64,2.79447820981427183865e-03,2.79444487299704107108e-03,2.75909798001742166684e-03,2.53303620571010579265e-01,5.91828147919143820869e-16,-5.30317985016953621219e-05,-5.30363194190829382278e-05,-5.30318070082094858604e-05,-6.86280960662473748963e-07,-1.29129956251410564472e-09,1.98071706477219885286e-17,1.97064869303533481306e-17,1.98071706477219885286e-17,True,1.97064869303533481306e-17,True,series tail and order change; rounding and minimizer search are not enclosed
68719476736,36,joint_window,2.2,1.036612923338311,64,3.18842935376270793235e-03,3.18840079019006624600e-03,3.14330350984338242545e-03,2.53507769359458956515e-01,5.88541864544465125090e-16,-6.18463649706197564695e-05,-6.18529852131019541352e-05,-6.18463733353857760683e-05,-1.00525009868700932879e-06,-1.27014709882386860239e-09,1.78028541664557896749e-17,1.77047108436617495659e-17,1.78028541664557896749e-17,True,1.77047108436617495659e-17,True,series tail and order change; rounding and minimizer search are not enclosed
68719476736,36,joint_window,2.25,1.0374450352323634,64,3.61665863481762470816e-03,3.61663400447493179127e-03,3.55974646787210946206e-03,2.53711926810126553455e-01,5.85272053405368529419e-16,-7.16636922007341447757e-05,-7.16732212477552135463e-05,-7.16637004299179721997e-05,-1.44735537537585299278e-06,-1.24992071599654144030e-09,1.61267548461615246787e-17,1.60311110101485570561e-17,1.61267548461615246787e-17,True,1.60311110101485570561e-17,True,series tail and order change; rounding and minimizer search are not enclosed
68719476736,36,joint_window,2.3,1.038277147126416,64,4.07998724150003631156e-03,4.07996587555101326850e-03,4.00896315499972479696e-03,2.53916092940133786282e-01,5.82018642376817581746e-16,-8.25405637969841210130e-05,-8.25540609713777771145e-05,-8.25405718965179684490e-05,-2.05066500161958861634e-06,-1.23058573339450913512e-09,1.47163550932281134810e-17,1.46231795660874056194e-17,1.47163550932281134810e-17,True,1.46231795660874056194e-17,True,series tail and order change; rounding and minimizer search are not enclosed
68719476736,36,joint_window,2.35,1.0391092590204685,64,4.57912478574162666589e-03,4.57910614742362918200e-03,4.49136164032301523491e-03,2.54120267766598739723e-01,5.78781559585544239129e-16,-9.45323103680633172741e-05,-9.45511426100124592956e-05,-9.45323183436046600783e-05,-2.86207325395534892615e-06,-1.21210119175737923821e-09,1.35226581672709046793e-17,1.34319281875139384993e-17,1.35226581672709046793e-17,True,1.34319281875139384993e-17,True,series tail and order change; rounding and minimizer search are not enclosed
68719476736,36,joint_window,2.4,1.039941370914521,64,5.11467127854699308426e-03,5.11465493387407588860e-03,5.00722546525931254402e-03,2.54324451306636334369e-01,5.75560733409592314545e-16,-1.07692594657554045062e-04,-1.07718502883172848918e-04,-1.07692602514471527132e-04,-3.93861921133301882823e-06,-1.19442393985589590555e-09,1.25069400460405676818e-17,1.24186398208645350753e-17,1.25069400460405676818e-17,True,1.24186398208645350753e-17,True,series tail and order change; rounding and minimizer search are not enclosed
68719476736,36,joint_window,2.45,1.0407734828085735,64,5.68711990665400797529e-03,5.68710550226600702189e-03,5.55671832944204004134e-03,2.54528643577359992012e-01,5.72356092477873052378e-16,-1.22073223472227371592e-04,-1.22108397900572195408e-04,-1.22073231215601239047e-04,-5.34886647689583187874e-06,-1.17751084045344678334e-09,1.16383502037047637465e-17,1.15524693412040094528e-17,1.16383502037047637465e-17,True,1.15524693412040094528e-17,True,series tail and order change; rounding and minimizer search are not enclosed
68719476736,36,joint_window,2.5,1.0416055947026261,64,6.29686046752997528181e-03,6.29684771379961181342e-03,6.13988957476649908906e-03,2.54732844595880136840e-01,5.69167565669703842002e-16,-1.37723985671040741359e-04,-1.37771150396041397804e-04,-1.37723993305676503489e-04,-7.17432775661791684828e-06,-1.16132078221951525386e-09,1.08921231013536059328e-17,1.08086549493677999383e-17,1.08921231013536059328e-17,True,1.08086549493677999383e-17,True,series tail and order change; rounding and minimizer search are not enclosed
68719476736,36,joint_window,2.55,1.0424377065966786,64,6.94418333278674308057e-03,6.94417199083135518178e-03,6.75668029663971381193e-03,2.54937054379305472196e-01,5.65995082114357383777e-16,-1.54692515195016099677e-04,-1.54755022163907663378e-04,-1.54692522725457105685e-04,-9.51091697851707828799e-06,-1.14581451762572887747e-09,1.02482333710852049379e-17,1.01671733009824645150e-17,1.02482333710852049379e-17,True,1.01671733009824645150e-17,True,series tail and order change; rounding and minimizer search are not enclosed
68719476736,36,joint_window,2.6,1.0432698184907312,64,7.62928382312874544396e-03,7.62927369474554299689e-03,7.40692992570381701645e-03,2.55141272944741814843e-01,5.62838571190595669468e-16,-1.73024177903526032996e-04,-1.73106110344232902269e-04,-1.73024185334067241368e-04,-1.24704109578001631254e-05,-1.13095484711020668977e-09,9.69037636315226239134e-18,9.61172004662180941916e-18,9.69037636315226239134e-18,True,9.61172004662180941916e-18,True,series tail and order change; rounding and minimizer search are not enclosed
68719476736,36,joint_window,2.65,1.0441019303847836,64,8.35226689081345653742e-03,8.35225781062382162390e-03,8.09038313836623300401e-03,2.55345500309292761099e-01,5.59697962526214316464e-16,-1.92761980826661486962e-04,-1.92868266046359324375e-04,-1.92761988161365945341e-04,-1.61819024063867642079e-05,-1.11670703469125658311e-09,9.20518938586474833458e-18,9.12893111977828510709e-18,9.20518938586474833458e-18,True,9.12893111977828510709e-18,True,series tail and order change; rounding and minimizer search are not enclosed
68719476736,36,joint_window,2.7,1.0449340422788362,64,9.11315201806172335564e-03,9.11314384733545590489e-03,8.80669696988255548686e-03,2.55549736490059853367e-01,5.56573185997571617819e-16,-2.13946502338858025177e-04,-2.14083033697732866979e-04,-2.13946509581572049188e-04,-2.07932263507233706956e-05,-1.10303861342265743880e-09,8.78165247690718719519e-18,8.70778361466372320803e-18,8.78165247690718719519e-18,True,8.70778361466372320803e-18,True,series tail and order change; rounding and minimizer search are not enclosed
68719476736,36,joint_window,2.75,1.0457661541728887,64,9.91187825162870121687e-03,9.91187087339754496762e-03,9.55544801901999675542e-03,2.55753981504141525427e-01,5.53464171729126960013e-16,-2.36615841696776211742e-04,-2.36789609447504451750e-04,-2.36615848851140118600e-04,-2.64723426959975356438e-05,-1.08991871153237621591e-09,8.41062412468665786076e-18,8.33913167159947039840e-18,8.41062412468665786076e-18,True,8.33913167159947039840e-18,True,series tail and order change; rounding and minimizer search are not enclosed
68719476736,36,joint_window,2.8,1.0465982660669413,64,1.07483093047680642457e-02,1.07483026199351131696e-02,1.03361396482000780783e-02,2.55958235368634823281e-01,5.50370850092965830081e-16,-2.60805586358693825347e-04,-2.61024816935807304694e-04,-2.60805593428163401057e-04,-3.34086587185120919316e-05,-1.07731969045107195098e-09,8.08447916167584830760e-18,8.01534458668384177021e-18,8.08447916167584830760e-18,True,8.01534458668384177021e-18,True,series tail and order change; rounding and minimizer search are not enclosed
68719476736,36,joint_window,2.85,1.0474303779609937,64,1.16222386679469859294e-02,1.16222325921690149142e-02,1.11482090971654762557e-02,2.56162498100633684306e-01,5.47293151708333500211e-16,-2.86548795505500849753e-04,-2.86823098751410330079e-04,-2.86548802493349951195e-04,-4.18142765918540446090e-05,-1.06521427395542495227e-09,7.79682453137576958351e-18,7.73002283789450819130e-18,7.79682453137576958351e-18,True,7.73002283789450819130e-18,True,series tail and order change; rounding and minimizer search are not enclosed
68719476736,36,joint_window,2.9,1.0482624898550463,64,1.25333946789134668964e-02,1.25333891400887641882e-02,1.19910344415085773351e-02,2.56366769717230269521e-01,5.44231007441154611449e-16,-3.13875998210586372797e-04,-3.14216521938273174799e-04,-3.13876005119928611770e-04,-5.19251526310948239413e-05,-1.05357845836167921371e-09,7.54227477672752567173e-18,7.47777386248827761813e-18,7.54227477672752567173e-18,True,7.47777386248827761813e-18,True,series tail and order change; rounding and minimizer search are not enclosed
68719476736,36,joint_window,2.95,1.0490946017490987,64,1.34814455110326397030e-02,1.34814404472666567875e-02,1.28639413396738691575e-02,2.56571050235513853366e-01,5.41184348403562716781e-16,-3.42815204750836948280e-04,-3.43234795968148584389e-04,-3.42815211584620921012e-04,-6.40021566824885453214e-05,-1.04238748235354483896e-09,7.31627359169275269994e-18,7.25403391204294626360e-18,7.31627359169275269994e-18,True,7.25403391204294626360e-18,True,series tail and order change; rounding and minimizer search are not enclosed
68719476736,36,joint_window,3.0,1.0499267136431514,64,1.44660040462708631981e-02,1.44659994042185113122e-02,1.37662095232516344667e-02,2.56775339672571989436e-01,5.38153105953415328888e-16,-3.73391929610977649570e-04,-3.73905301668617717423e-04,-3.73391936372017728060e-04,-7.83320219148702224891e-05,-1.03162125181667720787e-09,7.11495109167963207787e-18,7.05492562440466512688e-18,7.11495109167963207787e-18,True,7.05492562440466512688e-18,True,series tail and order change; rounding and minimizer search are not enclosed
68719476736,36,fixed_power,0.6008807271879243,1.01,64,5.98284636452950038002e-06,8.89030870783047040376e-10,8.89030859748090814317e-10,2.46982802406764012648e-01,7.02210792393058841393e-16,5.65482437198163097809e-07,2.02134310350553280181e-03,2.02134307841592923000e-03,3.03204646635535812749e-01,3.03204642882416885996e-01,2.78686206390420799541e-11,2.78686202931849863850e-11,1.59542490330011332844e-10,True,1.59542490330011332844e-10,True,series tail and order change; rounding and minimizer search are not enclosed
68719476736,36,fixed_power,1.2017614543758486,1.02,64,3.33028388643168303724e-05,2.86903264877213845367e-05,2.86841787357967439626e-05,2.49433602775279067432e-01,6.57367441407962136636e-16,-2.49872740287110009895e-07,-2.44975460278097548867e-07,-2.44989010672902806585e-07,7.39489554907640573076e-07,7.37443444550252895446e-07,1.54558117498031688185e-15,1.54540368734501777648e-15,1.54558117498031688185e-15,True,1.54540368734501777648e-15,True,series tail and order change; rounding and minimizer search are not enclosed
68719476736,36,fixed_power,1.802642181563773,1.03,64,9.13532773653568503334e-04,9.13411442080404008606e-04,9.09013631898211238794e-04,2.51885604726352130278e-01,6.15119179317306829544e-16,-1.46247316245083462671e-05,-1.46249080163680152816e-05,-1.46247412233459943894e-05,-2.67239588555474430013e-08,-1.45425612489156810551e-09,5.37505225449904350394e-17,5.36300444436945809373e-17,5.37505225449904350394e-17,True,5.36300444436945809373e-17,True,series tail and order change; rounding and minimizer search are not enclosed
68719476736,36,fixed_power,3.0044036359396213,1.05,64,1.45544518173580852277e-02,1.45544472101400926972e-02,1.38470565024270790555e-02,2.56793332426625109388e-01,5.37886872588731785396e-16,-3.76164153517561739362e-04,-3.76686556751931874917e-04,-3.76164160272321685188e-04,-7.97122837236178541018e-05,-1.03069214864455056800e-09,7.09828866536275825285e-18,7.03845571251428926346e-18,7.09828866536275825285e-18,True,7.03845571251428926346e-18,True,series tail and order change; rounding and minimizer search are not enclosed
68719476736,36,fixed_power,4.506605453909426,1.075,64,5.80952904442329637336e-02,5.80952896668537818736e-02,5.05035378848362956350e-02,2.62935280264485649049e-01,4.53711590116804997635e-16,-2.10376358499127918966e-03,-2.13068740599561823323e-03,-2.10376359041034889652e-03,-4.15314289264925515233e-03,-8.35885670156281859841e-10,5.03064468561562822586e-18,5.00503806011166231428e-18,5.03064468561562822586e-18,True,5.00503806011166231428e-18,True,series tail and order change; rounding and minimizer search are not enclosed
68719476736,36,fixed_power,6.008807271879243,1.1,64,1.16063931487467436598e-01,1.16063931192650182656e-01,9.30361202314286123150e-02,2.69085757582120721487e-01,3.81647087259406181161e-16,-5.18325034083673766294e-03,-5.37802025517754127282e-03,-5.18325034571573417530e-03,-3.04431083857950868232e-02,-7.62369363882383235009e-10,4.33158330861553401022e-18,4.30741041233244486116e-18,4.33158330861553401022e-18,True,4.30741041233244486116e-18,True,series tail and order change; rounding and minimizer search are not enclosed
68719476736,36,fixed_power,9.013210907818852,1.15,64,2.31857402915723403991e-01,2.31857402815325880363e-01,1.66338193807252343603e-01,2.81414141449873145273e-01,2.67753125767527484985e-16,-1.33051413470184759502e-02,-1.48201518513679311728e-02,-1.33051413515766145390e-02,-2.44316936643996202028e-01,-7.33273001711074709973e-10,3.31651102317487685418e-18,3.27480834930184610347e-18,3.31651102317487685418e-18,True,3.27480834930184610347e-18,True,series tail and order change; rounding and minimizer search are not enclosed
68719476736,36,fixed_power,12.017614543758473,1.2,64,3.27680000054362263739e-01,3.27680000000000026805e-01,2.19929072016202736828e-01,2.93782149799831859838e-01,1.85660647477735116084e-16,-2.16631690214085306789e-02,-2.62434272681892830081e-02,-2.16631690259952297550e-02,-7.64961664785314576775e-01,-7.60221959050441253514e-10,2.56533941245975031377e-18,2.52956612686946994030e-18,2.56533941245975031377e-18,True,2.52956612686946994030e-18,True,series tail and order change; rounding and minimizer search are not enclosed
68719476736,36,fixed_power,15.022018179698096,1.25,64,4.03237402475169426364e-01,4.03237402439117431641e-01,2.59180357765401492287e-01,3.06193425614168013293e-01,1.27158890281189772502e-16,-2.89638500161876893957e-02,-3.83766109785421971612e-02,-2.89638500209242616412e-02,-1.63130509290651248833e+00,-8.07708820235305909548e-10,5.60260238234871305470e-18,9.07839729233577775250e-18,5.60260238234871305470e-18,True,9.07839729233577775250e-18,True,series tail and order change; rounding and minimizer search are not enclosed
68719476736,36,fixed_power,18.026421815637715,1.3,64,4.63033551292630796148e-01,4.63033551265942477926e-01,2.88789010916076727131e-01,3.18651592588365506487e-01,8.59502543425497381873e-17,-3.47811841335162047484e-02,-5.06035110670202611938e-02,-3.47811841384530612276e-02,-2.84852368906850728081e+00,-8.64175443702404858007e-10,7.50472461552967400292e-17,1.44473699425418795643e-16,7.99360577730112709105e-15,True,1.44473699425418795643e-16,True,series tail and order change; rounding and minimizer search are not enclosed
68719476736,36,fixed_power,24.035229087516946,1.4,64,5.50334077965697998636e-01,5.50334077948180566686e-01,3.30145309393032881928e-01,3.43723018532124391378e-01,3.75641078659009409959e-17,-4.17827947768514146309e-02,-7.42361019215365403046e-02,-4.17827947822378004128e-02,-6.31388290826397469147e+00,-9.85700639744149702279e-10,2.06789350342080215428e-15,3.88935392008659332675e-15,1.27009514017117908224e-13,True,3.88935392008659332675e-15,True,series tail and order change; rounding and minimizer search are not enclosed
68719476736,36,fixed_power,30.04403635939619,1.5,64,6.10351562513139822563e-01,6.10351562500000000000e-01,3.57509534293642405878e-01,3.69025157164765693629e-01,1.52863260928892972912e-17,-4.32373092347481530195e-02,-9.60418072100073794140e-02,-4.32373092405892722745e-02,-1.11076920835309174151e+01,-1.10587199620633634398e-09,1.06345021082095192071e-14,1.91422134176876310305e-14,4.97379915032070130110e-13,True,1.91422134176876310305e-14,True,series tail and order change; rounding and minimizer search are not enclosed
274877906944,38,joint_window,0.0,1.0,96,1.88637907525674062371e-06,0.00000000000000000000e+00,0.00000000000000000000e+00,2.44533173793497621284e-01,7.49786258826540693388e-16,4.71594946886591819080e-07,2.38748120932375240688e-01,2.38748120932375240688e-01,2.63688701142747916606e+01,2.63688701142747916606e+01,4.27826412491254341531e-08,4.27826412491254341531e-08,7.60957661327665846329e-08,True,7.60957661327665846329e-08,True,series tail and order change; rounding and minimizer search are not enclosed
274877906944,38,joint_window,0.05,1.0007883165312077,96,1.94049644342107130765e-06,3.76004780808492297174e-115,3.76004780808535035766e-115,2.44726240216240925607e-01,7.45933327294483064304e-16,4.57795841834057233870e-07,2.38937319181862811712e-01,2.38937319181862811712e-01,2.63893580678093222502e+01,2.63893580678093222502e+01,4.26254636655005566109e-08,4.26254636655005566109e-08,7.58183062998796231113e-08,True,7.58183062998796231113e-08,True,series tail and order change; rounding and minimizer search are not enclosed
274877906944,38,joint_window,0.1,1.0015766330624154,96,1.99861382402666584357e-06,5.90053689177767782017e-58,5.90053689177734247706e-58,2.44919313749762695975e-01,7.42098186184067893089e-16,4.43758188673375141744e-07,2.39126532379109635329e-01,2.39126532379109635329e-01,2.64098439429166695902e+01,2.64098439429166695902e+01,4.24687418700339431113e-08,4.24687418700339431113e-08,7.55416387221430341015e-08,True,7.55416387221430341015e-08,True,series tail and order change; rounding and minimizer search are not enclosed
274877906944,38,joint_window,0.15,1.0023649495936229,96,2.06125028561894607206e-06,6.85683305377676769951e-39,6.85683305377696215358e-39,2.45112394408710770888e-01,7.38280764623589791188e-16,4.29460078989804056854e-07,2.39315760552379713788e-01,2.39315760552379713788e-01,2.64303277392670850077e+01,2.64303277392670850077e+01,4.23124750796517667574e-08,4.23124750796517667574e-08,7.52657527414157812018e-08,True,7.52657527414157812018e-08,True,series tail and order change; rounding and minimizer search are not enclosed
274877906944,38,joint_window,0.2,1.0031532661248306,96,2.12902281509871505542e-06,2.33743257304903259829e-29,2.33743257304903259829e-29,2.45305482207731767597e-01,7.34480991957191885363e-16,4.14876707297464192705e-07,2.39505003729930721068e-01,2.39505003729930721068e-01,2.64508094568535767621e+01,2.64508094568535767621e+01,4.21566625100082615682e-08,4.21566625100082615682e-08,7.49906661212662584148e-08,True,7.49906661212662584148e-08,True,series tail and order change; rounding and minimizer search are not enclosed
274877906944,38,joint_window,0.25,1.0039415826560383,96,2.20267101176033497378e-06,1.22548498962071674517e-23,1.22548498962069940663e-23,2.45498577161469749841e-01,7.30698797744649373981e-16,3.99979811744061866552e-07,2.39694261939249558813e-01,2.39694261939249558813e-01,2.64712890959914695088e+01,2.64712890959914695088e+01,4.20013033618145908572e-08,4.20013033618145908572e-08,7.47163610981260717381e-08,True,7.47163610981260717381e-08,True,series tail and order change; rounding and minimizer search are not enclosed
274877906944,38,joint_window,0.3,1.004729899187246,96,2.28308971665378298259e-06,7.96807832608881341332e-20,7.96807832608881341332e-20,2.45691679284566616426e-01,7.26934111761139376848e-16,3.84736970768594900179e-07,2.39883530229246078047e-01,2.39883530229246078047e-01,2.64917662532996516234e+01,2.64917662532996516234e+01,4.18463080815893387742e-08,4.18463080815893387742e-08,7.44427168797301419545e-08,True,7.44427168797301419545e-08,True,series tail and order change; rounding and minimizer search are not enclosed
274877906944,38,joint_window,0.35,1.0055182157184535,96,2.37137272694305919354e-06,4.21655047776622025863e-17,4.21655047776625045721e-17,2.45884788591662684087e-01,7.23186863997013250228e-16,3.69110708429612650950e-07,2.40070185295631788325e-01,2.40070185295631788325e-01,2.65120280314785361497e+01,2.65120280314785361497e+01,4.16451554195748585414e-08,4.16451554195748585414e-08,7.41058023834284540499e-08,True,7.41058023834284540499e-08,True,series tail and order change; rounding and minimizer search are not enclosed
274877906944,38,joint_window,0.4,1.0063065322496612,96,2.46887225594544338446e-06,4.65221558945636567394e-15,4.65221558945593574474e-15,2.46077905097395605027e-01,7.19456984657559632748e-16,3.53057341938607693265e-07,2.39971022569536174274e-01,2.39971022569536118763e-01,2.65090901349441310231e+01,2.65090901349441239176e+01,3.67913350240711999533e-08,3.67913350240707830542e-08,6.72623556852158799302e-08,True,6.72623556852158799302e-08,True,series tail and order change; rounding and minimizer search are not enclosed
274877906944,38,joint_window,0.45,1.0070948487808689,96,2.57728117279073550813e-06,1.80479650058977971915e-13,1.80479650058345772475e-13,2.46271028816401366113e-01,7.15744404162774295230e-16,3.36525476336452296592e-07,2.29463121723146146191e-01,2.29463121723108759431e-01,2.56510001277993850977e+01,2.56510001277962729205e+01,4.32148545923051541568e-09,4.32148545921545741981e-09,1.02048822725464560790e-08,True,1.02048858252601348795e-08,True,series tail and order change; rounding and minimizer search are not enclosed
274877906944,38,joint_window,0.5,1.0078831653120766,64,2.69874886918272938118e-06,3.36854818303795269160e-12,3.36854818284017816922e-12,2.46464159763313733764e-01,7.12049053147117763179e-16,3.19454007749623835985e-07,1.11805095884716418353e-01,1.11805095880458449376e-01,1.43943921918637869339e+01,1.43943921913944983260e+01,1.81631937972704396235e-09,1.81631937962290916106e-09,7.81994557996767980512e-09,True,7.81995090903819800587e-09,True,series tail and order change; rounding and minimizer search are not enclosed
274877906944,38,joint_window,0.55,1.0086714818432843,64,2.83604788319868405600e-06,3.69286603557377440605e-11,3.69286603339864740914e-11,2.46657297952764170690e-01,7.08370862459272742050e-16,3.01769428910611211751e-07,1.21495609789518434207e-02,1.21495609717956528500e-02,1.79485194272942294447e+00,1.79485194169118944529e+00,1.68581439851931004836e-10,1.68581439752699368326e-10,9.36157373843116147327e-10,True,9.36157595887721072359e-10,True,series tail and order change; rounding and minimizer search are not enclosed
274877906944,38,joint_window,0.6,1.0094597983744917,64,2.99281904522454368078e-06,2.71621436722550759762e-10,2.71621435637796134025e-10,2.46850443399382529774e-01,7.04709763161899767589e-16,2.83382122862697824223e-07,1.65310347972359478370e-03,1.65310347312171710202e-03,2.48087670196752096974e-01,2.48087669208271133225e-01,2.28538425140842901042e-11,2.28538424228239669748e-11,1.30946475884741175832e-10,True,1.30946503640316791461e-10,True,series tail and order change; rounding and minimizer search are not enclosed
274877906944,38,joint_window,0.65,1.0102481149056994,64,3.17394145656232001940e-06,1.46974239848217514378e-09,1.46974236900190541030e-09,2.47043596117795971612e-01,7.01065686531384868948e-16,2.64181153676740123906e-07,3.05747239065785436207e-04,3.05747232933070169601e-04,4.59578407357943280465e-02,4.59578398135932000845e-02,4.21137673941069543870e-12,4.21137665497754384572e-12,2.42224018620618153363e-11,True,2.42223949231679114291e-11,True,series tail and order change; rounding and minimizer search are not enclosed
274877906944,38,joint_window,0.7,1.0110364314369071,64,3.38610700794806086960e-06,6.24833600096495780147e-09,6.24833550347210154688e-09,2.47236756122630463306e-01,6.97438564057593345473e-16,2.44026765056945402857e-07,7.19744972459450746546e-05,7.19744915153287215682e-05,1.07979829353700828437e-02,1.07979820728019790949e-02,9.88729542513829170491e-13,9.88729463936207950522e-13,5.67808126905600119017e-12,True,5.67807953433252521336e-12,True,series tail and order change; rounding and minimizer search are not enclosed
274877906944,38,joint_window,0.75,1.0118247479681148,64,3.63874139874155068990e-06,2.19020267926049210701e-08,2.19020210561455457457e-08,2.47429923428509390693e-01,6.93828327443611118936e-16,2.22739278034665851873e-07,2.05492154082541942739e-05,2.05492100260792164956e-05,3.06089447204685232914e-03,3.06089366158835123749e-03,2.82318705037805599522e-13,2.82318631537101516532e-13,1.60890441594507827006e-12,True,1.60890398226420927585e-12,True,series tail and order change; rounding and minimizer search are not enclosed
274877906944,38,joint_window,0.8,1.0126130644993225,64,3.94553393907908422564e-06,6.56317702175832835254e-08,6.56317216616842534989e-08,2.47623098050053780383e-01,6.90234908605487564883e-16,2.00082142447186878978e-07,6.86245148533670833207e-06,6.86244640800653267195e-06,1.00354667252814115826e-03,1.00354590774216095340e-03,9.48955307988248132420e-14,9.48954617423704998537e-14,5.29731857337734091118e-13,True,5.29731206816430599815e-13,True,series tail and order change; rounding and minimizer search are not enclosed
274877906944,38,joint_window,0.85,1.01340138103053,64,4.32707950688396826919e-06,1.72850131994620247270e-07,1.72849813297515716227e-07,2.47816280001883215700e-01,6.86658239671976076000e-16,1.75735146810999085585e-07,2.60665293555289611486e-06,2.60664812716507014468e-06,3.66265112601955650142e-04,3.66264388127328713307e-04,3.67381021275055610271e-14,3.67380369942795371253e-14,1.95833095833347625714e-13,True,1.95832553732261382962e-13,True,series tail and order change; rounding and minimizer search are not enclosed
274877906944,38,joint_window,0.9,1.0141896975617377,64,4.81563456758077643145e-06,4.08786740399415980310e-07,4.08785047820161649990e-07,2.48009469298614865229e-01,6.83098252984265948013e-16,1.49250404855794734945e-07,1.10045512452048940069e-06,1.10045055515772196729e-06,1.43355335560844965054e-04,1.43354646916665361307e-04,1.61529140733696288935e-14,1.61528524291981940115e-14,7.87116140495147664780e-14,True,7.87112887888630208266e-14,True,series tail and order change; rounding and minimizer search are not enclosed
274877906944,38,joint_window,0.95,1.0149780140929454,64,5.46403698022862055217e-06,8.83026137630484212352e-07,8.83018615380175631089e-07,2.48202665954863982423e-01,6.79554881095721365338e-16,1.19976998422060115234e-07,5.04168995559553407426e-07,5.04164640030220474084e-07,5.79164772097851961673e-05,5.79158206194055685746e-05,7.98082291462537828858e-15,7.98076439390364262747e-15,3.32916677624021939419e-14,True,3.32913289492232922218e-14,True,series tail and order change; rounding and minimizer search are not enclosed
274877906944,38,joint_window,1.0,1.0157663306241531,64,6.36298293395438561531e-06,1.76604814980392847015e-06,1.76601941282876246502e-06,2.48395869985243961109e-01,6.76028056771608751030e-16,8.69266610549151668469e-08,2.40861079585272923545e-07,2.40856916480324786745e-07,2.32115033962085391510e-05,2.32108756489955666863e-05,4.37474747429933295676e-15,4.37469176628911840254e-15,1.43043264949974102684e-14,True,1.43039910699502975655e-14,True,series tail and order change; rounding and minimizer search are not enclosed
274877906944,38,joint_window,1.05,1.0165546471553606,64,7.67458662399001850178e-06,3.30645028968284747606e-06,3.30635384755974455980e-06,2.48589081404365808137e-01,6.72517712988825201415e-16,4.85273082323832779275e-08,1.07312489358444704728e-07,1.07308500338135007602e-07,8.86643413039013095298e-06,8.86583247565321492601e-06,2.60879916384450914803e-15,2.60874600223412347318e-15,6.00266330510936668707e-15,True,6.00236006731424964755e-15,True,series tail and order change; rounding and minimizer search are not enclosed
274877906944,38,joint_window,1.1,1.0173429636865683,64,9.69269195492875108747e-06,5.84738127163162023825e-06,5.84709184306591657802e-06,2.48782300226838753998e-01,6.69023782935619820977e-16,2.17370524691705781001e-09,2.28533281873150082478e-08,2.28494974535468600474e-08,3.11987563097746912439e-06,3.11929769913636907900e-06,1.64788546904274556070e-15,1.64783462388181782111e-15,2.35947210798200315840e-15,True,2.35916844667041249173e-15,True,series tail and order change; rounding and minimizer search are not enclosed
274877906944,38,joint_window,1.15,1.018131280217776,64,1.29236500675430809513e-05,9.84079885345078738388e-06,9.84001065646534330748e-06,2.48975526467269780984e-01,6.65546200011321861168e-16,-5.65175855856404395439e-08,-4.99045500225068611969e-08,-4.99082360510629131206e-08,9.97950549669200595723e-07,9.97394303728618328270e-07,1.07258051950110510734e-15,1.07253179088935228783e-15,1.07258051950110510734e-15,True,1.07253179088935228783e-15,True,series tail and order change; rounding and minimizer search are not enclosed
274877906944,38,joint_window,1.2,1.0189195967489837,64,1.81163120607845555868e-05,1.58584279786004719512e-05,1.58564562321457466103e-05,2.49168760140264150538e-01,6.62084897826055251367e-16,-1.34641432259425333366e-07,-1.32671952794340215136e-07,-1.32675505450597381593e-07,2.97285067162201657402e-07,2.96748807876636504460e-07,7.06626530864752420564e-16,7.06579743956317381877e-16,7.06626530864752420564e-16,True,7.06579743956317381877e-16,True,series tail and order change; rounding and minimizer search are not enclosed
274877906944,38,joint_window,1.21,1.0190772600552251,64,1.94675686012337562038e-05,1.73640452368799176077e-05,1.73616984488326736439e-05,2.49207407768055888564e-01,6.61394585250200299400e-16,-1.53454480137889274013e-07,-1.51914816603604295795e-07,-1.51918343703172366267e-07,2.32418211523244526275e-07,2.31885782097386149980e-07,6.50710182238703278774e-16,6.50663764603635574684e-16,6.50710182238703278774e-16,True,6.50663764603635574684e-16,True,series tail and order change; rounding and minimizer search are not enclosed
274877906944,38,joint_window,1.22,1.0192349233614668,64,2.09399541769233701492e-05,1.89843586220167804819e-05,1.89815735662642807568e-05,2.49246055693850776525e-01,6.60704920727633139902e-16,-1.73549706984296549982e-07,-1.72346291281200456540e-07,-1.72349793128188399531e-07,1.81669783171759824165e-07,1.81141138099062877062e-07,5.99466862484740106428e-16,5.99420808133539654156e-16,5.99466862484740106428e-16,True,5.99420808133539654156e-16,True,series tail and order change; rounding and minimizer search are not enclosed
274877906944,38,joint_window,1.23,1.0193925866677083,64,2.25406430018547716983e-05,2.07257829794980867459e-05,2.07224871696863352879e-05,2.49284703917766053971e-01,6.60015903730266617089e-16,-1.95031294281015940941e-07,-1.94090451424776601634e-07,-1.94093928285463200156e-07,1.42038738887272009815e-07,1.41513838365110111290e-07,5.52519354253968099304e-16,5.52473657343940943066e-16,5.52519354253968099304e-16,True,5.52473657343940943066e-16,True,series tail and order change; rounding and minimizer search are not enclosed
274877906944,38,joint_window,1.24,1.0195502499739497,64,2.42767714262484107486e-05,2.25949404859830720255e-05,2.25910510322911157316e-05,2.49323352439918571877e-01,6.59327533730346967521e-16,-2.18008179337175854174e-07,-2.17272122478915294532e-07,-2.17275574575646273723e-07,1.11128069971353799060e-07,1.10606880823615391841e-07,5.09520220193728366550e-16,5.09474875024287235927e-16,5.09520220193728366550e-16,True,5.09474875024287235927e-16,True,series tail and order change; rounding and minimizer search are not enclosed
274877906944,38,joint_window,1.25,1.0197079132801914,64,2.61554577915708049275e-05,2.45986600046283635857e-05,2.45940823575328438460e-05,2.49362001260425042437e-01,6.58639810200456581108e-16,-2.42593898542455260731e-07,-2.42017447660925669981e-07,-2.42020875164742816396e-07,8.70356962324132361464e-08,8.65181930237878412164e-08,4.70147590448493750421e-16,4.70102591456630886231e-16,4.70147590448493750421e-16,True,4.70102591456630886231e-16,True,series tail and order change; rounding and minimizer search are not enclosed
274877906944,38,joint_window,1.26,1.0198655765864328,64,2.81838304479808906850e-05,2.67439761627547120844e-05,2.67386027357548414240e-05,2.49400650379402066825e-01,6.57952732613516663521e-16,-2.68906459069628976953e-07,-2.68454379580875979481e-07,-2.68457782602485228778e-07,6.82609919677598769542e-08,6.77471583691189276874e-08,4.34102367477183441938e-16,4.34057709233130037020e-16,4.34102367477183441938e-16,True,4.34057709233130037020e-16,True,series tail and order change; rounding and minimizer search are not enclosed
274877906944,38,joint_window,1.27,1.0200232398926743,64,3.03690597980755625103e-05,2.90381281566685376186e-05,2.90318368196562297354e-05,2.49439299796966551526e-01,6.57266300442781319731e-16,-2.97068243473456032361e-07,-2.96713107756065270582e-07,-2.96716486335057366230e-07,5.36259300183774624884e-08,5.31157604363748442692e-08,4.01106400451056200966e-16,4.01062077654113319596e-16,4.01106400451056200966e-16,True,4.01062077654113319596e-16,True,series tail and order change; rounding and minimizer search are not enclosed
274877906944,38,joint_window,1.28,1.020180903198916,64,3.27183908558178386614e-05,3.14885582889779959263e-05,3.14812107236685481313e-05,2.49477949513235347512e-01,6.56580513161840512241e-16,-3.27205947837896523841e-07,-3.26926431339924539502e-07,-3.26929785431775194631e-07,4.22095403035651777063e-08,4.17030418459777653301e-08,3.70901260376122905894e-16,3.70857267850663240894e-16,3.70901260376122905894e-16,True,3.70857267850663240894e-16,True,series tail and order change; rounding and minimizer search are not enclosed
274877906944,38,joint_window,1.29,1.0203385665051574,64,3.52391737164795074968e-05,3.41029102443753503104e-05,3.40943501529517614375e-05,2.49516599528325250246e-01,6.55895370244623019312e-16,-3.59450551270026049733e-07,-3.59230084839639363700e-07,-3.59233414300224228267e-07,3.32941811778662995865e-08,3.27913759947539871633e-08,3.43247338322406073810e-16,3.43203671014025143500e-16,3.43247338322406073810e-16,True,3.43203671014025143500e-16,True,series tail and order change; rounding and minimizer search are not enclosed
274877906944,38,joint_window,1.3,1.0204962298113989,64,3.79388902809811467856e-05,3.68890271103928680933e-05,3.68790782682751927296e-05,2.49555249842353110701e-01,6.55210871165389926861e-16,-3.93937312706542774735e-07,-3.93763023321740972716e-07,-3.93766327888943160095e-07,2.63220371376850145985e-08,2.58229652022575888168e-08,3.17923076966288448427e-16,3.17879729938101091885e-16,3.17923076966288448427e-16,True,3.17879729938101091885e-16,True,series tail and order change; rounding and minimizer search are not enclosed
274877906944,38,joint_window,1.31,1.0206538931176405,64,4.08251764061000305779e-05,3.98549491500090852605e-05,3.98434132934354022742e-05,2.49593900455435613317e-01,6.54527015398738375552e-16,-4.30805790080151557078e-07,-4.30667672549784102053e-07,-4.30670951821637350862e-07,2.08602763591580514976e-08,2.03649987726007542664e-08,2.94724219964452511734e-16,2.94681188393544888269e-16,2.94724219964452511734e-16,True,2.94681188393544888269e-16,True,series tail and order change; rounding and minimizer search are not enclosed
274877906944,38,joint_window,1.32,1.020811556423882,64,4.39058392851948166551e-05,4.30089113335013311897e-05,4.29955658723905079438e-05,2.49632551367689553556e-01,6.53843802419603335731e-16,-4.70199876687840875574e-07,-4.70090148626768173864e-07,-4.70093402035715516695e-07,1.65734015151806563448e-08,1.60820043990592204472e-08,2.73463020204210557757e-16,2.73420299378220533494e-16,2.73463020204210557757e-16,True,2.73420299378220533494e-16,True,series tail and order change; rounding and minimizer search are not enclosed
274877906944,38,joint_window,1.33,1.0209692197301234,64,4.71888702906876291885e-05,4.63593406373473911389e-05,4.63439361837250651810e-05,2.49671202579231588103e-01,6.53161231703252677045e-16,-5.12267849879539424577e-07,-5.12180450991327513460e-07,-5.12183677774010152753e-07,1.32014777695412232846e-08,1.27140768343794231167e-08,2.53967386848784663376e-16,2.53924972162610387735e-16,2.53967386848784663376e-16,True,2.53924972162610387735e-16,True,series tail and order change; rounding and minimizer search are not enclosed
274877906944,38,joint_window,1.34,1.0211268830363651,64,5.06824537564588733824e-05,4.99148531181932124542e-05,4.98971108202943408063e-05,2.49709854090178873243e-01,6.52479302725289041988e-16,-5.57162427741704092813e-07,-5.57092632013961312667e-07,-5.57095831175666953848e-07,1.05430963425061198037e-08,1.00598422642802895183e-08,2.36079974989508432846e-16,2.36037861942147619414e-16,2.36079974989508432846e-16,True,2.36037861942147619414e-16,True,series tail and order change; rounding and minimizer search are not enclosed
274877906944,38,joint_window,1.35,1.0212845463426066,64,5.43949722885090511068e-05,5.36842507703231568606e-05,5.36638594423310887559e-05,2.49748505900647621569e-01,6.51798014961653592992e-16,-6.05040830132682010253e-07,-6.04984945939605230623e-07,-6.04988116212843935816e-07,8.44211016176318656198e-09,7.96319484692385755326e-09,2.19657234266249616329e-16,2.19615418457759445494e-16,2.19657234266249616329e-16,True,2.19615418457759445494e-16,True,series tail and order change; rounding and minimizer search are not enclosed
274877906944,38,joint_window,1.36,1.0214422096488482,64,5.83350092092471103665e-05,5.76765181753523999424e-05,5.76531312126008686986e-05,2.49787158010755322435e-01,6.51117367888618321028e-16,-6.56064841123353617569e-07,-6.56019979506148664201e-07,-6.56023119302346563247e-07,6.77734590758606875127e-09,6.30300979941753340022e-09,2.04568437589157379347e-16,2.04526914717717224024e-16,2.04568437589157379347e-16,True,2.04526914717717224024e-16,True,series tail and order change; rounding and minimizer search are not enclosed
274877906944,38,joint_window,1.37,1.0215998729550897,64,6.25113487010327549586e-05,6.19008189528939166890e-05,6.18740510222722065467e-05,2.49825810420618077412e-01,6.50437360982794230044e-16,-7.10400870541581843103e-07,-7.10364766216773830024e-07,-7.10367873570268149042e-07,5.45464701668213507302e-09,4.98518756668967153569e-09,1.90694711053237444906e-16,1.90653476912335250203e-16,1.90694711053237444906e-16,True,1.90653476912335250203e-16,True,series tail and order change; rounding and minimizer search are not enclosed
274877906944,38,joint_window,1.38,1.0217575362613311,64,6.69329741466743121346e-05,6.63664920214344672845e-05,6.63359155166331338057e-05,2.49864463130352904008e-01,6.49757993721124237211e-16,-7.68220012887919939020e-07,-7.68190885956350575509e-07,-7.68193958459404422148e-07,4.40073135657397529551e-09,3.93651285489280409915e-09,1.77928083483242261312e-16,1.77887133958955834031e-16,1.77928083483242261312e-16,True,1.77887133958955834031e-16,True,series tail and order change; rounding and minimizer search are not enclosed
274877906944,38,joint_window,1.39,1.0219151995675728,64,7.16090650857621903837e-05,7.10830476785048991908e-05,7.10481889297061503571e-05,2.49903116140076597684e-01,6.49079265580886131157e-16,-8.29698102356807515659e-07,-8.29674551393598828583e-07,-8.29677586121407435976e-07,3.55845514512969893889e-09,3.09992006575387665563e-09,1.66170570279633064070e-16,1.66129901348018376116e-16,1.66170570279633064070e-16,True,1.66129901348018376116e-16,True,series tail and order change; rounding and minimizer search are not enclosed
274877906944,38,joint_window,1.4,1.0220728628738143,64,7.65489931286160603646e-05,7.60601635095298092646e-05,7.60204987370982989987e-05,2.49941769449906009415e-01,6.48401176039694938544e-16,-8.95015763080450778419e-07,-8.94996682407878910333e-07,-8.94999675832294249215e-07,2.88316303835183693864e-09,2.43084509202746060902e-09,1.55333302276948073972e-16,1.55292910001517372645e-16,1.55333302276948073972e-16,True,1.55292910001517372645e-16,True,series tail and order change; rounding and minimizer search are not enclosed
274877906944,38,joint_window,1.41,1.0222305261800557,64,8.17623170995494390504e-05,8.13076801348459979888e-05,8.12626311365950893982e-05,2.49980423059957629350e-01,6.47723724575497993694e-16,-9.64358454010031296462e-07,-9.64342969608038936636e-07,-9.64345917498295759863e-07,2.33987502879165453752e-09,1.89441418355968396586e-09,1.45335706688413091625e-16,1.45295587217712135220e-16,1.45335706688413091625e-16,True,1.45295587217712135220e-16,True,series tail and order change; rounding and minimizer search are not enclosed
274877906944,38,joint_window,1.42,1.0223881894862974,64,8.72587776210039764739e-05,8.68355968042441037427e-05,8.67845263658584124312e-05,2.50019076970348363975e-01,6.47046910666576516304e-16,-1.03791650807400696703e-06,-1.03790392786264736513e-06,-1.03790682517169646835e-06,1.90111709357838478736e-09,1.46327677427844057308e-09,1.36104744130119176338e-16,1.36064893695390061147e-16,1.36104744130119176338e-16,True,1.36064893695390061147e-16,True,series tail and order change; rounding and minimizer search are not enclosed
274877906944,38,joint_window,1.43,1.0225458527925388,64,9.30482913005456366501e-05,9.26540668485767746976e-05,9.25962738668317114372e-05,2.50057731181194953241e-01,6.46370733791549259932e-16,-1.11588516542651502896e-06,-1.11587494064144950002e-06,-1.11587778137615161659e-06,1.54524669066649907640e-09,1.11593342204269028998e-09,1.27574203259971490522e-16,1.27534618172898628711e-16,1.27574203259971490522e-16,True,1.27534618172898628711e-16,True,series tail and order change; rounding and minimizer search are not enclosed
274877906944,38,joint_window,1.44,1.0227035160987803,64,9.91409446429796187110e-05,9.87733929980090790291e-05,9.87081073065158501453e-05,2.50096385692614331386e-01,6.45695193429366496931e-16,-1.19846460072326275591e-06,-1.19845629586606239564e-06,-1.19845907293889813853e-06,1.25515832646587108227e-09,8.35444174992616739879e-10,1.19684052703353539637e-16,1.19644729353894587576e-16,1.19684052703353539637e-16,True,1.19644729353894587576e-16,True,series tail and order change; rounding and minimizer search are not enclosed
274877906944,38,joint_window,1.45,1.022861179405022,64,1.05546987778291746578e-04,1.05204022576221739604e-04,1.05130399463525169772e-04,2.50135040504722683252e-01,6.45020289059312483641e-16,-1.28585994444948333720e-06,-1.28585321387641763019e-06,-1.28585591893718882163e-06,1.01728137883759800458e-09,6.08429424587054025768e-10,1.12379848594613030132e-16,1.12340783448909417729e-16,1.12379848594613030132e-16,True,1.12340783448909417729e-16,True,series tail and order change; rounding and minimizer search are not enclosed
274877906944,38,joint_window,1.46,1.0230188427112634,64,1.12276828072256347566e-04,1.11956542580045654450e-04,1.11873656990034821626e-04,2.50173695617637303901e-01,6.44346020161008615830e-16,-1.37828129838953915092e-06,-1.37827586805095170252e-06,-1.37827849129539089146e-06,8.20802503566872666515e-10,4.24295809100009627656e-10,1.05612195149407978654e-16,1.05573384747767163393e-16,1.05612195149407978654e-16,True,1.05573384747767163393e-16,True,series tail and order change; rounding and minimizer search are not enclosed
274877906944,38,joint_window,1.47,1.0231765060175049,64,1.19341023668264323830e-04,1.19041674653928847153e-04,1.18948515058699046815e-04,2.50212351031474711238e-01,6.43672386214407216416e-16,-1.47594374536974375089e-06,-1.47593939855500447505e-06,-1.47594192850844272238e-06,6.57060875700596929046e-10,2.74635232713820868501e-10,9.93362551094370086674e-17,9.92976960643902877356e-17,9.93362551094370086674e-17,True,9.92976960643902877356e-17,True,series tail and order change; rounding and minimizer search are not enclosed
274877906944,38,joint_window,1.48,1.0233341693237465,64,1.26750276995019522984e-04,1.26470269968312218562e-04,1.26365731903795871062e-04,2.50251006746351811749e-01,6.42999386699794888127e-16,-1.57906735343120530686e-06,-1.57906391963728634227e-06,-1.57906634290979632461e-06,5.19076563326681585476e-10,1.52757559866211069026e-10,9.35113065874193284919e-17,9.34729955818480722624e-17,9.35113065874193284919e-17,True,9.34729955818480722624e-17,True,series tail and order change; rounding and minimizer search are not enclosed
274877906944,38,joint_window,1.49,1.023491832629988,64,1.34515428264909763867e-04,1.34253304011087493727e-04,1.34136183266000144848e-04,2.50289662762384956807e-01,6.42327021097794682864e-16,-1.68787717460861346462e-06,-1.68787452085178085542e-06,-1.68787682186249813395e-06,4.01181629129051892953e-10,5.33263860044981688347e-11,8.81003427178977336183e-17,8.80622765032287307435e-17,8.81003427178977336183e-17,True,8.80622765032287307435e-17,True,series tail and order change; rounding and minimizer search are not enclosed
274877906944,38,joint_window,1.5,1.0236494959362297,64,1.42647448980566543151e-04,1.42401871301225322860e-04,1.42270856750109880688e-04,2.50328319079691274940e-01,6.41655288889359494998e-16,-1.80260323849990063551e-06,-1.80260126254620160584e-06,-1.80260342321287349862e-06,2.98730384408400860178e-10,-2.79254404675043829992e-11,8.30697105345093486779e-17,8.30318859289962356301e-17,8.30697105345093486779e-17,True,8.30318859289962356301e-17,True,series tail and order change; rounding and minimizer search are not enclosed
274877906944,38,joint_window,1.51,1.0238071592424711,64,1.51157435461516471888e-04,1.50927180033121982562e-04,1.50780846104558909765e-04,2.50366975698387173033e-01,6.40984189555779752756e-16,-1.92348054081198146918e-06,-1.92347916592006836748e-06,-1.92348116531065066351e-06,2.07871005013870455680e-10,-9.44184519223656294025e-11,7.83887856036035279577e-17,7.83511994906297273544e-17,7.83887856036035279577e-17,True,7.83511994906297273544e-17,True,series tail and order change; rounding and minimizer search are not enclosed
274877906944,38,joint_window,1.52,1.0239648225487126,64,1.60056602399712605321e-04,1.59840546660640678680e-04,1.59677345431990109744e-04,2.50405632618589391036e-01,6.40313722578676614302e-16,-2.05074902707356966289e-06,-2.05074819793642958632e-06,-2.05075001187877376343e-06,1.25364465950008460987e-10,-1.48901276411029417237e-10,7.40296791137829481703e-17,7.39923284401978378662e-17,7.40296791137829481703e-17,True,7.39923284401978378662e-17,True,series tail and order change; rounding and minimizer search are not enclosed
274877906944,38,joint_window,1.53,1.0241224858549542,64,1.69356276449625109968e-04,1.69153390429043111193e-04,1.68971643339387315921e-04,2.50444289840415001969e-01,6.39643887440004531531e-16,-2.18465357169812609173e-06,-2.18465325134073801356e-06,-2.18465485198567131546e-06,4.84401590536542473792e-11,-1.93587957178836658956e-10,6.99669743280637582229e-17,6.99298561026659383074e-17,6.99669743280637582229e-17,True,6.99298561026659383074e-17,True,series tail and order change; rounding and minimizer search are not enclosed
274877906944,38,joint_window,1.54,1.0242801491611957,64,1.79067889857195970725e-04,1.78877227863176110640e-04,1.78675117036533479204e-04,2.50482947363980412714e-01,6.38974683622054109693e-16,-2.32544395257887416052e-06,-2.32544412002315593500e-06,-2.32544547535724091493e-06,-2.53200099082692522977e-11,-2.30266229015378539076e-10,6.61774895305762816638e-17,6.61406008225934518231e-17,6.61774895305762816638e-17,True,6.61406008225934518231e-17,True,series tail and order change; rounding and minimizer search are not enclosed
274877906944,38,joint_window,1.55,1.0244378124674371,64,1.89202974130940376925e-04,1.89023667220124551216e-04,1.88799226391309635849e-04,2.50521605189402363223e-01,6.38306110607446683971e-16,-2.47337482139559905188e-06,-2.47337546994726972588e-06,-2.47337654324976464787e-06,-9.80755766368910643001e-11,-2.60383016206305429350e-10,6.26400648312805312788e-17,6.26034027689217584715e-17,6.26400648312805312788e-17,True,6.26034027689217584715e-17,True,series tail and order change; rounding and minimizer search are not enclosed
274877906944,38,joint_window,1.56,1.0245954757736788,64,1.99773153757381460470e-04,1.99604402913930093063e-04,1.99355507949913269075e-04,2.50560263316797426913e-01,6.37638167879136390243e-16,-2.62870566980144483755e-06,-2.62870680584618076833e-06,-2.62870755508504751760e-06,-1.71804471417960062214e-10,-2.85112146192363122478e-10,5.93353704213143778902e-17,5.92989321904165342933e-17,5.93353704213143778902e-17,True,5.92989321904165342933e-17,True,series tail and order change; rounding and minimizer search are not enclosed
274877906944,38,joint_window,1.57,1.0247531390799203,64,2.10790139963040458427e-04,2.10631209920146854125e-04,2.10355568930091610435e-04,2.50598921746282676803e-01,6.36970854920413221917e-16,-2.79170079165781838794e-06,-2.79170243387968577834e-06,-2.79170281104150209668e-06,-2.48366836053686606748e-10,-3.05408146280782152857e-10,5.62457340920678436719e-17,5.62095169347106257762e-17,5.62457340920678436719e-17,True,5.62095169347106257762e-17,True,series tail and order change; rounding and minimizer search are not enclosed
274877906944,38,joint_window,1.58,1.0249108023861617,64,2.22265724524953352508e-04,2.22115938167727583301e-04,2.21811081195434227397e-04,2.50637580477974575288e-01,6.36304171214897606512e-16,-2.96262924148215137619e-06,-2.96263142043754192589e-06,-2.96263137078439940707e-06,-3.29558761642248876326e-10,-3.22048911632849972847e-10,5.33549860392319917211e-17,5.33189872524397634301e-17,5.33549860392319917211e-17,True,5.33189872524397634301e-17,True,series tail and order change; rounding and minimizer search are not enclosed
274877906944,38,joint_window,1.59,1.0250684656924034,64,2.34211773631358557502e-04,2.34070506925200479175e-04,2.33733775218033070289e-04,2.50676239511989862319e-01,6.35638116246542377813e-16,-3.14176478925966832416e-06,-3.14176754725597700657e-06,-3.14176700850396755770e-06,-4.17158365444030594921e-10,-3.35669892477400988086e-10,5.06483191679617436023e-17,5.06125361024484646949e-17,5.06483191679617436023e-17,True,5.06125361024484646949e-17,True,series tail and order change; rounding and minimizer search are not enclosed
274877906944,38,joint_window,1.6,1.0252261289986448,64,2.46640221794486975103e-04,2.46506899188128918068e-04,2.46135434037081531587e-04,2.50714898848445222335e-01,6.34972689499636325742e-16,-3.32938587177476064257e-06,-3.32938926301478788170e-06,-3.32938816442658749124e-06,-5.12965980342026794656e-10,-3.46791257031091438618e-10,4.81121632943772549227e-17,4.80765933533387781483e-17,4.81121632943772549227e-17,True,4.80765933533387781483e-17,True,series tail and order change; rounding and minimizer search are not enclosed
274877906944,38,joint_window,1.61,1.0253837923048863,64,2.59563065817648838327e-04,2.59437156074728122925e-04,2.59027887220710797359e-04,2.50753558487457284265e-01,6.34307890458797885471e-16,-3.52577554061004835341e-06,-3.52577963157424905229e-06,-3.52577789295870411669e-06,-6.18840139918007695001e-10,-3.55839772691232632350e-10,4.57340718028769430645e-17,4.56987124408255769259e-17,4.57340718028769430645e-17,True,4.56987124408255769259e-17,True,series tail and order change; rounding and minimizer search are not enclosed
274877906944,38,joint_window,1.62,1.025541455611128,64,2.72992358818197923542e-04,2.72873371235757061423e-04,2.72423004837740604170e-04,2.50792218429142899083e-01,6.33643718608978095652e-16,-3.73122140695371324682e-06,-3.73122627699912700824e-06,-3.73122380761014877000e-06,-7.36730372969344712854e-10,-3.63166328205063396792e-10,4.35026194682014086790e-17,4.34674681898428260224e-17,4.35026194682014086790e-17,True,4.34674681898428260224e-17,True,series tail and order change; rounding and minimizer search are not enclosed
274877906944,38,joint_window,1.63,1.0256991189173694,64,2.86940204308906720871e-04,2.86827685285000535953e-04,2.86332691446171026198e-04,2.50830878673618473673e-01,6.32980173435463162213e-16,-3.94601558335520949828e-06,-3.94602132551670974720e-06,-3.94601802284304378418e-06,-8.68707835556201997181e-10,-3.69060012729655188181e-10,4.14073102862234019124e-17,4.13723646453743659065e-17,4.14073102862234019124e-17,True,4.13723646453743659065e-17,True,series tail and order change; rounding and minimizer search are not enclosed
274877906944,38,joint_window,1.64,1.025856782223611,64,3.01418750339954740185e-04,3.01312280256479621873e-04,3.00768880105094465853e-04,2.50869539221000970031e-01,6.32317254423867950259e-16,-4.17045462256953231072e-06,-4.17046134455370087323e-06,-4.17045709299145028748e-06,-1.01699448616017296616e-09,-3.73759504047257792903e-10,3.94384942793748599710e-17,3.94037518779196350849e-17,3.94384942793748599710e-17,True,3.94037518779196350849e-17,True,series tail and order change; rounding and minimizer search are not enclosed
274877906944,38,joint_window,1.65,1.0260144455298525,64,3.16440183703498511495e-04,3.16339374093577466954e-04,3.15743526415785584829e-04,2.50908200071406961573e-01,6.31654961060143576854e-16,-4.40483945361478204140e-06,-4.40484727898158109254e-06,-4.40484194837956633678e-06,-1.18399153956438249184e-09,-3.77462229392649578250e-10,3.75872923522281394121e-17,3.75527508391131683103e-17,3.75872923522281394121e-17,True,3.75527508391131683103e-17,True,series tail and order change; rounding and minimizer search are not enclosed
274877906944,38,joint_window,1.66,1.026172108836094,64,3.32016724203751845308e-04,3.31921215176094982265e-04,3.31268602598523828270e-04,2.50946861224953077230e-01,6.30993292830570015451e-16,-4.64947531518051420177e-06,-4.64948438471106151619e-06,-4.64947782877963850922e-06,-1.37230767340651251924e-09,-3.80331853796137270757e-10,3.58455283708304408869e-17,3.58111854410948836808e-17,3.58455283708304408869e-17,True,3.58111854410948836808e-17,True,series tail and order change; rounding and minimizer search are not enclosed
274877906944,38,joint_window,1.67,1.0263297721423357,64,3.48160618994506124418e-04,3.48070076889909390053e-04,3.47356091610439014945e-04,2.50985522681756001440e-01,6.30332249221759744378e-16,-4.90467168650758768940e-06,-4.90468215975883479411e-06,-4.90467421433185107567e-06,-1.58478736465852083020e-09,-3.82504330138274796616e-10,3.42056677274527788270e-17,3.41715211212949023562e-17,3.42056677274527788270e-17,True,3.41715211212949023562e-17,True,series tail and order change; rounding and minimizer search are not enclosed
274877906944,38,joint_window,1.68,1.0264874354485771,64,3.64884136986663438866e-04,3.64798252244347479250e-04,3.64017981310044461910e-04,2.51024184441932474154e-01,6.29671829720659718982e-16,-5.17074221586449265771e-06,-5.17075427291350283969e-06,-5.17074475405278691231e-06,-1.82453964320890019380e-09,-3.84092754439230050747e-10,3.26607617308838781840e-17,3.26268092327615327173e-17,3.26607617308838781840e-17,True,3.26268092327615327173e-17,True,series tail and order change; rounding and minimizer search are not enclosed
274877906944,38,joint_window,1.69,1.0266450987548186,64,3.82199563328534865515e-04,3.82118048542144075810e-04,3.81266258673926413617e-04,2.51062846505599179814e-01,6.29012033814545948220e-16,-5.44800464674526140150e-06,-5.44801849012941660040e-06,-5.44800719206008429848e-06,-2.09496781236660655888e-09,-3.85191407421504441914e-10,3.12043972325461492765e-17,3.11706366703098535184e-17,3.12043972325461492765e-17,True,3.11706366703098535184e-17,True,series tail and order change; rounding and minimizer search are not enclosed
274877906944,38,joint_window,1.7,1.0268027620610602,64,4.00119193960840168877e-04,4.00041782106052516005e-04,3.99112904070255260051e-04,2.51101508872872636324e-01,6.28352860991026551486e-16,-5.73678074190070962091e-06,-5.73679659876040563002e-06,-5.73678329162537577668e-06,-2.39980017152197764511e-09,-3.85879033324057382227e-10,2.98306509613427129071e-17,2.97970802054001270388e-17,2.98306509613427129071e-17,True,2.97970802054001270388e-17,True,series tail and order change; rounding and minimizer search are not enclosed
274877906944,38,joint_window,1.75,1.0275910785922677,64,4.99210855308041879554e-04,4.99150560445101856497e-04,4.97739793812777202124e-04,2.51294825267425470106e-01,6.25066325201878862917e-16,-7.36489923772606317354e-06,-7.36492960765961412681e-06,-7.36490178176717213455e-06,-4.59743825064326905756e-09,-3.85120101939981821235e-10,2.40232573337309602360e-17,2.39906051001892098611e-17,2.40232573337309602360e-17,True,2.39906051001892098611e-17,True,series tail and order change; rounding and minimizer search are not enclosed
274877906944,38,joint_window,1.8,1.0283793951234754,64,6.15249060161212279162e-04,6.15201479661892460839e-04,6.13109428467011790057e-04,2.51488149269646299455e-01,6.21795289809514769411e-16,-9.33129318573780897495e-06,-9.33134907132086258586e-06,-9.33129569885306740535e-06,-8.46225697709068779349e-09,-3.80538700075222781580e-10,1.96116691205677072466e-17,1.95798881236522410845e-17,1.96116691205677072466e-17,True,1.95798881236522410845e-17,True,series tail and order change; rounding and minimizer search are not enclosed
274877906944,38,joint_window,1.85,1.0291677116546831,64,7.49752283270296773082e-04,7.49714281025030677801e-04,7.46679308824021678061e-04,2.51681480894114850688e-01,6.18539691137660828220e-16,-1.16802053085888790955e-05,-1.16803046908772344050e-05,-1.16802077806249640429e-05,-1.50525472414294671556e-08,-3.74417218213909443912e-10,1.62152655803312076275e-17,1.61843130794639057627e-17,1.62152655803312076275e-17,True,1.61843130794639057627e-17,True,series tail and order change; rounding and minimizer search are not enclosed
274877906944,38,joint_window,1.9,1.0299560281858908,64,9.04209295727521900066e-04,9.04178604072110206173e-04,8.99863833347396935118e-04,2.51874820155407741495e-01,6.15299465716636406908e-16,-1.44577380645257157514e-05,-1.44579094263461605408e-05,-1.44577404919753280555e-05,-2.59615076885545083683e-08,-3.67761334430896410551e-10,1.35679575538583925545e-17,1.35377950184956064380e-17,1.35679575538583925545e-17,True,1.35377950184956064380e-17,True,series tail and order change; rounding and minimizer search are not enclosed
274877906944,38,joint_window,1.95,1.0307443447170985,64,1.08006640683628424814e-03,1.08004136301697965805e-03,1.07402049848886365149e-03,2.52068167068100534856e-01,6.12074550283035772410e-16,-1.77115557963782477725e-05,-1.77118430185335413562e-05,-1.77115581787275569187e-05,-4.35260143813815078281e-08,-3.61024274539770178066e-10,1.14808628190778789569e-17,1.14514556490719085022e-17,1.14808628190778789569e-17,True,1.14514556490719085022e-17,True,series tail and order change; rounding and minimizer search are not enclosed
274877906944,38,joint_window,2.0,1.031532661248306,64,1.27871629236260705119e-03,1.27869566121697163241e-03,1.27043779859154523475e-03,2.52261521646766406768e-01,6.08864881779408898193e-16,-2.14905803192382872935e-05,-2.14910493103826556911e-05,-2.14905826573271027322e-05,-7.10904143987726456759e-08,-3.54411175283370397046e-10,9.81798358022737981227e-18,9.78930086966650615779e-18,9.81798358022737981227e-18,True,9.78930086966650615779e-18,True,series tail and order change; rounding and minimizer search are not enclosed
274877906944,38,joint_window,2.05,1.0323209777795137,64,1.50148842205628774669e-03,1.50147127486234392181e-03,1.49032489026366065342e-03,2.52454883905976812386e-01,6.05670397353934875831e-16,-2.58446856772762069594e-05,-2.58454331458955960735e-05,-2.58446879725400123669e-05,-1.13332679774780970711e-07,-3.48012466096006805671e-10,8.48009197728980628289e-18,8.45210631060584171742e-18,8.48009197728980628289e-18,True,8.45210631060584171742e-18,True,series tail and order change; rounding and minimizer search are not enclosed
274877906944,38,joint_window,2.1,1.0331092943107214,64,1.74964105969294624575e-03,1.74962669019253051761e-03,1.73480303203672834439e-03,2.52648253860300819884e-01,6.02491034360101933309e-16,-3.08243969943656462469e-05,-3.08255618122244316130e-05,-3.08243992484780703067e-05,-1.76659252264430168131e-07,-3.41864448290217330767e-10,7.39388592077404861033e-18,7.36657319062475243592e-18,7.39388592077404861033e-18,True,7.36657319062475243592e-18,True,series tail and order change; rounding and minimizer search are not enclosed
274877906944,38,joint_window,2.15,1.033897610841929,64,2.02435477669313940163e-03,2.02434264208882106970e-03,2.00489876579254674635e-03,2.52841631524306165169e-01,5.99326730356377198125e-16,-3.64805975622917253581e-05,-3.64823752011774263271e-05,-3.64805997769903104719e-05,-2.69673642663940034165e-07,-3.35977030006396190904e-10,6.50458389622204162892e-18,6.47792313334561498849e-18,6.50458389622204162892e-18,True,6.47792313334561498849e-18,True,series tail and order change; rounding and minimizer search are not enclosed
274877906944,38,joint_window,2.2,1.0346859273731368,64,2.32672739576970412367e-03,2.32671707473735113816e-03,2.30153877121355970176e-03,2.53035016912558363700e-01,5.96177423105877643681e-16,-4.28642475682393343447e-05,-4.28669081141036826740e-05,-4.28642497452416735941e-05,-4.03722314317467678421e-07,-3.30347403857343839474e-10,5.77079812092055652768e-18,5.74477132690319024413e-18,5.77079812092055652768e-18,True,5.74477132690319024413e-18,True,series tail and order change; rounding and minimizer search are not enclosed
274877906944,38,joint_window,2.25,1.0354742439043443,64,2.65777026351896863629e-03,2.65776142596930737422e-03,2.62554629755778513867e-03,2.53228410039620599470e-01,5.93043050576039950997e-16,-5.00261171718473099737e-05,-5.00300274310600348072e-05,-5.00261193128133710949e-05,-5.93519623747987100840e-07,-3.24967040389785819570e-10,5.16093891602199283933e-18,5.13553089078458699182e-18,5.16093891602199283933e-18,True,5.13553089078458699182e-18,True,series tail and order change; rounding and minimizer search are not enclosed
274877906944,38,joint_window,2.3,1.036262560435552,64,3.01840573954350113728e-03,3.01839812459825298369e-03,2.97763905744407621212e-03,2.53421810920054557670e-01,5.89923550938282777636e-16,-5.80165360095271634075e-05,-5.80221862199320199786e-05,-5.80165381160417789261e-05,-8.57851679661466475892e-07,-3.19824742120139865009e-10,4.65066215480837158803e-18,4.62586031165833586852e-18,4.65066215480837158803e-18,True,4.62586031165833586852e-18,True,series tail and order change; rounding and minimizer search are not enclosed
274877906944,38,joint_window,2.35,1.0370508769667597,64,3.40946578359070748970e-03,3.40945918337097822470e-03,3.35842845409676203638e-03,2.53615219568420313667e-01,5.86818862567677309670e-16,-6.68851606349041218243e-05,-6.68931962792279491761e-05,-6.68851627084722185658e-05,-1.22035699470147102839e-06,-3.14908574595794535420e-10,4.22103636634223680788e-18,4.19683052869430815602e-18,4.22103636634223680788e-18,True,4.19683052869430815602e-18,True,series tail and order change; rounding and minimizer search are not enclosed
274877906944,38,joint_window,2.4,1.0378391934979674,64,3.83169152034759522354e-03,3.83168576792074049020e-03,3.76842000570033579254e-03,2.53808635999274945227e-01,5.83728924042604994649e-16,-7.66807609012309975352e-05,-7.66920200923007109803e-05,-7.66807629432733140265e-05,-1.71037983639057375507e-06,-3.10205939470290405332e-10,3.85721235554917269777e-18,3.83359453091373454139e-18,3.85721235554917269777e-18,True,3.83359453091373454139e-18,True,series tail and order change; rounding and minimizer search are not enclosed
274877906944,38,joint_window,2.45,1.0386275100291749,64,4.28573366302223077162e-03,4.28572862335466469447e-03,4.20801482725725612549e-03,2.54002060227174919493e-01,5.80653674144420303570e-16,-8.74510258537542503957e-05,-8.74665827204742151943e-05,-8.74510278656140047082e-05,-2.36389029470526682421e-06,-3.05705237483105615335e-10,3.54744772188941569711e-18,3.52441185046141735220e-18,3.54744772188941569711e-18,True,3.52441185046141735220e-18,True,series tail and order change; rounding and minimizer search are not enclosed
274877906944,38,joint_window,2.5,1.0394158265603826,64,4.77215368086634974393e-03,4.77214924397340208018e-03,4.67751203080055480421e-03,2.54195492266673761517e-01,5.77593051857104913977e-16,-9.92423893253454366542e-05,-9.92636037765892058696e-05,-9.92423913082930968937e-05,-3.22446335883347921688e-06,-3.01395581403684627189e-10,3.28238472700362579318e-18,3.25992640412778557895e-18,3.28238472700362579318e-18,True,3.25992640412778557895e-18,True,series tail and order change; rounding and minimizer search are not enclosed
274877906944,38,joint_window,2.55,1.0402041430915903,64,5.29142560165931849503e-03,5.29142167737284719459e-03,5.17711190824068044625e-03,2.54388932132323386526e-01,5.74546996366929978882e-16,-1.12099875113302405519e-04,-1.12128449295251795062e-04,-1.12099877068535147724e-04,-4.34430779027408519612e-06,-2.97265989270333664572e-10,3.05451086582141394145e-18,3.03262703970515610148e-18,3.05451086582141394145e-18,True,3.03262703970515610148e-18,True,series tail and order change; rounding and minimizer search are not enclosed
274877906944,38,joint_window,2.6,1.040992459622798,64,5.84393834728344583468e-03,5.84393486122409145517e-03,5.70691976686309512812e-03,2.54582379838674044414e-01,5.71515447062106759994e-16,-1.26066961355025624301e-04,-1.26105003047769230647e-04,-1.26066963283676114482e-04,-5.78533433185633212968e-06,-2.93306802215881107109e-10,2.85775246961181067043e-18,2.83644111781516767112e-18,2.85775246961181067043e-18,True,2.83644111781516767112e-18,True,series tail and order change; rounding and minimizer search are not enclosed
274877906944,38,joint_window,2.65,1.0417807761540057,64,6.42999850841294642856e-03,6.42999539886574596886e-03,6.26695029493550860578e-03,2.54775835400273875653e-01,5.68498343532439528924e-16,-1.41185463509943694670e-04,-1.41235556633256061250e-04,-1.41185465413082148790e-04,-7.62025183450854682416e-06,-2.89508663710733047842e-10,2.68716606188701072678e-18,2.66642585221885358251e-18,2.68716606188701072678e-18,True,2.66642585221885358251e-18,True,series tail and order change; rounding and minimizer search are not enclosed
274877906944,38,joint_window,2.7,1.0425690926852131,64,7.04983347262368512109e-03,7.04983068809685899103e-03,6.85713234355861574187e-03,2.54969298831668911287e-01,5.65495625568977679518e-16,-1.57495435189771706627e-04,-1.57560717507973231492e-04,-1.57495437068408167432e-04,-9.93367923305127833587e-06,-2.85862552947202563223e-10,2.53870216807951428957e-18,2.51853211143450023509e-18,2.53870216807951428957e-18,True,2.51853211143450023509e-18,True,series tail and order change; rounding and minimizer search are not enclosed
274877906944,38,joint_window,2.75,1.0433574092164208,64,7.70359482861566503831e-03,7.70359232592012464769e-03,7.47731402034193439604e-03,2.55162770147403517029e-01,5.62507233163660641850e-16,-1.75035085953466600789e-04,-1.75119333987172609568e-04,-1.75035087808563189285e-04,-1.28232609626528143903e-05,-2.82361303503477054582e-10,2.40902326940353798195e-18,2.38942237363071872697e-18,2.40902326940353798195e-18,True,2.38942237363071872697e-18,True,series tail and order change; rounding and minimizer search are not enclosed
274877906944,38,joint_window,2.8,1.0441457257476285,64,8.39136197749358256348e-03,8.39135972022219539523e-03,8.12726800036240107361e-03,2.55356249362020337745e-01,5.59533106508969994558e-16,-1.93840715092229599198e-04,-1.93948436162516904546e-04,-1.93840716924696503110e-04,-1.64007733525837967679e-05,-2.78997129883915957886e-10,2.29536253295006899235e-18,2.27632946790861242181e-18,2.29536253295006899235e-18,True,2.27632946790861242181e-18,True,series tail and order change; rounding and minimizer search are not enclosed
274877906944,38,joint_window,2.85,1.0449340422788362,64,9.11314589001910660415e-03,9.11314384733545590489e-03,8.80669696988255548686e-03,2.55549736490059853367e-01,5.56573185997571617819e-16,-2.13946660368841221761e-04,-2.14083191618831374103e-04,-2.13946662179537346049e-04,-2.07932097729845416609e-05,-2.75762336619575330311e-10,2.19541347558281156682e-18,2.17694625999096005353e-18,2.19541347558281156682e-18,True,2.17694625999096005353e-18,True,series tail and order change; rounding and minimizer search are not enclosed
274877906944,38,joint_window,2.9,1.045722358810044,64,9.86889295630000336346e-03,9.86889110196620747417e-03,9.51523912818906178468e-03,2.55743231546060545423e-01,5.53627412221958930999e-16,-2.35385260639765043697e-04,-2.35556874801401286770e-04,-2.35385262429511129406e-04,-2.61438327858793058726e-05,-2.72651217796099050411e-10,2.10724325633595198545e-18,2.08933897677397739223e-18,2.10724325633595198545e-18,True,2.08933897677397739223e-18,True,series tail and order change; rounding and minimizer search are not enclosed
274877906944,38,joint_window,2.95,1.0465106753412514,64,1.06584888814451467232e-02,1.06584871930395490985e-02,1.02524736825331808099e-02,2.55936734544559285620e-01,5.50695725974096327532e-16,-2.58186831274195187705e-04,-2.58400848875497881479e-04,-2.58186833043769475154e-04,-3.26131822440457695418e-05,-2.69657399944268784633e-10,2.02922413320677953985e-18,2.01187870467121040010e-18,2.02922413320677953985e-18,True,2.01187870467121040010e-18,True,series tail and order change; rounding and minimizer search are not enclosed
274877906944,38,joint_window,3.0,1.0472989918724591,64,1.14817625872587099345e-02,1.14817610455419487347e-02,1.10179262803079928978e-02,2.56130245500091002775e-01,5.47778068245055016999e-16,-2.82379651287419531497e-04,-2.82644558929003204828e-04,-2.82379653037559061324e-04,-4.03800291664832574734e-05,-2.66774700422758878596e-10,1.95997896730777504728e-18,1.94318694307166285974e-18,1.95997896730777504728e-18,True,1.94318694307166285974e-18,True,series tail and order change; rounding and minimizer search are not enclosed
274877906944,38,fixed_power,0.6342629898094757,1.01,64,3.11394763086878616955e-06,8.89030870783047040376e-10,8.89030859748090814317e-10,2.46982802406764012648e-01,7.02210792393058841393e-16,2.70320007935592015523e-07,5.05335772279463346472e-04,5.05335766007062453520e-04,7.59545848008682938923e-02,7.59545838583058213755e-02,6.96817359930878744498e-12,6.96817351284222476575e-12,4.00622035545694643588e-11,True,4.00622035545694643588e-11,True,series tail and order change; rounding and minimizer search are not enclosed
274877906944,38,fixed_power,1.2685259796189514,1.02,64,3.00368159759225164583e-05,2.86903264877213845367e-05,2.86841787357967439626e-05,2.49433602775279067432e-01,6.57367441407962136636e-16,-2.92796070173374421936e-07,-2.92428114862243190375e-07,-2.92431497044741295506e-07,5.55612765148117814085e-08,5.50505667323667438376e-08,4.05788707558346291273e-16,4.05744335643998699733e-16,4.05788707558346291273e-16,True,4.05744335643998699733e-16,True,series tail and order change; rounding and minimizer search are not enclosed
274877906944,38,fixed_power,1.902788969428427,1.03,64,9.13441779551612902631e-04,9.13411442080404008606e-04,9.09013631898211238794e-04,2.51885604726352130278e-01,6.15119179317306829544e-16,-1.46262432359731164074e-05,-1.46264197341513987318e-05,-1.46262456609032732557e-05,-2.67400665435991842017e-08,-3.67385059560671583310e-10,1.34382507556057404869e-17,1.34081312299907966801e-17,1.34382507556057404869e-17,True,1.34081312299907966801e-17,True,series tail and order change; rounding and minimizer search are not enclosed
274877906944,38,fixed_power,3.171314949047378,1.05,64,1.45544483619450843587e-02,1.45544472101400926972e-02,1.38470565024270790555e-02,2.56793332426625109388e-01,5.37886872588731785396e-16,-3.76164254427467821540e-04,-3.76686657511774184923e-04,-3.76164256116161277443e-04,-7.97122608379945124914e-05,-2.57673566593168739679e-10,1.77457223559999614713e-18,1.75961399736572839431e-18,1.77457223559999614713e-18,True,1.75961399736572839431e-18,True,series tail and order change; rounding and minimizer search are not enclosed
274877906944,38,fixed_power,4.756972423571061,1.075,64,5.80952898611985860122e-02,5.80952896668537818736e-02,5.05035378848362956350e-02,2.62935280264485649049e-01,4.53711590116804997635e-16,-2.10376361325539072700e-03,-2.13068743389838079899e-03,-2.10376361461015425058e-03,-4.15314283708800770917e-03,-2.08970815493605181978e-10,1.25766117187527282516e-18,1.25125951548826849465e-18,1.25766117187527282516e-18,True,1.25125951548826849465e-18,True,series tail and order change; rounding and minimizer search are not enclosed
274877906944,38,fixed_power,6.342629898094756,1.1,64,1.16063931266353573268e-01,1.16063931192650182656e-01,9.30361202314286123150e-02,2.69085757582120721487e-01,3.81647087259406181161e-16,-5.18325035658286775719e-03,-5.37802027037758735573e-03,-5.18325035780261081375e-03,-3.04431083011638264901e-02,-1.90591392264741830587e-10,1.08289582722441683491e-18,1.07685260314562324202e-18,1.08289582722441683491e-18,True,1.07685260314562324202e-18,True,series tail and order change; rounding and minimizer search are not enclosed
274877906944,38,fixed_power,9.513944847142122,1.15,64,2.31857402840424720036e-01,2.31857402815325880363e-01,1.66338193807252343603e-01,2.81414141449873145273e-01,2.67753125767527484985e-16,-1.33051413563608639246e-02,-1.48201518598629483625e-02,-1.33051413575003829592e-02,-2.44316936510692639395e-01,-1.83315738826853645421e-10,8.29129694807232655260e-19,8.18705955740641983769e-19,8.29129694807232655260e-19,True,8.18705955740641983769e-19,True,series tail and order change; rounding and minimizer search are not enclosed
274877906944,38,fixed_power,12.6852597961895,1.2,64,3.27680000013589822760e-01,3.27680000000000026805e-01,2.19929072016202736828e-01,2.93782149799831859838e-01,1.85660647477735116084e-16,-2.16631690289133885252e-02,-2.62434272745891220002e-02,-2.16631690300600129873e-02,-7.64961664608938773924e-01,-1.90047151638614628912e-10,6.61408189704306122015e-19,6.72232790994515173495e-19,6.61408189704306122015e-19,True,6.72232790994515173495e-19,True,series tail and order change; rounding and minimizer search are not enclosed
274877906944,38,fixed_power,15.856574745236879,1.25,64,4.03237402448134329980e-01,4.03237402439117431641e-01,2.59180357765401492287e-01,3.06193425614168013293e-01,1.27158890281189772502e-16,-2.89638500229364159733e-02,-3.83766109839490041078e-02,-2.89638500241211072073e-02,-1.63130509268923340471e+00,-2.02020682755600573979e-10,4.15385876048650174652e-18,7.68757516711632985069e-18,4.15385876048650174652e-18,True,7.68757516711632985069e-18,True,series tail and order change; rounding and minimizer search are not enclosed
274877906944,38,fixed_power,19.027889694284255,1.3,64,4.63033551272608812077e-01,4.63033551265942477926e-01,2.88789010916076727131e-01,3.18651592588365506487e-01,8.59502543425497381873e-17,-3.47811841399175980527e-02,-5.06035110718520628192e-02,-3.47811841411508337885e-02,-2.84852368881070949769e+00,-2.15872599018190769051e-10,7.39535932880068574616e-17,1.43443943688227383661e-16,4.88498130835068877786e-15,True,2.42924692809515053084e-15,True,series tail and order change; rounding and minimizer search are not enclosed
274877906944,38,fixed_power,25.370519592379,1.4,64,5.50334077952559952429e-01,5.50334077948180566686e-01,3.30145309393032881928e-01,3.43723018532124391378e-01,3.75641078659009409959e-17,-4.17827947830409773822e-02,-7.42361019257292142903e-02,-4.17827947843877195444e-02,-6.31388290792697848275e+00,-2.46451825890984645806e-10,2.06728960410545715904e-15,3.88881178100599945654e-15,1.27009514017117908224e-13,True,3.88881178100599945654e-15,True,series tail and order change; rounding and minimizer search are not enclosed
274877906944,38,fixed_power,31.713149490473757,1.5,64,6.10351562503291589223e-01,6.10351562500000000000e-01,3.57509534293642405878e-01,3.69025157164765693629e-01,1.52863260928892972912e-17,-4.32373092409873566178e-02,-9.60418072138481959676e-02,-4.32373092424505750531e-02,-1.11076920831161487513e+01,-2.77024354634084251895e-10,1.06341873409226483921e-14,1.91419467461522543756e-14,4.95603558192669879645e-13,True,1.91419467461522543756e-14,True,series tail and order change; rounding and minimizer search are not enclosed
1099511627776,40,joint_window,0.0,1.0,96,9.43189537628370311856e-07,0.00000000000000000000e+00,0.00000000000000000000e+00,2.44533173793497621284e-01,7.49786258826540693388e-16,2.35797428925661713295e-07,2.38748120932375240688e-01,2.38748120932375240688e-01,2.63688961573128786142e+01,2.63688961573128786142e+01,4.27826498977551766570e-08,4.27826498977551766570e-08,7.60957341583434754284e-08,True,7.60957341583434754284e-08,True,series tail and order change; rounding and minimizer search are not enclosed
1099511627776,40,joint_window,0.05,1.0007489007046473,96,9.70250398025216710673e-07,3.58586144118717390246e-121,3.58586144118717390246e-121,2.44716586726344581537e-01,7.46125550758530849991e-16,2.28913530824890523303e-07,2.38927858914614210661e-01,2.38927858914614210661e-01,2.63883590752041605754e+01,2.63883590752041605754e+01,4.26333201026808855427e-08,4.26333201026808855427e-08,7.58321263560901570600e-08,True,7.58321263560901570600e-08,True,series tail and order change; rounding and minimizer search are not enclosed
1099511627776,40,joint_window,0.1,1.0014978014092946,96,9.99319194440026064373e-07,5.76224440248182137298e-61,5.76224440248296825616e-61,2.44900006076008008860e-01,7.42480901747671857033e-16,2.21910117589648017574e-07,2.39107610385930258179e-01,2.39107610385930258179e-01,2.64078201068789901740e+01,2.64078201068789901740e+01,4.24844016900229601692e-08,4.24844016900229601692e-08,7.55692362019999563927e-08,True,7.55692362019999563927e-08,True,series tail and order change; rounding and minimizer search are not enclosed
1099511627776,40,joint_window,0.15,1.0022467021139418,96,1.03065792613932335368e-06,6.74927447121368763225e-41,6.74927447121387931307e-41,2.45083431855046746106e-01,7.38852251016449105105e-16,2.14776167899001264674e-07,2.39287375370556554266e-01,2.39287375370556554266e-01,2.64272792511978806829e+01,2.64272792511978806829e+01,4.23358939882299299438e-08,4.23358939882299299438e-08,7.53070636960728734266e-08,True,7.53070636960728734266e-08,True,series tail and order change; rounding and minimizer search are not enclosed
1099511627776,40,joint_window,0.2,1.0029956028185891,96,1.06457836530336264571e-06,7.30448019910885764280e-31,7.30448019910916855590e-31,2.45266864076018803464e-01,7.35239537963178572466e-16,2.07499192569203075742e-07,2.39467153892721801300e-01,2.39467153892721801300e-01,2.64467365071858182546e+01,2.64467365071858182546e+01,4.21877963246842671347e-08,4.21877963246842671347e-08,7.50456017328815505607e-08,True,7.50456017328815505607e-08,True,series tail and order change; rounding and minimizer search are not enclosed
1099511627776,40,joint_window,0.25,1.0037445035232364,96,1.10145471737254808360e-06,7.65928565282721295836e-25,7.65928565282721295836e-25,2.45450302751479804142e-01,7.31642702161834853371e-16,2.00064948832087615139e-07,2.39646945976457886873e-01,2.39646945976457886873e-01,2.64661918740481745260e+01,2.64661918740481745260e+01,4.20401080222965534180e-08,4.20401080222965534180e-08,7.47848361015712725930e-08,True,7.47848361015712725930e-08,True,series tail and order change; rounding and minimizer search are not enclosed
1099511627776,40,joint_window,0.3,1.0044934042278837,96,1.14174039151774814186e-06,7.90534048202218369239e-21,7.90534048202218369239e-21,2.45633747893983706012e-01,7.28061683361876523984e-16,1.92457080299571849552e-07,2.39826749670068395393e-01,2.39826749670068395393e-01,2.64856451908233694326e+01,2.64856451908233694326e+01,4.18927931340948646989e-08,4.18927931340948646989e-08,7.45247525912873243215e-08,True,7.45247525912873243215e-08,True,series tail and order change; rounding and minimizer search are not enclosed
1099511627776,40,joint_window,0.35,1.005242304932531,96,1.18599053236032836344e-06,5.81931621093277423531e-18,5.81931621093289826520e-18,2.45817199516083301214e-01,7.24496421488069240323e-16,1.84656657938196943023e-07,2.40005114883044351481e-01,2.40005114883044351481e-01,2.65049787599853345910e+01,2.65049787599853345910e+01,4.17200862154016299000e-08,4.17200862154016299000e-08,7.42299057776563131483e-08,True,7.42299057776563131483e-08,True,series tail and order change; rounding and minimizer search are not enclosed
1099511627776,40,joint_window,0.4,1.0059912056371783,96,1.23489276742143800761e-06,8.22404065432440699636e-16,8.22404065432417329632e-16,2.46000657630329383485e-01,7.20946856640306272405e-16,1.76641587230340722024e-07,2.39980582561577421297e-01,2.39980582561577421297e-01,2.65078422260696555668e+01,2.65078422260696555668e+01,3.81586928952493900521e-08,3.81586928952492907904e-08,6.92201602703335083788e-08,True,6.92201602703335083788e-08,True,series tail and order change; rounding and minimizer search are not enclosed
1099511627776,40,joint_window,0.45,1.0067401063418255,96,1.28930989420157349438e-06,3.86788141336650504482e-14,3.86788141336352315060e-14,2.46184122249270664895e-01,7.17412929093426375980e-16,1.68385831492479625301e-07,2.30911063243382536081e-01,2.30911063243375430654e-01,2.57689099268931300912e+01,2.57689099268925438935e+01,5.04501753226263425330e-09,5.04501753225876883830e-09,1.18670158144595916383e-08,True,1.18670122617459128378e-08,True,series tail and order change; rounding and minimizer search are not enclosed
1099511627776,40,joint_window,0.5,1.0074890070464726,64,1.35034028487500666502e-06,8.42138028591366647684e-13,8.42138028578387828444e-13,2.46367593385454636268e-01,7.13894579297030875413e-16,1.59858378049559152504e-07,1.11761190361154935657e-01,1.11761190360037648839e-01,1.43879591508311506232e+01,1.43879591507080082380e+01,1.81932077358827247812e-09,1.81932077356089176587e-09,7.83186138164637668524e-09,True,7.83186138164637668524e-09,True,series tail and order change; rounding and minimizer search are not enclosed
1099511627776,40,joint_window,0.55,1.0082379077511199,64,1.41940519807979338932e-06,1.04721739123209134123e-11,1.04721739104852380743e-11,2.46551071051427150849e-01,7.10391747875292857949e-16,1.51021837468712118451e-07,1.07063201367126499541e-02,1.07063201348359376269e-02,1.58481401120872589239e+00,1.58481401093532259239e+00,1.48897049734759690582e-10,1.48897049708672482014e-10,8.30099766702119268302e-10,True,8.30099766702119268302e-10,True,series tail and order change; rounding and minimizer search are not enclosed
1099511627776,40,joint_window,0.6,1.0089868084557672,64,1.49837801775804208508e-06,8.55555112701621767923e-11,8.55555111572541299044e-11,2.46734555259732174504e-01,7.06904375626774552416e-16,1.41830507520115955282e-07,1.31145128849234496662e-03,1.31145128676161634197e-03,1.96897151218546978546e-01,1.96897150959184447094e-01,1.81741700336487221089e-11,1.81741700096657414653e-11,1.04214248342060500363e-10,True,1.04214248342060500363e-10,True,series tail and order change; rounding and minimizer search are not enclosed
1099511627776,40,joint_window,0.65,1.0097357091604144,64,1.58978072203147485500e-06,5.05963061205486042531e-10,5.05963057541114289422e-10,2.46918046022911757964e-01,7.03432403524231888937e-16,1.32227636432534980003e-07,2.21923961222039500601e-04,2.21923959614784047740e-04,3.33655820506302061568e-02,3.33655818089209285637e-02,3.06442064605021697147e-12,3.06442062386361614398e-12,1.76290787523569747464e-11,True,1.76290718134630708391e-11,True,series tail and order change; rounding and minimizer search are not enclosed
1099511627776,40,joint_window,0.7,1.0104846098650617,64,1.69709165707419260885e-06,2.32125169738825967199e-09,2.32125162539286128788e-09,2.47101543353506869494e-01,6.99975772714422016864e-16,1.22141454705969550061e-07,4.84086862785715633657e-05,4.84086847771386877682e-05,7.26776542396248472627e-03,7.26776519799334635996e-03,6.66574996081899706111e-13,6.66574975435813414441e-13,3.83053744973382848116e-12,True,3.83053918445730445796e-12,True,series tail and order change; rounding and minimizer search are not enclosed
1099511627776,40,joint_window,0.75,1.011233510569709,64,1.82524427005357079288e-06,8.69184031465344306682e-09,8.69183936756378427785e-09,2.47285047264056256910e-01,6.96534424517907765886e-16,1.11479252395090871249e-07,1.29376254623069705118e-05,1.29376240525777679713e-05,1.93108844806172863691e-03,1.93108823581877083603e-03,1.78064343716783335570e-13,1.78064324406328701152e-13,1.01695258117318054758e-12,True,1.01695149697100806208e-12,True,series tail and order change; rounding and minimizer search are not enclosed
1099511627776,40,joint_window,0.8,1.0119824112743563,64,1.98146665466826786775e-06,2.75948117037651916146e-08,2.75948027077053444795e-08,2.47468557767097058209e-01,6.93108300428859247509e-16,1.00118242753498964756e-07,4.07796907679240082129e-06,4.07796774729402097831e-06,5.99057158298924594467e-04,5.99056958080066825206e-04,5.64224840871714542050e-14,5.64224659458577989599e-14,3.16548762029078556424e-13,True,3.16548653608861307873e-13,True,series tail and order change; rounding and minimizer search are not enclosed
1099511627776,40,joint_window,0.85,1.0127313119790036,64,2.17675613955911447235e-06,7.64746752750551168845e-08,7.64746099092768583061e-08,2.47652074875165328915e-01,6.89697342114854273248e-16,8.78909295792161739649e-08,1.47210952080335619348e-06,1.47210826208758761384e-06,2.08513472234252204927e-04,2.08513282626447595935e-04,2.07204961804413689056e-14,2.07204790711568704049e-14,1.11473628721867057401e-13,True,1.11473493196595496713e-13,True,series tail and order change; rounding and minimizer search are not enclosed
1099511627776,40,joint_window,0.9,1.0134802126836508,64,2.42859195309080347483e-06,1.89243050624981822789e-07,1.89242670640358115741e-07,2.47835598600794571045e-01,6.86301491416675222942e-16,7.45606596910607327086e-08,5.94171061167982849608e-07,5.94169865361570008803e-07,7.82917130662194875497e-05,7.82915328895737082588e-05,8.69243383952070470148e-15,8.69241764800701764558e-15,4.29368590378412240405e-14,True,4.29367506176239754900e-14,True,series tail and order change; rounding and minimizer search are not enclosed
1099511627776,40,joint_window,0.95,1.0142291133882981,64,2.76616797269781808990e-06,4.25697248353033779958e-07,4.25695417434369353068e-07,2.48019128956517315165e-01,6.82920690348105321429e-16,5.97788419959192117140e-08,2.61683403015044530181e-07,2.61682263488160229587e-07,3.04293182965631037586e-05,3.04291465569275871249e-05,4.12378698006141563428e-15,4.12377161010284700967e-15,1.74689059604434676620e-14,True,1.74688348096758983008e-14,True,series tail and order change; rounding and minimizer search are not enclosed
1099511627776,40,joint_window,1.0,1.0149780140929454,64,3.24090728397322096961e-06,8.83026137630484212352e-07,8.83018615380175631089e-07,2.48202665954863982423e-01,6.79554881095721365338e-16,4.30064862521374860700e-08,1.20702070449045921199e-07,1.20700981566909225977e-07,1.17125217761134679968e-05,1.17123576283774572681e-05,2.18558985134507184891e-15,2.18557522116188599236e-15,7.22244495926418345055e-15,True,7.22236872629893056352e-15,True,series tail and order change; rounding and minimizer search are not enclosed
1099511627776,40,joint_window,1.05,1.0157269147975927,64,3.94786931765079183526e-06,1.70870790692156372694e-06,1.70868094545559113471e-06,2.48386209608363800472e-01,6.76204006018685365208e-16,2.33648073265860324517e-08,5.16428228175971733731e-08,5.16417797520902674431e-08,4.26393828863101575686e-06,4.26378100861381627382e-06,1.26793835983086620004e-15,1.26792439933168285740e-15,2.90212376564047067062e-15,True,2.90203652124690347769e-15,True,series tail and order change; rounding and minimizer search are not enclosed
1099511627776,40,joint_window,1.1,1.01647581550224,64,5.06642374922509303799e-06,3.11385866250871202885e-06,3.11377276418367404868e-06,2.48569759929543943056e-01,6.72868007648533327975e-16,-6.49692394018329837698e-10,8.69992188056607813630e-09,8.69892046876181547699e-09,1.41014424867463808234e-06,1.40999321195430362448e-06,7.81694619320066037818e-16,7.81681267978955598686e-16,1.07931881578634657898e-15,True,1.07923114787630575889e-15,True,series tail and order change; rounding and minimizer search are not enclosed
1099511627776,40,joint_window,1.15,1.0172247162068873,64,6.91773543680488550608e-06,5.38599949338265003373e-06,5.38575244518849059625e-06,2.48753316930929918582e-01,6.69546828688962264534e-16,-3.16600624799493226199e-08,-2.88939349933104212915e-08,-2.88948983429538686015e-08,4.17301429233370342094e-07,4.17156097109913683058e-07,4.96358891708596641076e-16,4.96346096904082522714e-16,4.96358891708596641076e-16,True,4.96346096904082522714e-16,True,series tail and order change; rounding and minimizer search are not enclosed
1099511627776,40,joint_window,1.2,1.0179736169115345,64,9.98735879816642092279e-06,8.90026673276500814263e-06,8.89961701829897467418e-06,2.48936880625045930948e-01,6.66240412015615718174e-16,-7.40481782474620647632e-08,-7.32921510311185186949e-08,-7.32930793526316631061e-08,1.14083522246877206346e-07,1.13943439739810084799e-07,3.18474040988879682408e-16,3.18461756689012415070e-16,3.18474040988879682408e-16,True,3.18461756689012415070e-16,True,series tail and order change; rounding and minimizer search are not enclosed
1099511627776,40,joint_window,1.21,1.018123397052464,64,1.07978758185441972177e-05,9.79190105031717699681e-06,9.79112036780973726965e-06,2.48973594168098749657e-01,6.65580895140442579883e-16,-8.44288606274251133941e-08,-8.38478029985562563637e-08,-8.38487246208269521508e-08,8.76851923311858612919e-08,8.75461138267882194266e-08,2.91712883168647313594e-16,2.91700695949264390951e-16,2.91712883168647313594e-16,True,2.91700695949264390951e-16,True,series tail and order change; rounding and minimizer search are not enclosed
1099511627776,40,joint_window,1.22,1.0182731771933933,64,1.16849865805302197103e-05,1.07560117831579658062e-05,1.07550766018793056287e-05,2.49010307979461747996e-01,6.64921966023267182339e-16,-9.55827943877143333386e-08,-9.51361876308822382027e-08,-9.51371026400425129149e-08,6.73990694217026508765e-08,6.72609820217026749845e-08,2.67321324566577613411e-16,2.67309232850503264679e-16,2.67321324566577613411e-16,True,2.67309232850503264679e-16,True,series tail and order change; rounding and minimizer search are not enclosed
1099511627776,40,joint_window,1.23,1.0184229573343229,64,1.26534439302861816834e-05,1.17970212237324974637e-05,1.17959043109459517536e-05,2.49047022059235262370e-01,6.64263624209565424109e-16,-1.07576241954418868433e-07,-1.07232781847211477077e-07,-1.07233690320580403964e-07,5.18354020150480131643e-08,5.16982941492849894484e-08,2.45098896142757101701e-16,2.45086898391416640252e-16,2.45098896142757101701e-16,True,2.45086898391416640252e-16,True,series tail and order change; rounding and minimizer search are not enclosed
1099511627776,40,joint_window,1.24,1.0185727374752522,64,1.37080199784355927581e-05,1.29195186941236981286e-05,1.29181886182209284744e-05,2.49083736407519434897e-01,6.63605869245090685582e-16,-1.20478679557522383111e-07,-1.20214273667765548969e-07,-1.20215175672400608882e-07,3.99064277629263745906e-08,3.97702894082564745382e-08,2.24860258729400694268e-16,2.24848353441574659742e-16,2.24860258729400694268e-16,True,2.24848353441574659742e-16,True,series tail and order change; rounding and minimizer search are not enclosed
1099511627776,40,joint_window,1.25,1.0187225176161818,64,1.48535267927557456177e-05,1.41282614116089046656e-05,1.41266819907237869942e-05,2.49120451024414268915e-01,6.62948700675866334794e-16,-1.34362737260274135717e-07,-1.34158899398635524040e-07,-1.34159794989551083388e-07,3.07665033736003163507e-08,3.06313263231005749426e-08,2.06433511577870824148e-16,2.06421697288510532454e-16,2.06433511577870824148e-16,True,2.06421697288510532454e-16,True,series tail and order change; rounding and minimizer search are not enclosed
1099511627776,40,joint_window,1.26,1.0188722977571112,64,1.60948400906963169806e-05,1.54281751401709295237e-05,1.54263048317644220985e-05,2.49157165910019989807e-01,6.62292118048194109072e-16,-1.49304162257351112105e-07,-1.49146739233035080670e-07,-1.49147628451001376302e-07,2.37620057063210245188e-08,2.36277839018798345974e-08,1.89659146314059464847e-16,1.89647421593139536024e-16,1.89659146314059464847e-16,True,1.89647421593139536024e-16,True,series tail and order change; rounding and minimizer search are not enclosed
1099511627776,40,joint_window,1.27,1.0190220778980406,64,1.74369231938962451756e-05,1.68243546280707920127e-05,1.68221458547596114700e-05,2.49193881064436711936e-01,6.61636120908646620856e-16,-1.65381805919938871879e-07,-1.65259977570006912371e-07,-1.65260860438871309884e-07,1.83901284955575313923e-08,1.82568584326608332358e-08,1.74389380415545865778e-16,1.74377743866967312904e-16,1.74389380415545865778e-16,True,1.74377743866967312904e-16,True,series tail and order change; rounding and minimizer search are not enclosed
1099511627776,40,joint_window,1.28,1.0191718580389701,64,1.88848492633152822777e-05,1.83220638320691487754e-05,1.83194622387465487154e-05,2.49230596487765021507e-01,6.60980708804070611751e-16,-1.82677632850496178611e-07,-1.82583133257635520390e-07,-1.82584009781044496622e-07,1.42655294999875367677e-08,1.41332107230712129884e-08,1.60487675115121376080e-16,1.60476125375656380552e-16,1.60487675115121376080e-16,True,1.60476125375656380552e-16,True,series tail and order change; rounding and minimizer search are not enclosed
1099511627776,40,joint_window,1.29,1.0193216381798995,64,2.04438206133382210580e-05,1.99267359294985563288e-05,1.99236795665769125764e-05,2.49267312180104394503e-01,6.60325881281589516324e-16,-2.01276748840980918758e-07,-2.01203264074172832150e-07,-2.01204134231623531096e-07,1.10937106947130275090e-08,1.09623463938497553778e-08,1.47828309975040477076e-16,1.47816845713319441904e-16,1.47828309975040477076e-16,True,1.47816845713319441904e-16,True,series tail and order change; rounding and minimizer search are not enclosed
1099511627776,40,joint_window,1.3,1.019471418320829,64,2.21191845652803151104e-05,2.16439731199202998178e-05,2.16403915473059977280e-05,2.49304028141555583664e-01,6.59671637888596954003e-16,-2.21267443999352828368e-07,-2.21210149026653974264e-07,-2.21211012768725411585e-07,8.65002951272361360611e-09,8.51962724430911549423e-09,1.36295941829572490259e-16,1.36284561745104718555e-16,1.36295941829572490259e-16,True,1.36284561745104718555e-16,True,series tail and order change; rounding and minimizer search are not enclosed
1099511627776,40,joint_window,1.31,1.0196211984617585,64,2.39164457856467992341e-05,2.34795462185201281910e-05,2.34753595247239851872e-05,2.49340744372218148239e-01,6.59017978172763927431e-16,-2.42741247235299862137e-07,-2.42696451442826031947e-07,-2.42697308685453575758e-07,6.76331870604718717272e-09,6.63389125811241598682e-09,1.25785116293780484103e-16,1.25773819116020734767e-16,1.25785116293780484103e-16,True,1.25773819116020734767e-16,True,series tail and order change; rounding and minimizer search are not enclosed
1099511627776,40,joint_window,1.32,1.0197709786026878,64,2.58412753620048573277e-05,2.54393940439977535675e-05,2.54345117745714625315e-05,2.49377460872192674435e-01,6.58364901682032511579e-16,-2.65792988581879910024e-07,-2.65757865336809102062e-07,-2.65758715954486186503e-07,5.30320993494572759587e-09,5.17477635465930724724e-09,1.16199726329408015510e-16,1.16188510816856807361e-16,1.16199726329408015510e-16,True,1.16188510816856807361e-16,True,series tail and order change; rounding and minimizer search are not enclosed
1099511627776,40,joint_window,1.33,1.0199207587436174,64,2.78995170299154208148e-05,2.75296226040202975224e-05,2.75239425933061327919e-05,2.49414177641579248856e-01,6.57712407964618318938e-16,-2.90520866303107883007e-07,-2.90493247118089285564e-07,-2.90494090935693119340e-07,4.17038933813376769555e-09,4.04297616733071352736e-09,1.07452427173665088082e-16,1.07441292112994580352e-16,1.07452427173665088082e-16,True,1.07441292112994580352e-16,True,series tail and order change; rounding and minimizer search are not enclosed
1099511627776,40,joint_window,1.34,1.0200705388845468,64,3.00971910198808212454e-05,2.97565040818049103392e-05,2.97499111818020302756e-05,2.49450894680477958110e-01,6.57060496569013359139e-16,-3.17026516279295285643e-07,-3.17004734375382674934e-07,-3.17005571158541782638e-07,3.28914588884023327891e-09,3.16278862004568399469e-09,9.94640235390242990160e-17,9.94529677442456116809e-17,9.94640235390242990160e-17,True,9.94529677442456116809e-17,True,series tail and order change; rounding and minimizer search are not enclosed
1099511627776,40,joint_window,1.35,1.0202203190254764,64,3.24404959819620179024e-05,3.21264756278033137703e-05,3.21188403277598369672e-05,2.49487611988988722267e-01,6.56409167043979333634e-16,-3.45415081690695310900e-07,-3.45397853187421977419e-07,-3.45398682631117677163e-07,2.60169513964100039085e-09,2.47643993915039402760e-09,9.21628463486100985655e-17,9.21518686602722241001e-17,9.21628463486100985655e-17,True,9.21518686602722241001e-17,True,series tail and order change; rounding and minimizer search are not enclosed
1099511627776,40,joint_window,1.36,1.0203700991664058,64,3.49358093980096855538e-05,3.46461379607047837651e-05,3.46373148908650586365e-05,2.49524329567212072023e-01,6.55758418938555129875e-16,-3.75795281490909801041e-07,-3.75781615178719481044e-07,-3.75782436893795190706e-07,2.06386720651997300271e-09,1.93977295386353349961e-09,8.54841346829122494233e-17,8.54732339673253576085e-17,8.54841346829122494233e-17,True,8.54732339673253576085e-17,True,series tail and order change; rounding and minimizer search are not enclosed
1099511627776,40,joint_window,1.37,1.0205198793073351,64,3.75896868287944223904e-05,3.73222537824835392845e-05,3.73120800952629394281e-05,2.49561047415247871939e-01,6.55108251802050214606e-16,-4.08279476561466435412e-07,-4.08268605347933511243e-07,-4.08269418845317489275e-07,1.64183684176261990889e-09,1.51897751500693451858e-09,7.93694356731024690078e-17,7.93586108215926922202e-17,7.93694356731024690078e-17,True,7.93586108215926922202e-17,True,series tail and order change; rounding and minimizer search are not enclosed
1099511627776,40,joint_window,1.38,1.0206696594482647,64,4.04088602782348487938e-05,4.01617460123409222958e-05,4.01500396340376494741e-05,2.49597765533196319643e-01,6.54458665184047296267e-16,-4.42983732758488886179e-07,-4.42975061534277774833e-07,-4.42975866206467827071e-07,1.30964607044533955525e-09,1.18811354562195329538e-09,7.37660317836716384745e-17,7.37552817118632329150e-17,7.37660317836716384745e-17,True,7.37552817118632329150e-17,True,series tail and order change; rounding and minimizer search are not enclosed
1099511627776,40,joint_window,1.39,1.020819439589194,64,4.34002358972769772803e-05,4.31716958447848727005e-05,4.31582535907963475447e-05,2.49634483921157640518e-01,6.53809658634404987397e-16,-4.80027880313740980733e-07,-4.80020946255301682792e-07,-4.80021741354748881635e-07,1.04732768577615087634e-09,9.27235005381427844154e-10,6.86264018352527255004e-17,6.86157254823762894838e-17,6.86264018352527255004e-17,True,6.86157254823762894838e-17,True,series tail and order change; rounding and minimizer search are not enclosed
1099511627776,40,joint_window,1.4,1.0209692197301234,64,4.65708911985752399662e-05,4.63593406373473911389e-05,4.63439361837250651810e-05,2.49671202579231588103e-01,6.53161231703252677045e-16,-5.19535569243384355120e-07,-5.19530011538882765621e-07,-5.19530796152793066889e-07,8.39483370360803154371e-10,7.20968553738481858684e-10,6.39077194885590453159e-17,6.38971158167835143215e-17,6.39077194885590453159e-17,True,6.38971158167835143215e-17,True,series tail and order change; rounding and minimizer search are not enclosed
1099511627776,40,joint_window,1.41,1.021118999871053,64,4.99280719108301622986e-05,4.97320716335489842520e-05,4.97144533376145099455e-05,2.49707921507518859627e-01,6.52513383940992108484e-16,-5.61634320557181483332e-07,-5.61629857278446032039e-07,-5.61630630299513592578e-07,6.74205381448821201673e-10,5.57435850659697022450e-10,5.95713908208298467666e-17,5.95608588146208660258e-17,5.95713908208298467666e-17,True,5.95608588146208660258e-17,True,series tail and order change; rounding and minimizer search are not enclosed
1099511627776,40,joint_window,1.42,1.0212687800119824,64,5.34791885682420290457e-05,5.32974315270281354183e-05,5.32773200896620427913e-05,2.49744640706118903317e-01,6.51866114898301422128e-16,-6.06455573163813340288e-07,-6.06451983564591532512e-07,-6.06452743657151273620e-07,5.42257699857197232594e-10,4.27435398632592130285e-10,5.55826310561334536941e-17,5.55721697216338881862e-17,5.55826310561334536941e-17,True,5.55721697216338881862e-17,True,series tail and order change; rounding and minimizer search are not enclosed
1099511627776,40,joint_window,1.43,1.021418560152912,64,5.72318129046620087874e-05,5.70631118729416345796e-05,5.70401978350666704915e-05,2.49781360175132582935e-01,6.51219424126127365529e-16,-6.54134726441504263167e-07,-6.54131837382657710151e-07,-6.54132582943528678493e-07,4.36453232321872035823e-10,3.23820548354900451598e-10,5.19100793935662419210e-17,5.18996877579968146488e-17,5.19100793935662419210e-17,True,5.18996877579968146488e-17,True,series tail and order change; rounding and minimizer search are not enclosed
1099511627776,40,joint_window,1.44,1.0215683402938414,64,6.11936741022471618941e-05,6.10369503527092237792e-05,6.10108914184299164045e-05,2.49818079914659457730e-01,6.50573311175693970847e-16,-7.04811178489956157551e-07,-7.04808854009743150117e-07,-7.04809583123110460759e-07,3.51179164903649613179e-10,2.41025754253471208708e-10,4.85254501296764647704e-17,4.85151272407605230860e-17,4.85254501296764647704e-17,True,4.85151272407605230860e-17,True,series tail and order change; rounding and minimizer search are not enclosed
1099511627776,40,joint_window,1.45,1.0217181204347707,64,6.53726549301584017836e-05,6.52269278985935480704e-05,6.51973460773817376163e-05,2.49854799924799669819e-01,6.49927775598494666242e-16,-7.58628360117124530626e-07,-7.58626493403574030583e-07,-7.58627203789197037428e-07,2.82034431321934390118e-10,1.74705052826774076089e-10,4.54032178110940668197e-17,4.53929627365019100354e-17,4.54032178110940668197e-17,True,4.53929627365019100354e-17,True,series tail and order change; rounding and minimizer search are not enclosed
1099511627776,40,joint_window,1.46,1.0218679005757003,64,6.97767877979173862992e-05,6.96411656844024562485e-05,6.96076442446816903665e-05,2.49891520205653805409e-01,6.49282816946295628532e-16,-8.15733764632431811322e-07,-8.15732271835321385406e-07,-8.15732960788993194238e-07,2.25552061500293549101e-10,1.21455583908537214763e-10,4.25203339093966369384e-17,4.25101457362080370420e-17,4.25203339093966369384e-17,True,4.25101457362080370420e-17,True,series tail and order change; rounding and minimizer search are not enclosed
1099511627776,40,joint_window,1.47,1.0220176807166297,64,7.44142507406331813391e-05,7.42879219888731626414e-05,7.42500022153419529875e-05,2.49928240757321423748e-01,6.48638434771138741420e-16,-8.76278973533240528536e-07,-8.76277788988460217294e-07,-8.76278453314066326039e-07,1.78986000473886278414e-10,7.86056811933787700136e-11,3.98559724217625749600e-17,3.98458502559500912112e-17,3.98559724217625749600e-17,True,3.98458502559500912112e-17,True,series tail and order change; rounding and minimizer search are not enclosed
1099511627776,40,joint_window,1.48,1.0221674608575593,64,7.92933633479295040631e-05,7.91755889383865434691e-05,7.91327666853989923363e-05,2.49964961579902833488e-01,6.47994628625334298533e-16,-9.40419678179835202381e-07,-9.40418750722080306042e-07,-9.40419386654034103728e-07,1.40146831564247594937e-10,4.40520521043149532225e-11,3.73913018213911780002e-17,3.73812447873201177241e-17,3.73913018213911780002e-17,True,3.73812447873201177241e-17,True,series tail and order change; rounding and minimizer search are not enclosed
1099511627776,40,joint_window,1.49,1.0223172409984886,64,8.44225826445151126404e-05,8.43126891354388741063e-05,8.42644111687855068386e-05,2.50001682673498093479e-01,6.47351398061469483675e-16,-1.00831569755378656775e-06,-1.00831498767087592103e-06,-1.00831559078566134304e-06,1.07274731453958651424e-10,1.61343818671440852132e-11,3.51092808744343905482e-17,3.50992881143807103516e-17,3.51092808744343905482e-17,True,3.50992881143807103516e-17,True,series tail and order change; rounding and minimizer search are not enclosed
1099511627776,40,joint_window,1.5,1.022467021139418,64,8.98104989282090456501e-05,8.97078721797144642549e-05,8.96535322991723272919e-05,2.50038404038207373592e-01,6.46708742632400087789e-16,-1.08013099220134038984e-06,-1.08013046984180032699e-06,-1.08013103495758489828e-06,7.89408530083479282858e-11,-6.46147749599045303675e-12,3.29944759778042064054e-17,3.29845466514913398922e-17,3.29944759778042064054e-17,True,3.29845466514913398922e-17,True,series tail and order change; rounding and minimizer search are not enclosed
1099511627776,40,joint_window,1.51,1.0226168012803476,64,9.54658315692632862678e-05,9.53699110882163603523e-05,9.53088460232859899061e-05,2.50075125674130538389e-01,6.46066661891255044907e-16,-1.15603367445718645268e-06,-1.15603331734771980763e-06,-1.15603383841052866120e-06,5.39703479817072652713e-11,-2.47784496302932417173e-11,3.10328978357353536438e-17,3.10230311198842032457e-17,3.10328978357353536438e-17,True,3.10230311198842032457e-17,True,series tail and order change; rounding and minimizer search are not enclosed
1099511627776,40,joint_window,1.52,1.022766581421277,64,1.01397424774107779394e-04,1.01307698621131415354e-04,1.01239183692445109232e-04,2.50111847581368285098e-01,6.45425155391438108477e-16,-1.23619601504572343615e-06,-1.23619580740883723579e-06,-1.23619627736381765726e-06,3.13819506668009162694e-11,-3.96463925196716620650e-11,2.92118554676650786778e-17,2.92020505555538312700e-17,2.92118554676650786778e-17,True,2.92020505555538312700e-17,True,series tail and order change; rounding and minimizer search are not enclosed
1099511627776,40,joint_window,1.53,1.0229163615622066,64,1.07614243316034899041e-04,1.07530243520112138217e-04,1.07453488059085160264e-04,2.50148569760020256236e-01,6.44784222686621146049e-16,-1.32079444615537177439e-06,-1.32079437774345813492e-06,-1.32079478838941520634e-06,1.03401952957217455538e-11,-5.17273477333555242445e-11,2.75198257167750443891e-17,2.75100818178259283535e-17,2.75198257167750443891e-17,True,2.75100818178259283535e-17,True,series tail and order change; rounding and minimizer search are not enclosed
1099511627776,40,joint_window,1.54,1.023066141703136,64,1.14125368234926677542e-04,1.14046666665311143083e-04,1.13960809184709038798e-04,2.50185292210186316364e-01,6.44143863330752422311e-16,-1.41000956107513722904e-06,-1.41000962645652453136e-06,-1.41000996828232010559e-06,-9.88263397518370047601e-12,-6.15508435424996309935e-11,2.59463366009190251746e-17,2.59366529402908822314e-17,2.59463366009190251746e-17,True,2.59366529402908822314e-17,True,series tail and order change; rounding and minimizer search are not enclosed
1099511627776,40,joint_window,1.55,1.0232159218440653,64,1.20939992508371430197e-04,1.20866197157903655082e-04,1.20770300266128595315e-04,2.50222014931966885154e-01,6.43504076878049104914e-16,-1.50402611048667842288e-06,-1.50402630853507373329e-06,-1.50402657053523921985e-06,-2.99372211621216878623e-11,-6.95414647935599259346e-11,2.44818630113860241200e-17,2.44722388295867136150e-17,2.44818630113860241200e-17,True,2.44722388295867136150e-17,True,series tail and order change; rounding and minimizer search are not enclosed
1099511627776,40,joint_window,1.56,1.0233657019849949,64,1.28067416696278711229e-04,1.27998168334297500112e-04,1.27891213386333030136e-04,2.50258737925462215745e-01,6.42864862883000124089e-16,-1.60303299549631396610e-06,-1.60303332904597253534e-06,-1.60303349851421243224e-06,-5.04222520684863088459e-11,-7.60405373527343149023e-11,2.31177334181677756181e-17,2.31081679706793823930e-17,2.31177334181677756181e-17,True,2.31081679706793823930e-17,True,series tail and order change; rounding and minimizer search are not enclosed
1099511627776,40,joint_window,1.57,1.0235154821259242,64,1.35517044561291055433e-04,1.35452013718446155231e-04,1.35332895196553385040e-04,2.50295461190771839632e-01,6.42226220900369328093e-16,-1.70722325749445073785e-06,-1.70722373313278845430e-06,-1.70722379543049301983e-06,-7.19051794796192775161e-11,-8.13231074991794083382e-11,2.18460463814596917296e-17,2.18365389383711049104e-17,2.18460463814596917296e-17,True,2.18365389383711049104e-17,True,series tail and order change; rounding and minimizer search are not enclosed
1099511627776,40,joint_window,1.58,1.0236652622668538,64,1.43298378667811011043e-04,1.43237262918609109313e-04,1.43104782536056370987e-04,2.50332184727996287510e-01,6.41588150485188777891e-16,-1.81679406492733482373e-06,-1.81679469290360281510e-06,-1.81679463120103037456e-06,-9.49397621227217585670e-11,-8.56113402563884826276e-11,2.06595957979466553399e-17,2.06501456436015206696e-17,2.06595957979466553399e-17,True,2.06501456436015206696e-17,True,series tail and order change; rounding and minimizer search are not enclosed
1099511627776,40,joint_window,1.59,1.0238150424077832,64,1.51421015961925817814e-04,1.51363537474422668941e-04,1.51216397995726026596e-04,2.50368908537235534961e-01,6.40950651192765846906e-16,-1.93194669706040061670e-06,-1.93194749129460958915e-06,-1.93194728628220754201e-06,-1.20081218162632916464e-10,-8.90851483658665376360e-11,1.95518039272988214558e-17,1.95424103599559828964e-17,1.95518039272988214558e-17,True,1.95424103599559828964e-17,True,series tail and order change; rounding and minimizer search are not enclosed
1099511627776,40,joint_window,1.6,1.0239648225487126,64,1.59894643335549570913e-04,1.59840546660640678680e-04,1.59677345431990109744e-04,2.50405632618589391036e-01,6.40313722578676614302e-16,-2.05288652481958494881e-06,-2.05288750299966664230e-06,-2.05288713256628364552e-06,-1.47899566927818788267e-10,-9.18905171156101357547e-11,1.85166613493316983846e-17,1.85073236808367515657e-17,1.85166613493316983846e-17,True,1.85073236808367515657e-17,True,series tail and order change; rounding and minimizer search are not enclosed
1099511627776,40,joint_window,1.61,1.0241146026896422,64,1.68729033177492196991e-04,1.68678083253146930210e-04,1.68497305436935139759e-04,2.50442356972158330919e-01,6.39677364198768823221e-16,-2.17982298878577365167e-06,-2.17982417254503424236e-06,-2.17982361142043842535e-06,-1.78991773261364519564e-10,-9.41462394018618799345e-11,1.75486730967153351431e-17,1.75393906521833234697e-17,1.75486730967153351431e-17,True,1.75393906521833234697e-17,True,series tail and order change; rounding and minimizer search are not enclosed
1099511627776,40,joint_window,1.62,1.0242643828305715,64,1.77934038914774757777e-04,1.77886019263121978673e-04,1.77686030770742839141e-04,2.50479081598042108148e-01,6.39041575609164740400e-16,-2.31296957442511872381e-06,-2.31297098959394991096e-06,-2.31297020895172288925e-06,-2.13992983036849861251e-10,-9.59491460305412662474e-11,1.66428102923188058673e-17,1.66335824098279606812e-17,1.66428102923188058673e-17,True,1.66335824098279606812e-17,True,series tail and order change; rounding and minimizer search are not enclosed
1099511627776,40,joint_window,1.63,1.024414162971501,64,1.87519590547614801914e-04,1.87474301645113402464e-04,1.87253341762444019394e-04,2.50515806496341086884e-01,6.38406356366255042497e-16,-2.45254378463407131990e-06,-2.45254546156256823483e-06,-2.45254442858025784122e-06,-2.53587255311410519269e-10,-9.73783594878109415444e-11,1.57944666953952028514e-17,1.57852927256909757616e-17,1.57944666953952028514e-17,True,1.57852927256909757616e-17,True,series tail and order change; rounding and minimizer search are not enclosed
1099511627776,40,joint_window,1.64,1.0245639431124305,64,1.97495690181240181500e-04,1.97452947984282415304e-04,1.97209121684556909666e-04,2.50552531667155131689e-01,6.37771706026701577108e-16,-2.59876710967498066821e-06,-2.59876908362487757148e-06,-2.59876776099720463312e-06,-2.98518057381556059939e-10,-9.84986728042459491674e-11,1.49994196276361593136e-17,1.49902989338455035558e-17,1.49994196276361593136e-17,True,1.49902989338455035558e-17,True,series tail and order change; rounding and minimizer search are not enclosed
1099511627776,40,joint_window,1.65,1.0247137232533599,64,2.07872407558158911163e-04,2.07832042168241580213e-04,2.07563312107296676998e-04,2.50589257110584107124e-01,6.37137624147440715423e-16,-2.75186499458135824087e-06,-2.75186730618662471026e-06,-2.75186565158800676228e-06,-3.49598663573341911502e-10,-9.93632648328932805179e-11,1.42537948093910474802e-17,1.42447267667461779329e-17,1.42537948093910474802e-17,True,1.42447267667461779329e-17,True,series tail and order change; rounding and minimizer search are not enclosed
1099511627776,40,joint_window,1.66,1.0248635033942894,64,2.18659875594456702685e-04,2.18621730048872110145e-04,2.18325908238069910745e-04,2.50625982826728321839e-01,6.36504110285675956655e-16,-2.91206680411197765270e-06,-2.91206949990911203013e-06,-2.91206746540087238972e-06,-4.07722713952407767473e-10,-1.00015872644735190418e-10,1.35540346889507694959e-17,1.35450186845224167610e-17,1.35540346889507694959e-17,True,1.35450186845224167610e-17,True,series tail and order change; rounding and minimizer search are not enclosed
1099511627776,40,joint_window,1.67,1.0250132835352188,64,2.29868285923392291553e-04,2.29832215098742112871e-04,2.29506954251189874451e-04,2.50662708815687973463e-01,6.35871163998885915261e-16,-3.07960578532621127661e-06,-3.07960891835582040795e-06,-3.07960644973342392763e-06,-4.73875016542727043592e-10,-1.00492500283846938926e-10,1.28968698944391545147e-17,1.28879053268790480541e-17,1.28968698944391545147e-17,True,1.28879053268790480541e-17,True,series tail and order change; rounding and minimizer search are not enclosed
1099511627776,40,joint_window,1.68,1.0251630636761482,64,2.41507884450214581253e-04,2.41473754067480112515e-04,2.41116538613487103827e-04,2.50699435077562926555e-01,6.35238784844817221186e-16,-3.25471902786228804499e-06,-3.25472265834514493284e-06,-3.25471969442094744137e-06,-5.49142835546840771205e-10,-1.00822928163160552758e-10,1.22792934790815349388e-17,1.22703797583735436516e-17,1.22792934790815349388e-17,True,1.22703797583735436516e-17,True,series tail and order change; rounding and minimizer search are not enclosed
1099511627776,40,joint_window,1.69,1.0253128438170778,64,2.53588966921386720250e-04,2.53556652642411735343e-04,2.53164789410488533239e-04,2.50736161612452990166e-01,6.34606972381487379494e-16,-3.43764742199125628410e-06,-3.43765161808184770273e-06,-3.43764808989717918133e-06,-6.34727638576644027601e-10,-1.01031743713217642527e-10,1.16985376672277474860e-17,1.16896742144476499925e-17,1.16985376672277474860e-17,True,1.16896742144476499925e-17,True,series tail and order change; rounding and minimizer search are not enclosed
1099511627776,40,joint_window,1.7,1.0254626239580071,64,2.66121874511739901336e-04,2.66091261118175514012e-04,2.65661869678213548394e-04,2.50772888420458639480e-01,6.33975726167188024408e-16,-3.62863561452329451071e-06,-3.62864045314508019534e-06,-3.62863628310732488046e-06,-7.31957486033205544797e-10,-1.01139354912208434590e-10,1.11520528408317146388e-17,1.11432390879150892848e-17,1.11520528408317146388e-17,True,1.11432390879150892848e-17,True,series tail and order change; rounding and minimizer search are not enclosed
1099511627776,40,joint_window,1.75,1.0262115246626544,64,3.35928359266654660755e-04,3.35904792518867685146e-04,3.35237280412139853833e-04,2.50956526560718984342e-01,6.30827973390217706035e-16,-4.71329316780269048925e-06,-4.71330274968977276911e-06,-4.71329383306785603628e-06,-1.44985119576139221004e-09,-1.00662373441813409345e-10,8.85747827168720172994e-18,8.84890486195098385062e-18,8.85747827168720172994e-18,True,8.84890486195098385062e-18,True,series tail and order change; rounding and minimizer search are not enclosed
1099511627776,40,joint_window,1.8,1.0269604253673017,64,4.18600166029888171894e-04,4.18581773066413953197e-04,4.17569885594055837958e-04,2.51140171543869750170e-01,6.27694310738043632163e-16,-6.03821651995035778423e-06,-6.03823473202954138410e-06,-6.03821717597688076545e-06,-2.75638733755205820908e-09,-9.92892235294052704072e-11,7.13396581165273389362e-18,7.12562005223819610925e-18,7.13396581165273389362e-18,True,7.12562005223819610925e-18,True,series tail and order change; rounding and minimizer search are not enclosed
1099511627776,40,joint_window,1.85,1.027709326071949,64,5.15455283197285450345e-04,5.15440745427760247006e-04,5.13941879802844257125e-04,2.51323823382413547023e-01,6.24574683301154863840e-16,-7.63790197040890633459e-06,-7.63793537206605178957e-06,-7.63790261496509210321e-06,-5.05658391016212550959e-09,-9.75775669990943778706e-11,5.82109730606558172494e-18,5.81296764381892825519e-18,5.82109730606558172494e-18,True,5.81296764381892825519e-18,True,series tail and order change; rounding and minimizer search are not enclosed
1099511627776,40,joint_window,1.9,1.0284582267765963,64,6.27808741775130675807e-04,6.27797116183149181250e-04,6.25623682018218224207e-04,2.51507482088851708202e-01,6.21469036338774062654e-16,-9.54877232087306430583e-06,-9.54883162708795125637e-06,-9.54877295329481870240e-06,-8.98044956805591699708e-09,-9.57645279069218672394e-11,4.80799778915650318244e-18,4.80007371516064345144e-18,4.80799778915650318244e-18,True,4.80007371516064345144e-18,True,series tail and order change; rounding and minimizer search are not enclosed
1099511627776,40,joint_window,1.95,1.0292071274812435,64,7.56960825955483251025e-04,7.56951428230314121021e-04,7.53861150949711698865e-04,2.51691147675683790652e-01,6.18377315278614817391e-16,-1.18089671933828307656e-05,-1.18090694025129605170e-05,-1.18089678136848447295e-05,-1.54809081665657156338e-08,-9.39528445261584558875e-11,4.01680601207953221505e-18,4.00907798175362459802e-18,4.01680601207953221505e-18,True,4.00907798175362459802e-18,True,series tail and order change; rounding and minimizer search are not enclosed
1099511627776,40,joint_window,2.0,1.0299560281858908,64,9.04186277281891965553e-04,9.04178604072110206173e-04,8.99863833347396935118e-04,2.51874820155407741495e-01,6.15299465716636406908e-16,-1.44581198181986599364e-05,-1.44582911832485635269e-05,-1.44581204266885758342e-05,-2.59619969701947636445e-08,-9.21869036757142484564e-11,3.39202942428273829391e-18,3.38448879042365606717e-18,3.39202942428273829391e-18,True,3.38448879042365606717e-18,True,series tail and order change; rounding and minimizer search are not enclosed
1099511627776,40,joint_window,2.05,1.030704928890538,64,1.07072458773139122731e-03,1.07071826408977350403e-03,1.06479437997425083196e-03,2.52058499540520342119e-01,6.12235433416797872739e-16,-1.75371251206684426651e-05,-1.75374051984130221744e-05,-1.75371257177750353509e-05,-4.24427779801709391714e-08,-9.04850993111764773320e-11,2.89356909794870309038e-18,2.88620805432809600557e-18,2.89356909794870309038e-18,True,2.88620805432809600557e-18,True,series tail and order change; rounding and minimizer search are not enclosed
1099511627776,40,joint_window,2.1,1.0314538295951854,64,1.25777143522977255356e-03,1.25776617854946319748e-03,1.24975921551380214289e-03,2.52242185843515709376e-01,6.09185164310809232093e-16,-2.10879034871732696805e-05,-2.10883505340731750716e-05,-2.10879040733661206677e-05,-6.77622678017013029522e-08,-8.88536682248915060224e-11,2.49207462048425768968e-18,2.48488615379708249940e-18,2.49207462048425768968e-18,True,2.48488615379708249940e-18,True,series tail and order change; rounding and minimizer search are not enclosed
1099511627776,40,joint_window,2.15,1.0322027302998327,64,1.46647127905241681477e-03,1.46646687396905471557e-03,1.45580050649361954739e-03,2.52425879076887682562e-01,6.06148604497882493628e-16,-2.51531641050093475627e-05,-2.51538621210407431061e-05,-2.51531646807632831928e-05,-1.05830341734774805402e-07,-8.72934616940308527373e-11,2.16580327367056072341e-18,2.15878112177530281958e-18,2.16580327367056072341e-18,True,2.15878112177530281958e-18,True,series tail and order change; rounding and minimizer search are not enclosed
1099511627776,40,joint_window,2.2,1.03295163100448,64,1.69791110271077681435e-03,1.69790738340407153066e-03,1.68388943544242977203e-03,2.52609579253127713994e-01,6.03125700244479517783e-16,-2.97761712704497480322e-05,-2.97772390202933679489e-05,-2.97761718362268281660e-05,-1.61928993626171483303e-07,-8.58026003019189125191e-11,1.89846587136465147004e-18,1.89160448588078814709e-18,1.89846587136465147004e-18,True,1.89160448588078814709e-18,True,series tail and order change; rounding and minimizer search are not enclosed
1099511627776,40,joint_window,2.25,1.0337005317091272,64,1.95311526816269458336e-03,1.95311210572030958046e-03,1.93492075978720745426e-03,2.52793286384725757188e-01,6.00116397984059384076e-16,-3.50005165607828469879e-05,-3.50021189248276827846e-05,-3.50005171170254532169e-05,-2.43067537918821508577e-07,-8.43781541958951528509e-11,1.67772942001655714134e-18,1.67102393146463819414e-18,1.67772942001655714134e-18,True,1.67102393146463819414e-18,True,series tail and order change; rounding and minimizer search are not enclosed
1099511627776,40,joint_window,2.3,1.0344494324137745,64,2.23304142706225432907e-03,2.23303872035207672322e-03,2.20970861006297442791e-03,2.52977000484170100325e-01,5.97120644316823884851e-16,-4.08698992836994999880e-05,-4.08722613077747458019e-05,-4.08698998308286822259e-05,-3.58394355619819631783e-07,-8.30169396075814258024e-11,1.49416317502898584318e-18,1.48760935882635264658e-18,1.49416317502898584318e-18,True,1.48760935882635264658e-18,True,series tail and order change; rounding and minimizer search are not enclosed
1099511627776,40,joint_window,2.35,1.0351983331184216,64,2.53857742165532890288e-03,2.53857509065995605099e-03,2.50898346336099085582e-03,2.53160721563948087898e-01,5.94138386009462131564e-16,-4.74279171613244858799e-05,-4.74313411829420470550e-05,-4.74279176997361947600e-05,-5.19666641830647927298e-07,-8.17151976457279757089e-11,1.34048797591962277492e-18,1.33408221769114649709e-18,1.34048797591962277492e-18,True,1.33408221769114649709e-18,True,series tail and order change; rounding and minimizer search are not enclosed
1099511627776,40,joint_window,2.4,1.0359472338230689,64,2.87053909914353200250e-03,2.87053708004155177375e-03,2.83339021402630392502e-03,2.53344449636544399862e-01,5.91169569994889441820e-16,-5.47178687835623688701e-05,-5.47227550130675779311e-05,-5.47178693136337441182e-05,-7.41778365329702612218e-07,-8.04701201415259103618e-11,1.21103560676119236986e-18,1.20477486559809175605e-18,1.21103560676119236986e-18,True,1.20477486559809175605e-18,True,series tail and order change; rounding and minimizer search are not enclosed
1099511627776,40,joint_window,2.45,1.0366961345277161,64,3.22966895817038135430e-03,3.22966719967141815614e-03,3.18348725385512228842e-03,2.53528184714443327596e-01,5.88214143371993128948e-16,-6.27825689806616273926e-05,-6.27894399076370083625e-05,-6.27825695027453599753e-05,-1.04334533794368772598e-06,-7.92780398737070488980e-11,1.10135531246193276688e-18,1.09523708097020864698e-18,1.10135531246193276688e-18,True,1.09523708097020864698e-18,True,series tail and order change; rounding and minimizer search are not enclosed
1099511627776,40,joint_window,2.5,1.0374450352323634,64,3.61663554388635781478e-03,3.61663400447493179127e-03,3.55974646787210946206e-03,2.53711926810126553455e-01,5.85272053405368529419e-16,-7.16641779203378969515e-05,-7.16737068988783712631e-05,-7.16641784347670537762e-05,-1.44734497500918976113e-06,-7.81360185869102514230e-11,1.00792456613668121950e-18,1.00194682636397253443e-18,1.00792456613668121950e-18,True,1.00194682636397253443e-18,True,series tail and order change; rounding and minimizer search are not enclosed
1099511627776,40,joint_window,2.55,1.0381939359370107,64,4.03203350820138459176e-03,4.03203215404651996168e-03,3.96255404863388605713e-03,2.53895675936075204682e-01,5.82343247525057791281e-16,-8.14040444308349693189e-05,-8.14170887721856438579e-05,-8.14040449379265168908e-05,-1.98180705028872237880e-06,-7.70416502595035628137e-11,9.27934468133312767722e-19,9.22095642750560502354e-19,9.27934468133312767722e-19,True,9.22095642750560502354e-19,True,series tail and order change; rounding and minimizer search are not enclosed
1099511627776,40,joint_window,2.6,1.038942836641658,64,4.47638425381679128795e-03,4.47638305717236017339e-03,4.39221203140254413261e-03,2.54079432104767521938e-01,5.79427673326285901577e-16,-9.20425637873041385326e-05,-9.20602026553842640519e-05,-9.20425642873514077494e-05,-2.68055055297030418859e-06,-7.59913811925148652093e-11,8.59129104384919880577e-19,8.53428002823954509176e-19,8.59129104384919880577e-19,True,8.53428002823954509176e-19,True,series tail and order change; rounding and minimizer search are not enclosed
1099511627776,40,joint_window,2.65,1.0396917373463053,64,4.95013708396657790139e-03,4.95013602193873723106e-03,4.84894045399475795421e-03,2.54263195328681579355e-01,5.76525278569195431868e-16,-1.03619049973043388449e-04,-1.03642627338471353567e-04,-1.03619050466329572918e-04,-3.58396069241245638203e-06,-7.49837057617401786265e-11,7.99684286054463153677e-19,7.94120045657919634150e-19,7.99684286054463153677e-19,True,7.94120045657919634150e-19,True,series tail and order change; rounding and minimizer search are not enclosed
1099511627776,40,joint_window,2.7,1.0404406380509525,64,5.45367078411977245639e-03,5.45366983770933632519e-03,5.33288004821694510554e-03,2.54446965620292897547e-01,5.73636011178580297672e-16,-1.16171622237239363998e-04,-1.16202795099480866471e-04,-1.16171622724030852193e-04,-4.73979916194272284032e-06,-7.40161028703350956208e-11,7.48115288494703739142e-19,7.42687311108453249893e-19,7.48115288494703739142e-19,True,7.42687311108453249893e-19,True,series tail and order change; rounding and minimizer search are not enclosed
1099511627776,40,joint_window,2.75,1.0411895387555998,64,5.98729556685631634366e-03,5.98729472021023931272e-03,5.84409537416611789967e-03,2.54630742992076108955e-01,5.70759819243618038800e-16,-1.29737105613903901807e-04,-1.29777897650516609029e-04,-1.29737106094451361271e-04,-6.20404005329006023173e-06,-7.30862136000925423428e-11,7.03206126316227263579e-19,6.97914011130321683258e-19,7.03206126316227263579e-19,True,6.97914011130321683258e-19,True,series tail and order change; rounding and minimizer search are not enclosed
1099511627776,40,joint_window,2.8,1.0419384394602471,64,6.55125531648745838831e-03,6.55125455630847612631e-03,6.38257831399471637496e-03,2.54814527456503792102e-01,5.67896651017599535887e-16,-1.44350944939924388452e-04,-1.44403805687535330415e-04,-1.44350945414467861545e-04,-8.04172323859693062163e-06,-7.21924516941023330855e-11,6.63954951471660260734e-19,6.58798425273592070982e-19,6.63954951471660260734e-19,True,6.58798425273592070982e-19,True,series tail and order change; rounding and minimizer search are not enclosed
1099511627776,40,joint_window,2.85,1.0426873401648944,64,7.14573007551580832719e-03,7.14572939059551943963e-03,6.94825184770184439004e-03,2.54998319026047082225e-01,5.65046454917659121351e-16,-1.60047131810350904031e-04,-1.60115001425458988206e-04,-1.60047132279116338487e-04,-1.03278166858487438441e-05,-7.13327012096378135803e-11,6.29531614622476406080e-19,6.24510460942801520225e-19,6.29531614622476406080e-19,True,6.24510460942801520225e-19,True,series tail and order change; rounding and minimizer search are not enclosed
1099511627776,40,joint_window,2.9,1.0434362408695417,64,7.77083872058223403684e-03,7.77083810142818482564e-03,7.54097403990500441545e-03,2.55182117713175615759e-01,5.62209179524501830742e-16,-1.76858143833074797288e-04,-1.76944523423271798945e-04,-1.76858144296273937790e-04,-1.31480790114979551514e-05,-7.05048273874611345198e-11,5.99244469478903299923e-19,5.94358458360691282189e-19,5.99244469478903299923e-19,True,5.94358458360691282189e-19,True,series tail and order change; rounding and minimizer search are not enclosed
1099511627776,40,joint_window,2.95,1.044185141574189,64,8.42664178097428731573e-03,8.42664121951128622379e-03,8.16054217313958232816e-03,2.55365923530357585847e-01,5.59384773582130851292e-16,-1.94814895490173301332e-04,-1.94923922949001788077e-04,-1.94814895948012579974e-04,-1.65999135752548187368e-05,-6.97080467331270949066e-11,5.72514249470724418595e-19,5.67763069758163203972e-19,5.72514249470724418595e-19,True,5.67763069758163203972e-19,True,series tail and order change; rounding and minimizer search are not enclosed
1099511627776,40,joint_window,3.0,1.0449340422788362,64,9.11314435800633995677e-03,9.11314384733545590489e-03,8.80669696988255548686e-03,2.55549736490059853367e-01,5.56573185997571617819e-16,-2.13946699876355669184e-04,-2.14083231099105025103e-04,-2.13946700329029158155e-04,-2.07932056255611565749e-05,-6.89405015989047113307e-11,5.48853391168004948147e-19,5.44236587268105547264e-19,5.48853391168004948147e-19,True,5.44236587268105547264e-19,True,series tail and order change; rounding and minimizer search are not enclosed
1099511627776,40,fixed_power,0.6676452524310271,1.01,64,1.62561812906935141481e-06,8.89030870783047040376e-10,8.89030859748090814317e-10,2.46982802406764012648e-01,7.02210792393058841393e-16,1.28727613472762663504e-07,1.26333939472945901324e-04,1.26333937904845650980e-04,1.89902737151351024003e-02,1.89902734792256853991e-02,1.74250012993717588603e-12,1.74250010832049300901e-12,1.00243528755594724089e-11,True,1.00243528755594724089e-11,True,series tail and order change; rounding and minimizer search are not enclosed
1099511627776,40,fixed_power,1.3352905048620543,1.02,64,2.90444379099468586282e-05,2.86903264877213845367e-05,2.86841787357967439626e-05,2.49433602775279067432e-01,6.57367441407962136636e-16,-3.04315628543540761601e-07,-3.04291278508279177236e-07,-3.04292118637702505924e-07,3.67685701394087639054e-09,3.54999741273332009133e-09,1.03136335663259117567e-16,1.03125242684291199865e-16,1.03136335663259117567e-16,True,1.03125242684291199865e-16,True,series tail and order change; rounding and minimizer search are not enclosed
1099511627776,40,fixed_power,2.002935757293081,1.03,64,9.13419026734425603883e-04,9.13411442080404008606e-04,9.09013631898211238794e-04,2.51885604726352130278e-01,6.15119179317306829544e-16,-1.46266211624833934084e-05,-1.46267976635972886401e-05,-1.46266217702925929722e-05,-2.67405113141209482265e-08,-9.20851342789794805767e-11,3.35960145850652638458e-18,3.35207157708460349124e-18,3.35960145850652638458e-18,True,3.35207157708460349124e-18,True,series tail and order change; rounding and minimizer search are not enclosed
1099511627776,40,fixed_power,3.3382262621551355,1.05,64,1.45544474980913701029e-02,1.45544472101400926972e-02,1.38470565024270790555e-02,2.56793332426625109388e-01,5.37886872588731785396e-16,-3.76164279654948299422e-04,-3.76686682701734762424e-04,-3.76164280077121446558e-04,-7.97122551159848273007e-05,-6.44183585635006923987e-11,4.43643063228709550139e-19,4.39903503668758253489e-19,4.43643063228709550139e-19,True,4.39903503668758253489e-19,True,series tail and order change; rounding and minimizer search are not enclosed
1099511627776,40,fixed_power,5.007339393232696,1.075,64,5.80952897154395908608e-02,5.80952896668537818736e-02,5.05035378848362956350e-02,2.62935280264485649049e-01,4.53711590116804997635e-16,-2.10376362032142424918e-03,-2.13068744087407078991e-03,-2.10376362066010472174e-03,-4.15314282319672548743e-03,-5.22410983985134266895e-11,3.14415292998278723314e-19,3.12814878900839217030e-19,3.14415292998278723314e-19,True,3.12814878900839217030e-19,True,series tail and order change; rounding and minimizer search are not enclosed
1099511627776,40,fixed_power,6.676452524310271,1.1,64,1.16063931211076248884e-01,1.16063931192650182656e-01,9.30361202314286123150e-02,2.69085757582120721487e-01,3.81647087259406181161e-16,-5.18325036051935778003e-03,-5.37802027417760494798e-03,-5.18325036082432910600e-03,-3.04431082800135990873e-02,-4.76534047932099385310e-11,2.70723956810512806815e-19,2.69213150790313474213e-19,2.70723956810512806815e-19,True,2.69213150790313474213e-19,True,series tail and order change; rounding and minimizer search are not enclosed
1099511627776,40,fixed_power,10.014678786465392,1.15,64,2.31857402821600694365e-01,2.31857402815325880363e-01,1.66338193807252343603e-01,2.81414141449873145273e-01,2.67753125767527484985e-16,-1.33051413586964470404e-02,-1.48201518619867009252e-02,-1.33051413589813233296e-02,-2.44316936477368684688e-01,-4.58283765728977034044e-11,2.07284362698604653984e-19,2.04680357338562929269e-19,2.07284362698604653984e-19,True,2.04680357338562929269e-19,True,series tail and order change; rounding and minimizer search are not enclosed
1099511627776,40,fixed_power,13.352905048620526,1.2,64,3.27680000003397420283e-01,3.27680000000000026805e-01,2.19929072016202736828e-01,2.93782149799831859838e-01,1.85660647477735116084e-16,-2.16631690307896099257e-02,-2.62434272761890644010e-02,-2.16631690310762209384e-02,-7.64961664564840715386e-01,-4.75043123491412771753e-11,1.85425384007473505592e-19,2.07899457021395641171e-19,1.85425384007473505592e-19,True,2.07899457021395641171e-19,True,series tail and order change; rounding and minimizer search are not enclosed
1099511627776,40,fixed_power,16.69113131077566,1.25,64,4.03237402441368131267e-01,4.03237402439117431641e-01,2.59180357765401492287e-01,3.06193425614168013293e-01,1.27158890281189772502e-16,-2.89638500246246072267e-02,-3.83766109853007075792e-02,-2.89638500249203012515e-02,-1.63130509263473943982e+00,-5.04235256130010481058e-11,3.79167285501479557331e-18,7.33986963580803856438e-18,3.79167285501479557331e-18,True,7.33986963580803856438e-18,True,series tail and order change; rounding and minimizer search are not enclosed
1099511627776,40,fixed_power,20.029357572930795,1.3,64,4.63033551267616527713e-01,4.63033551265942477926e-01,2.88789010916076727131e-01,3.18651592588365506487e-01,8.59502543425497381873e-17,-3.47811841415155420520e-02,-5.06035110730600201645e-02,-3.47811841418252665203e-02,-2.84852368874669492627e+00,-5.42159329412773425558e-11,7.36801800712296785291e-17,1.43186504753975808450e-16,4.88498130835068877786e-15,True,1.43186504753975808450e-16,True,series tail and order change; rounding and minimizer search are not enclosed
1099511627776,40,fixed_power,26.705810097241052,1.4,64,5.50334077949279021347e-01,5.50334077948180566686e-01,3.30145309393032881928e-01,3.43723018532124391378e-01,3.75641078659009409959e-17,-4.17827947845873515220e-02,-7.42361019267773480923e-02,-4.17827947849252062662e-02,-6.31388290784291772439e+00,-6.18269190082944953178e-11,2.06713862927691998712e-15,3.88867624623613537335e-15,1.27009514017117908224e-13,True,3.88867624623613537335e-15,True,series tail and order change; rounding and minimizer search are not enclosed
1099511627776,40,fixed_power,33.38226262155132,1.5,64,6.10351562500821342994e-01,6.10351562500000000000e-01,3.57509534293642405878e-01,3.69025157164765693629e-01,1.52863260928892972912e-17,-4.32373092425506894143e-02,-9.60418072148083723505e-02,-4.32373092429158834005e-02,-1.11076920830117060746e+01,-6.91404823039791817845e-11,1.06341086490977701171e-14,1.91418800782655001041e-14,4.97379915032070130110e-13,True,1.91418800782655001041e-14,True,series tail and order change; rounding and minimizer search are not enclosed
