N,log2_N,family,r,alpha,order,delta_finite,delta_stationary_scale,delta_stationary,H,H_truncation_bound,excess_finite,excess_stationary,excess_scale,saving_vs_stationary_pct,saving_vs_scale_pct,stationary_gain_truncation_bound_pct,scale_gain_truncation_bound_pct,stationary_gain_error_estimate_pct,stationary_sign_resolved,scale_gain_error_estimate_pct,scale_sign_resolved,gain_error_scope
256,8,crossing_refinement,1.2850000000000001,1.0962337405471743,96,1.56664063155595445487e-01,1.07006489347730049388e-01,8.67270959103778604771e-02,2.68158621969268984309e-01,3.91792674710161818123e-16,2.55701440627573162168e-05,1.02659847459886030552e-03,4.22703883325124818438e-05,1.54724981063818378679e-01,2.58522381341270328717e-03,2.22186541083915195853e-10,2.21515879389135416312e-10,2.22186541083915195853e-10,True,2.21515879389135416312e-10,True,series tail and order change; rounding and minimizer search are not enclosed
256,8,crossing_refinement,1.2875,1.096420965723336,96,1.56976418007283985423e-01,1.07455686690030929875e-01,8.70425325909443270422e-02,2.68204706173111762091e-01,3.91282603484731463536e-16,-9.33267629548220623015e-06,9.77812284290714012203e-04,-3.39488553393815783998e-06,1.52599802988293314909e-01,9.19299822043614760225e-04,2.21958937258954476283e-10,2.21286178990760796782e-10,2.21958937258954476283e-10,True,2.21286178990760796782e-10,True,series tail and order change; rounding and minimizer search are not enclosed
256,8,crossing_refinement,1.28875,1.096514578311417,96,1.57132752669717989935e-01,1.07680335625676956712e-01,8.72001844480640025958e-02,2.68227748462718518230e-01,3.91027793836735176195e-16,-2.67884391868047910812e-05,9.53455932173313119860e-04,-2.61869557504762484612e-05,1.51543341773126089000e-01,9.31288872913303141876e-05,2.21845218400846225952e-10,2.21171407170754985995e-10,2.21845218400846225952e-10,True,2.21171407170754985995e-10,True,series tail and order change; rounding and minimizer search are not enclosed
256,8,crossing_refinement,1.2893750000000002,1.0965613846054574,96,1.57210959197229049877e-01,1.07792672448148760256e-01,8.72789936458789189500e-02,2.68239269654453826863e-01,3.90900445469405933138e-16,-3.55174046757222861004e-05,9.41286855812080436312e-04,-3.75729301621656464061e-05,1.51016629615643271922e-01,-3.18271557271722978395e-04,2.21788379698672228851e-10,2.21114749091543323222e-10,2.21788379698672228851e-10,True,2.21114749091543323222e-10,True,series tail and order change; rounding and minimizer search are not enclosed
256,8,crossing_refinement,1.2890625,1.096537981458437,96,1.57171852670479894609e-01,1.07736503013635270820e-01,8.72395904444570741143e-02,2.68233509054674967853e-01,3.90964114949375241126e-16,-3.11528317174861180128e-05,9.47370638230325690099e-04,-3.18807789528516294375e-05,1.51279859556545659416e-01,-1.12711376576314319781e-04,2.21816797323604760959e-10,2.21142973224279659565e-10,2.21816797323604760959e-10,True,2.21142973224279659565e-10,True,series tail and order change; rounding and minimizer search are not enclosed
256,8,crossing_refinement,1.2889062500000001,1.0965262798849271,96,1.57152301854098314093e-01,1.07708419063366839241e-01,8.72198877953884593728e-02,2.68230628757718803090e-01,3.90995953217053985625e-16,-2.89706128895061976181e-05,9.50413096070645141422e-04,-2.90340765300399483717e-05,1.51411569100458526238e-01,-9.82628325141829257164e-06,2.21831007430605454485e-10,2.21157086233669889350e-10,2.21831007430605454485e-10,True,2.21157086233669889350e-10,True,series tail and order change; rounding and minimizer search are not enclosed
256,8,crossing_refinement,1.2888281250000002,1.096520429098172,96,1.57142527057876374430e-01,1.07694377280390649054e-01,8.72100362089774788776e-02,2.68229188609974134039e-01,3.91011873232884691723e-16,-2.78795203963247417711e-05,9.51934466815386459704e-04,-2.76105684572577891878e-05,1.51477447541958742949e-01,4.16425388379213431435e-05,2.21838112807810733056e-10,2.21164235664715526362e-10,2.21838112807810733056e-10,True,2.21164235664715526362e-10,True,series tail and order change; rounding and minimizer search are not enclosed
256,8,crossing_refinement,1.525,1.1142073574587086,96,1.88245464399429351943e-01,1.50265142891890635113e-01,1.15978871701155186735e-01,2.72585015527101737209e-01,3.45484767926820661931e-16,-3.36677006243244966721e-03,-3.37536160643403179704e-03,-4.00159480957340205065e-03,-1.34486078019870297466e-03,-9.94685734473948895973e-02,2.01279511308067609671e-10,2.00565318979575079512e-10,2.01279511308067609671e-10,True,2.00565318979575079512e-10,True,series tail and order change; rounding and minimizer search are not enclosed
256,8,crossing_refinement,1.5225,1.1140201322825467,96,1.87903274888868238035e-01,1.49817298602007153985e-01,1.15686606643168876651e-01,2.72538882911293023348e-01,3.45940346104136653945e-16,-3.33111829623078045670e-03,-3.33120136156410048822e-03,-3.96188506023145009527e-03,-1.30007873792578641044e-05,-9.88206143151248300738e-02,2.01485349915031191146e-10,2.00775548835792460123e-10,2.01485349915031191146e-10,True,2.00775548835792460123e-10,True,series tail and order change; rounding and minimizer search are not enclosed
256,8,crossing_refinement,1.52125,1.1139265196944659,96,1.87732257182744666224e-01,1.49593326789316721781e-01,1.15540366258372939612e-01,2.72515816797900156665e-01,3.46168339732502508582e-16,-3.31329394517178299484e-03,-3.30911486319789005517e-03,-3.94201733951876284734e-03,6.54037421479004583286e-04,-9.84944396860991944198e-02,2.01589665708263711619e-10,2.00880727283529695113e-10,2.01589665708263711619e-10,True,2.00880727283529695113e-10,True,series tail and order change; rounding and minimizer search are not enclosed
256,8,crossing_refinement,1.521875,1.1139733259885063,96,1.87817759585315491311e-01,1.49705316809331773209e-01,1.15613495431808016578e-01,2.72527349838389831849e-01,3.46054325865783306790e-16,-3.32220599198251170803e-03,-3.32015864904076571373e-03,-3.95195227495112252902e-03,3.20424984093715351386e-04,-9.86577107742426379078e-02,2.01537488752783426255e-10,2.00828132766913500132e-10,2.01537488752783426255e-10,True,2.00828132766913500132e-10,True,series tail and order change; rounding and minimizer search are not enclosed
256,8,crossing_refinement,1.5221875,1.1139967291355266,96,1.87860515626699753344e-01,1.49761308735989667751e-01,1.15650053283271742055e-01,2.72533116370789585403e-01,3.45997331722392825406e-16,-3.32666211200568356920e-03,-3.32568013906590562168e-03,-3.95691893601588309815e-03,1.53688839007137985349e-04,-9.87392084239788470068e-02,2.01511404654512676235e-10,2.00801839478124070797e-10,2.01511404654512676235e-10,True,2.00801839478124070797e-10,True,series tail and order change; rounding and minimizer search are not enclosed
256,8,crossing_refinement,1.52234375,1.1140084307090368,96,1.87881894855464998129e-01,1.49789303926816330659e-01,1.15668330524731410858e-01,2.72535999640028336888e-01,3.45968837847693640268e-16,-3.32889019610283290462e-03,-3.32844078370576196280e-03,-3.95940206518686360626e-03,7.03382202014898443585e-05,-9.87799228313765154130e-02,2.01498363700073319606e-10,2.00788693826145732539e-10,2.01498363700073319606e-10,True,2.00788693826145732539e-10,True,series tail and order change; rounding and minimizer search are not enclosed
256,8,crossing_refinement,1.522421875,1.1140142814957918,96,1.87892584771621934392e-01,1.49803301328896215638e-01,1.15677468724336193762e-01,2.72537441275407354979e-01,3.45954591709530994257e-16,-3.33000424416422108331e-03,-3.32982108097637161115e-03,-3.96064357946960057810e-03,2.86672661642534403349e-05,-9.88002714377037155602e-02,2.01491843496506223201e-10,2.00782121248265239318e-10,2.01491843496506223201e-10,True,2.00782121248265239318e-10,True,series tail and order change; rounding and minimizer search are not enclosed
1024,10,crossing_refinement,1.3650000000000002,1.081779956947482,96,9.75913408111490354724e-02,7.30824728570530629534e-02,6.20408600574415686202e-02,2.64602416877175172782e-01,4.33039891811616950813e-16,-1.10078620286298625719e-03,-8.42784982121942000122e-04,-1.10460808013064341881e-03,3.98068442651476547822e-02,-5.89913317445632350011e-04,6.08784759264088426537e-11,6.06950348521621363188e-11,6.08784759264088426537e-11,True,6.06950348521621363188e-11,True,series tail and order change; rounding and minimizer search are not enclosed
1024,10,crossing_refinement,1.3625000000000003,1.0816301768065524,96,9.73346920930053954857e-02,7.27428266670757661672e-02,6.17841597708392170629e-02,2.64565580309224723798e-01,4.33487186558884584487e-16,-1.07917916944590824846e-03,-8.16717726003926905443e-04,-1.07958193182774823959e-03,4.04914100535730889230e-02,-6.21616374115834658233e-05,6.09308843805496200334e-11,6.07471535522431233197e-11,6.09308843805496200334e-11,True,6.07471535522431233197e-11,True,series tail and order change; rounding and minimizer search are not enclosed
1024,10,crossing_refinement,1.36125,1.0815552867360876,96,9.72065733921360364267e-02,7.25731302620453433416e-02,6.16558266944828917144e-02,2.64547162141715141992e-01,4.33710990888056436945e-16,-1.06838409041771012498e-03,-8.03677660426705547936e-04,-1.06706047727453227913e-03,4.08359416184098517055e-02,2.04275203407592383271e-04,6.09571148927382595102e-11,6.07733603126546016236e-11,6.09571148927382595102e-11,True,6.07733603126546016236e-11,True,series tail and order change; rounding and minimizer search are not enclosed
1024,10,crossing_refinement,1.3618750000000002,1.08159273177132,96,9.72706155806785516260e-02,7.26579678655187716219e-02,6.17199917801075637058e-02,2.64556371215765862015e-01,4.33599075639337797400e-16,-1.07378092643986046417e-03,-8.10198238276785276391e-04,-1.07332191094720516555e-03,4.06634870876897425163e-02,7.08420968667931887823e-05,6.09439974393093664671e-11,6.07602359155081655546e-11,6.09439974393093664671e-11,True,6.07602359155081655546e-11,True,series tail and order change; rounding and minimizer search are not enclosed
1024,10,crossing_refinement,1.3621875,1.0816114542889361,96,9.73026495481424114065e-02,7.27003946196561057214e-02,6.17520754146126116257e-02,2.64560975760069150287e-01,4.33543127828416323009e-16,-1.07647987209618344051e-03,-8.13458117757674681325e-04,-1.07645209738141053868e-03,4.05774014859107412523e-02,4.28665381845850819843e-06,6.09374403611163791739e-11,6.07536752485823196292e-11,6.09374403611163791739e-11,True,6.07536752485823196292e-11,True,series tail and order change; rounding and minimizer search are not enclosed
1024,10,crossing_refinement,1.3623437500000002,1.0816208155477443,96,9.73186697486209534302e-02,7.27216099820954531285e-02,6.17681175027953652257e-02,2.64563278034040338937e-01,4.33515156376018928497e-16,-1.07782947681266290385e-03,-8.15087955704301217463e-04,-1.07801705852757570558e-03,4.05343940113303685679e-02,-2.89508738422483905667e-05,6.09341622336946418380e-11,6.07504129736214004508e-11,6.09341622336946418380e-11,True,6.07504129736214004508e-11,True,series tail and order change; rounding and minimizer search are not enclosed
1024,10,crossing_refinement,1.362265625,1.0816161349183402,96,9.73106593803657188291e-02,7.27110021355094476858e-02,6.17600964361856574758e-02,2.64562126896903060391e-01,4.33529141897804462770e-16,-1.07715466346440351397e-03,-8.14273045196949388225e-04,-1.07723458894466196656e-03,4.05558948074223254987e-02,-1.23354570142117370824e-05,6.09358012631128382821e-11,6.07520427728832618627e-11,6.09358012631128382821e-11,True,6.07520427728832618627e-11,True,series tail and order change; rounding and minimizer search are not enclosed
1024,10,crossing_refinement,1.5550000000000002,1.0931632476581203,96,1.18544393176443024762e-01,9.96621711164916435077e-02,8.15304427297289108223e-02,2.67402912272275139483e-01,4.00244357237693765849e-16,-2.80619608389073849075e-03,-2.81139151391385060108e-03,-2.97571452938651462294e-03,-8.07024640790214554086e-04,-2.63386265130124697098e-02,5.70706249700888730665e-11,5.68871002221127445902e-11,5.70706249700888730665e-11,True,5.68871002221127445902e-11,True,series tail and order change; rounding and minimizer search are not enclosed
1024,10,crossing_refinement,1.5525000000000002,1.093013467517191,96,1.18252296257854508377e-01,9.93051691056359570053e-02,8.12759079426426112036e-02,2.67366051812019445144e-01,4.00660832694518785737e-16,-2.78298361345442890613e-03,-2.78529561147091049567e-03,-2.95117599754658559152e-03,-3.59098860685091634225e-04,-2.61303246122101470728e-02,5.71185268534096901480e-11,5.69354643490155968148e-11,5.71185268534096901480e-11,True,5.69354643490155968148e-11,True,series tail and order change; rounding and minimizer search are not enclosed
1024,10,crossing_refinement,1.55125,1.0929385774467262,96,1.18106389425949601102e-01,9.91267179298627454376e-02,8.11486075994052175053e-02,2.67347621701179982701e-01,4.00869217773221961437e-16,-2.77138468236391016797e-03,-2.77225213243069076863e-03,-2.93890809224938050204e-03,-1.34726086832186728922e-04,-2.60252638844068462376e-02,5.71424947503083024038e-11,5.69596621874977031475e-11,5.71424947503083024038e-11,True,5.69596621874977031475e-11,True,series tail and order change; rounding and minimizer search are not enclosed
1024,10,crossing_refinement,1.5506250000000001,1.092901132411494,96,1.18033471552259655590e-01,9.90375049214782116058e-02,8.10849492595017706797e-02,2.67338406675576845117e-01,4.00973447168099845602e-16,-2.76558704560580723153e-03,-2.76573150025771763438e-03,-2.93277447111942035640e-03,-2.24351544836710788946e-05,-2.59725043405181973966e-02,5.71544829458503473973e-11,5.69717650576763855897e-11,5.71544829458503473973e-11,True,5.69717650576763855897e-11,True,series tail and order change; rounding and minimizer search are not enclosed
1024,10,crossing_refinement,1.5503125,1.0928824098938776,96,1.17997021517902686560e-01,9.89929015774588666465e-02,8.10531180561564340570e-02,2.67333799170228814113e-01,4.01025571081665798862e-16,-2.76268868476716236704e-03,-2.76247145966023940900e-03,-2.92970774234426259430e-03,3.37367088191751994248e-05,-2.59460670551948588414e-02,5.71604975168915959954e-11,5.69778174814033547743e-11,5.71604975168915959954e-11,True,5.69778174814033547743e-11,True,series tail and order change; rounding and minimizer search are not enclosed
1024,10,crossing_refinement,1.55046875,1.0928917711526858,96,1.18015245792703546424e-01,9.90152029856650184314e-02,8.10690338270198540549e-02,2.67336102922281881877e-01,4.00999508356805443635e-16,-2.76413782704790916833e-03,-2.76410145704182076687e-03,-2.93124109994858696171e-03,5.64856962648966227778e-06,-2.59592904971542165482e-02,5.71574836872824060849e-11,5.69747911871264375743e-11,5.71574836872824060849e-11,True,5.69747911871264375743e-11,True,series tail and order change; rounding and minimizer search are not enclosed
1024,10,crossing_refinement,1.5505468750000002,1.0928964517820898,96,1.18024358486924926814e-01,9.90263538876549331835e-02,8.10769915855780037850e-02,2.67337254798774015541e-01,4.00986477570438304305e-16,-2.76486242679296889690e-03,-2.76491647291746654724e-03,-2.93200778383575708097e-03,-8.39384373306450678239e-06,-2.59658986181751025302e-02,5.71559816695498950891e-11,5.69732781018000680673e-11,5.71559816695498950891e-11,True,5.69732781018000680673e-11,True,series tail and order change; rounding and minimizer search are not enclosed
4096,12,crossing_refinement,1.4049999999999998,1.0701470326686275,96,5.99607634959602106561e-02,4.79694707634758660264e-02,4.24417077535881662187e-02,2.61742360584737654428e-01,4.69052385960969512957e-16,-9.94318259920386540718e-04,-9.22293423615576889174e-04,-9.93243029237466171222e-04,1.10720175048145963448e-02,1.65307859600435626485e-04,1.64336863552006932626e-11,1.63803601139858279741e-11,1.64336863552006932626e-11,True,1.63803601139858279741e-11,True,series tail and order change; rounding and minimizer search are not enclosed
4096,12,crossing_refinement,1.4074999999999998,1.0702718494527355,96,6.01639061977291902950e-02,4.82223238726557437706e-02,4.26459033757106559248e-02,2.61773038102232735724e-01,4.68652014335070488870e-16,-1.00763804623206325306e-03,-9.37079497455847731935e-04,-1.00769113362830526476e-03,1.08473006258725055556e-02,-8.16226346732392012660e-06,1.64203806453428519065e-11,1.63671689311012524986e-11,1.64203806453428519065e-11,True,1.63671689311012524986e-11,True,series tail and order change; rounding and minimizer search are not enclosed
4096,12,crossing_refinement,1.4062499999999998,1.0702094410606815,96,6.00622606573230979898e-02,4.80958435402926501312e-02,4.25437813715805676629e-02,2.61757699317183845089e-01,4.68852161460691752759e-16,-1.00097511546505882341e-03,-9.29685307883228000125e-04,-1.00046621628761302214e-03,1.09593728401766454805e-02,7.82415178772769627806e-05,1.64270294519056959101e-11,1.63737600235008893378e-11,1.64270294519056959101e-11,True,1.63737600235008893378e-11,True,series tail and order change; rounding and minimizer search are not enclosed
4096,12,crossing_refinement,1.4068749999999999,1.0702406452567086,96,6.01130648918714732831e-02,4.81590702807524473350e-02,4.25948363427027590356e-02,2.61765368703132494943e-01,4.68752078227695386833e-16,-1.00430582136675113081e-03,-9.33382112053929464957e-04,-1.00407845638766316659e-03,1.09032655382228626378e-02,3.49571422886550244925e-05,1.64237040392781631538e-11,1.63704628517012501372e-11,1.64237040392781631538e-11,True,1.63704628517012501372e-11,True,series tail and order change; rounding and minimizer search are not enclosed
4096,12,crossing_refinement,1.4071874999999998,1.070256247354722,96,6.01384809123567676270e-02,4.81906937226124973406e-02,4.26203683536341207394e-02,2.61769203401038597079e-01,4.68702043864042791483e-16,-1.00597174391915678004e-03,-9.35230731795536930628e-04,-1.00588474008103060525e-03,1.08752653283774453064e-02,1.33768599156778018568e-05,1.64220420903159471312e-11,1.63688149818613170171e-11,1.64220420903159471312e-11,True,1.63688149818613170171e-11,True,series tail and order change; rounding and minimizer search are not enclosed
4096,12,crossing_refinement,1.40734375,1.0702640484037287,96,6.01511923971162001945e-02,4.82065079594036147159e-02,4.26331354885495020235e-02,2.61771120751224717349e-01,4.68677028495247130630e-16,-1.00680484760434264813e-03,-9.36155096347748502672e-04,-1.00678792308745226891e-03,1.08612785443278469372e-02,2.60215855961761742475e-06,1.64212113048734230363e-11,1.63679912256698130470e-11,1.64212113048734230363e-11,True,1.63679912256698130470e-11,True,series tail and order change; rounding and minimizer search are not enclosed
4096,12,crossing_refinement,1.4074218749999998,1.070267948928232,96,6.01575490079640506913e-02,4.82144157065086120806e-02,4.26395193381332096583e-02,2.61772079426625947640e-01,4.68664521264084698740e-16,-1.00722143505023453702e-03,-9.36617292327557825204e-04,-1.00723952491164805284e-03,1.08542884776019407655e-02,-2.78133672019399104180e-06,1.64207959593744723649e-11,1.63675798497242494982e-11,1.64207959593744723649e-11,True,1.63675798497242494982e-11,True,series tail and order change; rounding and minimizer search are not enclosed
4096,12,crossing_refinement,1.565,1.0781353068515318,96,7.40820404157054718253e-02,6.49207192712209779639e-02,5.58126545373569676878e-02,2.63706148344736712730e-01,4.44043635549144219488e-16,-1.89588852685535630416e-03,-1.89763891963725013501e-03,-1.94138670081149891655e-03,-2.70186396091061213371e-04,-7.02346236469900391669e-03,1.56355487714934655194e-11,1.55875059667975899939e-11,1.56355487714934655194e-11,True,1.55875059667975899939e-11,True,series tail and order change; rounding and minimizer search are not enclosed
4096,12,crossing_refinement,1.5625,1.0780104900674239,96,7.38452094578987972007e-02,6.46452933748726948915e-02,5.56002450151009686152e-02,2.63675457457339945666e-01,4.44424922202603908360e-16,-1.88103718667008770749e-03,-1.88182284550664040423e-03,-1.92609713455006541227e-03,-1.21264505432434196931e-04,-6.95536722421212765671e-03,1.56473072222373826649e-11,1.55992520284696027736e-11,1.56473072222373826649e-11,True,1.55992520284696027736e-11,True,series tail and order change; rounding and minimizer search are not enclosed
4096,12,crossing_refinement,1.56125,1.07794808167537,96,7.37269695025478954964e-02,6.45076895217587542586e-02,5.54940681154329970570e-02,2.63660112093895615537e-01,4.44615676723703976636e-16,-1.87362052695956050885e-03,-1.87392278181591070974e-03,-1.91845894247652352937e-03,-4.66507747972199962312e-05,-6.92094956774466207178e-03,1.56531932385765603390e-11,1.56051314196239768812e-11,1.56531932385765603390e-11,True,1.56051314196239768812e-11,True,series tail and order change; rounding and minimizer search are not enclosed
4096,12,crossing_refinement,1.560625,1.077916877479343,96,7.36678935328481804268e-02,6.44389149802234162401e-02,5.54409867185431393111e-02,2.63652439432233764993e-01,4.44711081793976475823e-16,-1.86991445067810277414e-03,-1.86997473762430532762e-03,-1.91464148973739811677e-03,-9.30468761515322455877e-06,-6.90364738761430497133e-03,1.56561379519946030661e-11,1.56080727123792171962e-11,1.56561379519946030661e-11,True,1.56080727123792171962e-11,True,series tail and order change; rounding and minimizer search are not enclosed
4096,12,crossing_refinement,1.5603125,1.0779012753813295,96,7.36383665658620067962e-02,6.44045345696383220169e-02,5.54144477943111016249e-02,2.63648603106417578346e-01,4.44758791282935508613e-16,-1.86806197605183209320e-03,-1.86800121172420521831e-03,-1.91273317362741258896e-03,9.37829042473412308526e-06,-6.89497285498800495385e-03,1.56576122127449101131e-11,1.56095437589442731572e-11,1.56576122127449101131e-11,True,1.56095437589442731572e-11,True,series tail and order change; rounding and minimizer search are not enclosed
4096,12,crossing_refinement,1.56046875,1.0779090764303363,96,7.36531291307276209102e-02,6.44217242028341657845e-02,5.54277171082491054710e-02,2.63650521268907866990e-01,4.44734935958929287567e-16,-1.86898816640185261306e-03,-1.86898793334606266869e-03,-1.91368729751100266623e-03,3.59696857152518584388e-08,-6.89931207796974383523e-03,1.56568743140082028676e-11,1.56088082022861480647e-11,1.56568743140082028676e-11,True,1.56088082022861480647e-11,True,series tail and order change; rounding and minimizer search are not enclosed
4096,12,crossing_refinement,1.560546875,1.0779129769548397,96,7.36605111021663844229e-02,6.44303194485356667265e-02,5.54343518763761103352e-02,2.63651480350466316249e-01,4.44723008731574287020e-16,-1.86945129679945941381e-03,-1.86948132515152298794e-03,-1.91416438508007664965e-03,-4.63456660643254314314e-06,-6.90148022172533230634e-03,1.56565061212633853417e-11,1.56084404489907794104e-11,1.56565061212633853417e-11,True,1.56084404489907794104e-11,True,series tail and order change; rounding and minimizer search are not enclosed
16384,14,crossing_refinement,1.435,1.0614098577810762,96,3.71592716334489120422e-02,3.14828887217982397728e-02,2.87688557860796279009e-02,2.59595453874077231049e-01,4.97859935275493676998e-16,-7.22149407841878379632e-04,-7.03016866952572982985e-04,-7.22007252683351009870e-04,2.93178238854773778529e-03,2.17838352428550139674e-05,4.40313720287184724835e-12,4.38620593932553977541e-12,4.40313720287184724835e-12,True,4.38620593932553977541e-12,True,series tail and order change; rounding and minimizer search are not enclosed
16384,14,crossing_refinement,1.4375,1.0615168435960258,96,3.73162769642009020665e-02,3.16685546716480095797e-02,2.89270990384973003540e-02,2.59621736372522227132e-01,4.97497721347111651121e-16,-7.30383113124575926445e-04,-7.11718454464657819536e-04,-7.30600350931804101706e-04,2.86022446930966987161e-03,-3.32910921413581117867e-05,4.39918265897487143434e-12,4.38231477518071035165e-12,4.39918265897487143434e-12,True,4.38231477518071035165e-12,True,series tail and order change; rounding and minimizer search are not enclosed
16384,14,crossing_refinement,1.43625,1.061463350688551,96,3.72377029313848348369e-02,3.15756660303955563607e-02,2.88479431647619515011e-02,2.59608595104346473459e-01,4.97678798504749408614e-16,-7.26263503775067230384e-04,-7.07365595800406136984e-04,-7.26301855759586834083e-04,2.89589827423874070569e-03,-5.87719385860216735523e-06,4.40115765811810002993e-12,4.38425768844222699517e-12,4.40115765811810002993e-12,True,4.38425768844222699517e-12,True,series tail and order change; rounding and minimizer search are not enclosed
16384,14,crossing_refinement,1.435625,1.0614366042348136,96,3.71984694312131880523e-02,3.15292634469557450649e-02,2.88083908994470061504e-02,2.59602024484473836718e-01,4.97769359437404930043e-16,-7.24205766882237735038e-04,-7.05190716426482011592e-04,-7.24154068906591660837e-04,2.91381388638253368412e-03,7.92228541273516315147e-06,4.40214686051623548691e-12,4.38523113398373694050e-12,4.40214686051623548691e-12,True,4.38523113398373694050e-12,True,series tail and order change; rounding and minimizer search are not enclosed
16384,14,crossing_refinement,1.4359375,1.0614499774616823,96,3.72180817196627461430e-02,3.15524612579603513929e-02,2.88281648898734040032e-02,2.59605309793225769166e-01,4.97724077108032455293e-16,-7.25234463065682968819e-04,-7.06278027215893888791e-04,-7.25227840854316893604e-04,2.90484948865444604638e-03,1.01480500164263970555e-06,4.40165211704521442401e-12,4.38474414425130772489e-12,4.40165211704521442401e-12,True,4.38474414425130772489e-12,True,series tail and order change; rounding and minimizer search are not enclosed
16384,14,crossing_refinement,1.43609375,1.0614566640751166,96,3.72278912102605649692e-02,3.15640627741953505581e-02,2.88380534919800736449e-02,2.59606952448489913809e-01,4.97701437340646664650e-16,-7.25748940350711378711e-04,-7.06821779263787017267e-04,-7.25764817918540458552e-04,2.90037223597823610316e-03,-2.43312737184107271638e-06,4.40140485204146133396e-12,4.38450085974793964908e-12,4.40140485204146133396e-12,True,4.38450085974793964908e-12,True,series tail and order change; rounding and minimizer search are not enclosed
16384,14,crossing_refinement,1.436015625,1.0614533207683994,96,3.72229861861274602397e-02,3.15582617985575020203e-02,2.88331090570645570681e-02,2.59606131120783789612e-01,4.97712757107901767512e-16,-7.25491690941256449354e-04,-7.06549895181237189168e-04,-7.25496321791644499521e-04,2.90261045064269321281e-03,-7.09644701310567594800e-07,4.40152847565482175477e-12,4.38462247106042123409e-12,4.40152847565482175477e-12,True,4.38462247106042123409e-12,True,series tail and order change; rounding and minimizer search are not enclosed
16384,14,crossing_refinement,1.565,1.0669731201584558,96,4.60476857923849403065e-02,4.16913864190207525406e-02,3.73209740452792246290e-02,2.60962345675328721839e-01,4.79337876699780190445e-16,-1.18013100638017856547e-03,-1.18042185754578012047e-03,-1.19226616757783007022e-03,-4.46825178970178092533e-05,-1.86431923997796124629e-03,4.21733015359609930302e-12,4.20297108369942137136e-12,4.21733015359609930302e-12,True,4.20297108369942137136e-12,True,series tail and order change; rounding and minimizer search are not enclosed
16384,14,crossing_refinement,1.5625,1.0668661343435062,96,4.58635296571813441679e-02,4.14850998646926830138e-02,3.71510088421540540793e-02,2.60936055396790878014e-01,4.79688107586835201514e-16,-1.17074173135127326123e-03,-1.17071637041557975040e-03,-1.18273177853879876698e-03,3.89592376221982098747e-06,-1.84193408880558998422e-03,4.22058656927466649669e-12,4.20619263858083161047e-12,4.22058656927466649669e-12,True,4.20619263858083161047e-12,True,series tail and order change; rounding and minimizer search are not enclosed
16384,14,crossing_refinement,1.56375,1.066919627250981,96,4.59555467770775064040e-02,4.15881976924738702706e-02,3.72359679752752026349e-02,2.60949200516875590150e-01,4.79512963205965759333e-16,-1.17543348742646987931e-03,-1.17556636101585291337e-03,-1.18749640996613798488e-03,-2.04124281140317338020e-05,-1.85317528641608950460e-03,4.21895701401232962912e-12,4.20458064880413050329e-12,4.21895701401232962912e-12,True,4.20458064880413050329e-12,True,series tail and order change; rounding and minimizer search are not enclosed
16384,14,crossing_refinement,1.5631249999999999,1.0668928807972435,96,4.59095229651129560500e-02,4.15366374039190036638e-02,3.71934825293767923338e-02,2.60942627952037375927e-01,4.79600528161013025593e-16,-1.17308688908657806488e-03,-1.17314067798323425768e-03,-1.18511345389480781537e-03,-8.26310410892967350631e-06,-1.84756689765754023545e-03,4.21977139191197650581e-12,4.20538633980114984413e-12,4.21977139191197650581e-12,True,4.20538633980114984413e-12,True,series tail and order change; rounding and minimizer search are not enclosed
16384,14,crossing_refinement,1.5628125,1.066879507570375,96,4.58865224962584777879e-02,4.15108657890999183104e-02,3.71722442144015938204e-02,2.60939341673215197126e-01,4.79644316064945214252e-16,-1.17191413015064940101e-03,-1.17192835233016854485e-03,-1.18392245617960929077e-03,-2.18481183098746228319e-06,-1.84475355258990024454e-03,4.22017881851247175684e-12,4.20578941311693098984e-12,4.22017881851247175684e-12,True,4.20578941311693098984e-12,True,series tail and order change; rounding and minimizer search are not enclosed
16384,14,crossing_refinement,1.5626562499999999,1.0668728209569407,96,4.58750251227623348504e-02,4.14979821154023917340e-02,3.71616261602458267110e-02,2.60937698534703388376e-01,4.79666211373628756741e-16,-1.17132788573481860794e-03,-1.17132231841357396795e-03,-1.18332707735645508568e-03,8.55249465402182840560e-07,-1.84334458639432850931e-03,4.22038262763500942516e-12,4.20599100681769380128e-12,4.22038262763500942516e-12,True,4.20599100681769380128e-12,True,series tail and order change; rounding and minimizer search are not enclosed
16384,14,crossing_refinement,1.5627343749999998,1.0668761642636577,96,4.58807735710502553883e-02,4.15044237744015415137e-02,3.71669350953394081460e-02,2.60938520103884408208e-01,4.79655263606224235813e-16,-1.17162099668857190571e-03,-1.17162532463103638558e-03,-1.18362475676651607986e-03,-6.64857672425419926862e-07,-1.84404926080920426000e-03,4.22028069995318499727e-12,4.20589020521110303715e-12,4.22028069995318499727e-12,True,4.20589020521110303715e-12,True,series tail and order change; rounding and minimizer search are not enclosed
65536,16,crossing_refinement,1.455,1.0544825262630888,96,2.31087547574818710783e-02,2.04821144777658295522e-02,1.91915131430077379182e-02,2.57893983182980290891e-01,5.21827308658160746865e-16,-4.75267220029768414080e-04,-4.70219060531277925630e-04,-4.75287615441300805019e-04,7.71529813736720332384e-04,-3.11713406880022516571e-06,1.19073048959025571638e-12,1.18507225044854515396e-12,1.19073048959025571638e-12,True,1.18507225044854515396e-12,True,series tail and order change; rounding and minimizer search are not enclosed
65536,16,crossing_refinement,1.4525000000000001,1.054388913675008,96,2.29908074661863970345e-02,2.03482056788399125191e-02,1.90723120727038543409e-02,2.57870994643395134993e-01,5.22158214471372685995e-16,-4.70183416840698996386e-04,-4.64987095259679523995e-04,-4.70089399137477766816e-04,7.94143293021081224554e-04,1.43686470296601039791e-05,1.19219148651791572422e-12,1.18650769317596072870e-12,1.19219148651791572422e-12,True,1.18650769317596072870e-12,True,series tail and order change; rounding and minimizer search are not enclosed
65536,16,crossing_refinement,1.45375,1.0544357199690484,96,2.30497175161656492337e-02,2.04151078576553755839e-02,1.91318745925046912459e-02,2.57882488898904582708e-01,5.21992737863108560712e-16,-4.72723034778031563075e-04,-4.67601047721318430900e-04,-4.72686522649707740323e-04,7.82798029679117042361e-04,5.58022578698502530855e-06,1.19145960573499144265e-12,1.18578859563283183751e-12,1.19145960573499144265e-12,True,1.18578859563283183751e-12,True,series tail and order change; rounding and minimizer search are not enclosed
65536,16,crossing_refinement,1.4543750000000002,1.0544591231160687,96,2.30792202446896341228e-02,2.04485981197834384981e-02,1.91616843737831103744e-02,2.57888236037371487708e-01,5.21910017335964491405e-16,-4.73994556162963057155e-04,-4.68909545820286530193e-04,-4.73986572158826419132e-04,7.77154357124647948707e-04,1.22022401716231244076e-06,1.19109470322027936780e-12,1.18543006616635221526e-12,1.19109470322027936780e-12,True,1.18543006616635221526e-12,True,series tail and order change; rounding and minimizer search are not enclosed
65536,16,crossing_refinement,1.4546875000000001,1.0544708246895789,96,2.30939835289044430311e-02,2.04653530376981036831e-02,1.91765963861356414366e-02,2.57891109609283020188e-01,5.21868661515987905281e-16,-4.74630745245400303967e-04,-4.69564176004301850331e-04,-4.74636969487883270818e-04,7.74339702542220769538e-04,-9.51277918109533903731e-07,1.19091251043639910123e-12,1.18525106663235910151e-12,1.19091251043639910123e-12,True,1.18525106663235910151e-12,True,series tail and order change; rounding and minimizer search are not enclosed
65536,16,crossing_refinement,1.45453125,1.0544649739028238,96,2.30866008936449415567e-02,2.04569747633583896851e-02,1.91691397867402198163e-02,2.57889672823104099120e-01,5.21889339055695933485e-16,-4.74312614996524797156e-04,-4.69236829131281039246e-04,-4.74311739756610398905e-04,7.75746433080407591168e-04,1.33766381380817238885e-07,1.19100358531842758292e-12,1.18534053959429810555e-12,1.19100358531842758292e-12,True,1.18534053959429810555e-12,True,series tail and order change; rounding and minimizer search are not enclosed
65536,16,crossing_refinement,1.454609375,1.0544678992962013,96,2.30902919630000258433e-02,2.04611636966968296614e-02,1.91728679381523367531e-02,2.57890391216137881969e-01,5.21879000193273381587e-16,-4.74471671193413529338e-04,-4.69400494621052908478e-04,-4.74474346854146435820e-04,7.75042918752515130887e-04,-4.08932316890350510050e-07,1.19095804250214906123e-12,1.18529579703802415717e-12,1.19095804250214906123e-12,True,1.18529579703802415717e-12,True,series tail and order change; rounding and minimizer search are not enclosed
65536,16,crossing_refinement,1.565,1.0586014801386487,96,2.87866168303965823394e-02,2.67735357767105094928e-02,2.47187860633324152371e-02,2.58905592404625739533e-01,5.07453776370515663647e-16,-7.17583144855795697359e-04,-7.17718355362701072864e-04,-7.20869542128093569039e-04,-2.07004738169075417438e-05,-5.03143656880929374467e-04,1.13556201768630289793e-12,1.13085052298476454471e-12,1.13556201768630289793e-12,True,1.13085052298476454471e-12,True,series tail and order change; rounding and minimizer search are not enclosed
65536,16,crossing_refinement,1.5625,1.058507867550568,96,2.86473532533354884044e-02,2.66221883416676817491e-02,2.45874339722856952162e-02,2.58882598813827413675e-01,5.07776430932953046426e-16,-7.11661290785038994078e-04,-7.11695850970871495694e-04,-7.14901643794605724802e-04,-5.29088842443054681276e-06,-4.96074600238879969728e-04,1.13665144552265374140e-12,1.13192226261295880384e-12,1.13665144552265374140e-12,True,1.13192226261295880384e-12,True,series tail and order change; rounding and minimizer search are not enclosed
65536,16,crossing_refinement,1.56125,1.0584610612565275,96,2.85778926817436100538e-02,2.65466550146684007738e-02,2.45218511645344285077e-02,2.58871102061675961714e-01,5.07937827771890695725e-16,-7.08707741260023674906e-04,-7.08691841282676343594e-04,-7.11924715532542135010e-04,2.43411105523015334904e-06,-4.92485695082038122186e-04,1.13719856618358896991e-12,1.13246045395567609906e-12,1.13719856618358896991e-12,True,1.13246045395567609906e-12,True,series tail and order change; rounding and minimizer search are not enclosed
65536,16,crossing_refinement,1.5618750000000001,1.0584844644035478,96,2.86126086809571356095e-02,2.65844099653540742734e-02,2.45546347821687833968e-02,2.58876850434148098046e-01,5.07857123554725428793e-16,-7.10183901524208665429e-04,-7.10193243211690392741e-04,-7.13412595139936971805e-04,-1.43012349806057660074e-06,-4.94284718274049829356e-04,1.13692479265450036077e-12,1.13219116382288163024e-12,1.13692479265450036077e-12,True,1.13219116382288163024e-12,True,series tail and order change; rounding and minimizer search are not enclosed
65536,16,crossing_refinement,1.5615625,1.0584727628300377,96,2.85952471083190662426e-02,2.65655295607880106989e-02,2.45382410255588663539e-02,2.58873976247011139407e-01,5.07897474213792517779e-16,-7.09445667789747064919e-04,-7.09442391565732327630e-04,-7.12668509246998371776e-04,5.01556236627111910671e-07,-4.93386352293605917607e-04,1.13706162132978259049e-12,1.13232576019850107076e-12,1.13706162132978259049e-12,True,1.13232576019850107076e-12,True,series tail and order change; rounding and minimizer search are not enclosed
65536,16,crossing_refinement,1.56171875,1.0584786136167927,96,2.86039270015534460856e-02,2.65749690308927088989e-02,2.45464374170696504607e-02,2.58875413340354409986e-01,5.07877298521891574953e-16,-7.09814746253607103954e-04,-7.09817779712422405186e-04,-7.13040515665937322393e-04,-4.64392534983397018079e-07,-4.93835821315996852283e-04,1.13699319165600743640e-12,1.13225844984743503585e-12,1.13699319165600743640e-12,True,1.13225844984743503585e-12,True,series tail and order change; rounding and minimizer search are not enclosed
65536,16,crossing_refinement,1.561640625,1.0584756882234152,96,2.85995868316433962675e-02,2.65702491127798035020e-02,2.45423390995963899841e-02,2.58874694793626458633e-01,5.07887386277248766973e-16,-7.09630197421178519901e-04,-7.09630076220748185617e-04,-7.12854503325236702610e-04,1.85545637648116668986e-08,-4.93611158359633919387e-04,1.13702740071526037604e-12,1.13229210198097540383e-12,1.13702740071526037604e-12,True,1.13229210198097540383e-12,True,series tail and order change; rounding and minimizer search are not enclosed
262144,18,crossing_refinement,1.4649999999999999,1.0487617569914778,96,1.43011771390269479265e-02,1.30978161455525404788e-02,1.25112139359968340541e-02,2.56489336958904523556e-01,5.42401158189644870042e-16,-2.93872247092796671022e-04,-2.92481317259791605973e-04,-2.93845428655733565196e-04,2.12125260744686739518e-04,4.08998330085635348585e-06,3.32074891661943057672e-13,3.30173786579064655749e-13,3.32074891661943057672e-13,True,3.30173786579064655749e-13,True,series tail and order change; rounding and minimizer search are not enclosed
262144,18,crossing_refinement,1.4674999999999998,1.0488449681808831,96,1.43880117837818892468e-02,1.31931731191971164663e-02,1.25989527408900542360e-02,2.56509765144334989095e-01,5.42096724254687540928e-16,-2.97022173492862088390e-04,-2.95676930943271614599e-04,-2.97030725112083001521e-04,2.05164273954483396050e-04,-1.30421861217349512060e-06,3.31432021270628177945e-13,3.29539356174860667419e-13,3.31432021270628177945e-13,True,3.29539356174860667419e-13,True,series tail and order change; rounding and minimizer search are not enclosed
262144,18,crossing_refinement,1.4662499999999998,1.0488033625861803,96,1.43445409726064617567e-02,1.31454488155424049911e-02,1.25550463113363024864e-02,2.56499551040478668273e-01,5.42248921921461819280e-16,-2.95445422913339413723e-04,-2.94077425631162920477e-04,-2.95436395037826718402e-04,2.08631263447241752703e-04,1.37683093573160774579e-06,3.31752650861559387933e-13,3.29855768314830246929e-13,3.31752650861559387933e-13,True,3.29855768314830246929e-13,True,series tail and order change; rounding and minimizer search are not enclosed
262144,18,crossing_refinement,1.466875,1.0488241653835317,96,1.43662630102128277554e-02,1.31692995162546941379e-02,1.25769902750211062803e-02,2.56504658089621362382e-01,5.42172818263434417323e-16,-2.96233351024391758366e-04,-2.94876753159668218013e-04,-2.96233139118537349560e-04,2.06894419506847094875e-04,3.23177785923348787503e-08,3.31592135314458086018e-13,3.29697360503289137194e-13,3.31592135314458086018e-13,True,3.29697360503289137194e-13,True,series tail and order change; rounding and minimizer search are not enclosed
262144,18,crossing_refinement,1.4671874999999999,1.0488345667822074,96,1.43771340555324568522e-02,1.31812334553348797089e-02,1.25879691958940779367e-02,2.56507211616281871613e-01,5.42134770052967892651e-16,-2.96627650422297663504e-04,-2.95276735706018807898e-04,-2.96631826814525373717e-04,2.06028512764208968479e-04,-6.36944469769372357339e-07,3.31512028185603124566e-13,3.29618308477538465831e-13,3.31512028185603124566e-13,True,3.29618308477538465831e-13,True,series tail and order change; rounding and minimizer search are not enclosed
262144,18,crossing_refinement,1.4670312499999998,1.0488293660828696,96,1.43716976974399800182e-02,1.31752657701485215852e-02,1.25824791573532560052e-02,2.56505934852777450761e-01,5.42153793856669427766e-16,-2.96430472769465156932e-04,-2.95076717854417421016e-04,-2.96432456649036845525e-04,2.06461257228174891116e-04,-3.02562238483310378421e-07,3.31552069213184457672e-13,3.29657821974536207842e-13,3.31552069213184457672e-13,True,3.29657821974536207842e-13,True,series tail and order change; rounding and minimizer search are not enclosed
262144,18,crossing_refinement,1.4669531249999999,1.0488267657332007,96,1.43689801449599502403e-02,1.31722824642839866915e-02,1.25797345716499864299e-02,2.56505296471155885829e-01,5.42163305984668029315e-16,-2.96331904909112207533e-04,-2.94976728863429859401e-04,-2.96332791305380224486e-04,2.06677786088982644221e-04,-1.35184500739836734248e-07,3.31572099128344970028e-13,3.29677588068322341652e-13,3.31572099128344970028e-13,True,3.29677588068322341652e-13,True,series tail and order change; rounding and minimizer search are not enclosed
262144,18,crossing_refinement,1.5550000000000002,1.051757359810067,96,1.76919518657338084577e-02,1.67583114527718457509e-02,1.58507562779634479655e-02,2.57224807912376951524e-01,5.31538302252824896233e-16,-4.16573383838287486514e-04,-4.16519565904970197334e-04,-4.17412974765183752285e-04,8.21718620564440880389e-06,-1.28193038429149426972e-04,3.12435399502203474495e-13,3.10813212527560201942e-13,3.12435399502203474495e-13,True,3.10813212527560201942e-13,True,series tail and order change; rounding and minimizer search are not enclosed
262144,18,crossing_refinement,1.5575,1.051840570999472,96,1.77937478107532062732e-02,1.68665699772010124757e-02,1.59486591764636045920e-02,2.57245239317483942454e-01,5.31239382655166714428e-16,-4.20263033782212851175e-04,-4.20240800810689138500e-04,-4.21117722312357427999e-04,3.39475112310736304563e-06,-1.30502516476019102655e-04,3.11977975248777489183e-13,3.10362766198750156884e-13,3.11977975248777489183e-13,True,3.10362766198750156884e-13,True,series tail and order change; rounding and minimizer search are not enclosed
262144,18,crossing_refinement,1.55875,1.0518821765941748,96,1.78447961218119177662e-02,1.69208301452867942993e-02,1.59977109372043228841e-02,2.57255455053693182776e-01,5.31089979829764823811e-16,-4.22113715931711486196e-04,-4.22107223965867243975e-04,-4.22975821370092080337e-04,9.91274232951349138399e-07,-1.31637174482658749581e-04,3.11750772114465910294e-13,3.10139036207735552198e-13,3.11750772114465910294e-13,True,3.10139036207735552198e-13,True,series tail and order change; rounding and minimizer search are not enclosed
262144,18,crossing_refinement,1.5593750000000002,1.051902979391526,96,1.78703578132561498315e-02,1.69479929253767286346e-02,1.60222618494122413801e-02,2.57260562930212599575e-01,5.31015292656718714582e-16,-4.23040522933510691056e-04,-4.23041889195093726711e-04,-4.23906304305532097287e-04,-2.08619562359300732711e-07,-1.32199552101318167086e-04,3.11637545603124404693e-13,3.10027541657881696833e-13,3.11637545603124404693e-13,True,3.10027541657881696833e-13,True,series tail and order change; rounding and minimizer search are not enclosed
262144,18,crossing_refinement,1.5590625,1.0518925779928503,96,1.78575738409945151963e-02,1.69344088115687650686e-02,1.60099843086931627190e-02,2.57258008991251618802e-01,5.31052635056714503932e-16,-4.22576997223649171442e-04,-4.22574435376934370856e-04,-4.23440943325550673421e-04,3.91176289342268038794e-07,-1.31918773878807762913e-04,3.11694127414965022578e-13,3.10083258146636276257e-13,3.11694127414965022578e-13,True,3.10083258146636276257e-13,True,series tail and order change; rounding and minimizer search are not enclosed
262144,18,crossing_refinement,1.55921875,1.0518977786921881,96,1.78639650455996064349e-02,1.69412001876001853951e-02,1.60161225580018468095e-02,2.57259285960556749462e-01,5.31033963560092928069e-16,-4.22808729522724559280e-04,-4.22808131980203453365e-04,-4.23673593932860203387e-04,9.12408017107236232706e-08,-1.32059265484546880165e-04,3.11665828408236949926e-13,3.10055392212023662833e-13,3.11665828408236949926e-13,True,3.10055392212023662833e-13,True,series tail and order change; rounding and minimizer search are not enclosed
262144,18,crossing_refinement,1.5592968750000002,1.051900379041857,96,1.78671612340600936830e-02,1.69445963862788449850e-02,1.60191920734572244844e-02,2.57259924445340959487e-01,5.31024628034250973386e-16,-4.22924618588699230415e-04,-4.22925003010580710661e-04,-4.23789941647951390324e-04,-5.86987462590346927072e-08,-1.32129434398320383002e-04,3.11651684919812789483e-13,3.10041465013181845219e-13,3.11651684919812789483e-13,True,3.10041465013181845219e-13,True,series tail and order change; rounding and minimizer search are not enclosed
1048576,20,crossing_refinement,1.475,1.044185141574189,96,8.96271029216816339513e-03,8.42664121951128622379e-03,8.16054217313958232816e-03,2.55365923530357585847e-01,5.59384773582130851292e-16,-1.80402819250576962676e-04,-1.80039574890617209285e-04,-1.80401612541697224656e-04,5.53043095890279885036e-05,1.83722710138324070563e-07,9.70788343541557300863e-14,9.64754840634596205083e-14,9.70788343541557300863e-14,True,9.64754840634596205083e-14,True,series tail and order change; rounding and minimizer search are not enclosed
1048576,20,crossing_refinement,1.4775,1.0442600316446538,96,9.02562023406471708453e-03,8.49391038436273122791e-03,8.22396599812684307718e-03,2.55384304504708836703e-01,5.59103038839196501047e-16,-1.82365525671060804691e-04,-1.82015952958205183554e-04,-1.82374870427749963611e-04,5.32242577791558810598e-05,-1.42278842831084744541e-06,9.67781662442925969034e-14,9.61770515208555299810e-14,9.67781662442925969034e-14,True,9.61770515208555299810e-14,True,series tail and order change; rounding and minimizer search are not enclosed
1048576,20,crossing_refinement,1.47625,1.0442225866094212,96,8.99412209757244340835e-03,8.46023742354877136829e-03,8.19222086485693265501e-03,2.55375114008604353621e-01,5.59243890190921774226e-16,-1.81382826448518458956e-04,-1.81026447437868803769e-04,-1.81386930863101621461e-04,5.42598025568817745158e-05,-6.24910111061036751812e-07,9.69280759333379743926e-14,9.63258437004568753753e-14,9.69280759333379743926e-14,True,9.63258437004568753753e-14,True,series tail and order change; rounding and minimizer search are not enclosed
1048576,20,crossing_refinement,1.475625,1.0442038640918052,96,8.97840540167125361615e-03,8.44342972674431979652e-03,8.17637321154823619451e-03,2.55370518767248866343e-01,5.59314327881191809241e-16,-1.80892486649640062135e-04,-1.80532682412896765267e-04,-1.80893944411242247813e-04,5.47809255942171576372e-05,-2.21947285863603343938e-07,9.70033487188806819314e-14,9.64005574577095853285e-14,9.70033487188806819314e-14,True,9.64005574577095853285e-14,True,series tail and order change; rounding and minimizer search are not enclosed
1048576,20,crossing_refinement,1.4753125,1.044194502832997,96,8.97055514839530630800e-03,8.43503307440887292734e-03,8.16845561520047891424e-03,2.55368221148245144736e-01,5.59349549730278092431e-16,-1.80647568938080817572e-04,-1.80286046510301674328e-04,-1.80647696699311448992e-04,5.50423336909885025639e-05,-1.94518503443473675008e-08,9.70410648885196913407e-14,9.64379940454311040735e-14,9.70410648885196913407e-14,True,9.64379940454311040735e-14,True,series tail and order change; rounding and minimizer search are not enclosed
1048576,20,crossing_refinement,1.47515625,1.044189822203593,96,8.96663204562268834064e-03,8.43083654727760749281e-03,8.16449837484913877594e-03,2.55367072339161893524e-01,5.59367161405852363842e-16,-1.80525173096066733278e-04,-1.80162790170899618850e-04,-1.80524634181922737086e-04,5.51732505039359354777e-05,8.20503930579378540268e-08,9.70599429541085495564e-14,9.64567323832341638128e-14,9.70599429541085495564e-14,True,9.64567323832341638128e-14,True,series tail and order change; rounding and minimizer search are not enclosed
1048576,20,crossing_refinement,1.4752343749999999,1.044192162518295,96,8.96859342834773962116e-03,8.43293466092297737402e-03,8.16647686519897213209e-03,2.55367646743668630371e-01,5.59358355505477989993e-16,-1.80586365766915177625e-04,-1.80224413207486769059e-04,-1.80586160330256607562e-04,5.51077743333235753331e-05,3.12780306718907736569e-08,9.70505022551607437849e-14,9.64473615400710356622e-14,9.70505022551607437849e-14,True,9.64473615400710356622e-14,True,series tail and order change; rounding and minimizer search are not enclosed
1048576,20,crossing_refinement,1.5550000000000002,1.0465816238290602,96,1.11455647194303487935e-02,1.07312057035317664350e-02,1.03202163357096581009e-02,2.55954150204500407995e-01,5.50432563187054840300e-16,-2.48742163724305527517e-04,-2.48736614026412450329e-04,-2.48971138314539684050e-04,8.45700815458234872678e-07,-3.48927222015289848368e-05,8.89385401184182662153e-14,8.84048159701412343131e-14,8.89385401184182662153e-14,True,8.84048159701412343131e-14,True,series tail and order change; rounding and minimizer search are not enclosed
1048576,20,crossing_refinement,1.5575,1.046656513899525,96,1.12193633931234743040e-02,1.08082599511738295522e-02,1.03919700663234072097e-02,2.55972533471038987685e-01,5.50154903473196972139e-16,-2.51067942712957827001e-04,-2.51071968731121858767e-04,-2.51301426078934719496e-04,-6.13529376754368894414e-07,-3.55808017411167619892e-05,8.87271998257813850972e-14,8.81955714384619811768e-14,8.87271998257813850972e-14,True,8.81955714384619811768e-14,True,series tail and order change; rounding and minimizer search are not enclosed
1048576,20,crossing_refinement,1.5562500000000001,1.0466190688642925,96,1.11824222880233057481e-02,1.07696948610177430095e-02,1.03560614410501648786e-02,2.55963341828790935661e-01,5.50293717513357816582e-16,-2.49903568073005623654e-04,-2.49902811558893635235e-04,-2.50134811921257820336e-04,1.15284402362130703174e-07,-3.52390231038005152906e-05,8.88325871549344210465e-14,8.82999118810285073499e-14,8.88325871549344210465e-14,True,8.82999118810285073499e-14,True,series tail and order change; rounding and minimizer search are not enclosed
1048576,20,crossing_refinement,1.5568750000000002,1.0466377913819087,96,1.12008824019229815544e-02,1.07889679158921607260e-02,1.03740078170888958692e-02,2.55967937647670173984e-01,5.50224306539479716122e-16,-2.50485383866173166867e-04,-2.50487019916592005414e-04,-2.50717751166173010227e-04,-2.49317784320491399798e-07,-3.54104739606017987160e-05,8.87798230302321807956e-14,8.82476714313118826006e-14,8.87798230302321807956e-14,True,8.82476714313118826006e-14,True,series tail and order change; rounding and minimizer search are not enclosed
1048576,20,crossing_refinement,1.5565625,1.0466284301231006,96,1.11916497348833118841e-02,1.07793290157308738891e-02,1.03650326444952780441e-02,2.55965639737669392595e-01,5.50259011037920141593e-16,-2.50194383117899191507e-04,-2.50194823214770246944e-04,-2.50426189618314747054e-04,-6.70661425740555882188e-08,-3.53248893828538449769e-05,8.88061874104182532617e-14,8.82737740706932725595e-14,8.88061874104182532617e-14,True,8.82737740706932725595e-14,True,series tail and order change; rounding and minimizer search are not enclosed
1048576,20,crossing_refinement,1.5564062500000002,1.0466237494936965,96,1.11870353588774951170e-02,1.07745113451716955505e-02,1.03605465465761159560e-02,2.55964490783089804182e-01,5.50276364028508233878e-16,-2.50048952386285614283e-04,-2.50048794260359415892e-04,-2.50280477792575980003e-04,2.40966885923837516926e-08,-3.52819915143425568956e-05,8.88193828413977206438e-14,8.82868385759408181338e-14,8.88193828413977206438e-14,True,8.82868385759408181338e-14,True,series tail and order change; rounding and minimizer search are not enclosed
1048576,20,crossing_refinement,1.5564843750000001,1.0466260898083986,96,1.11893423837431168349e-02,1.07769200321533222681e-02,1.03627894714931646780e-02,2.55965065260344570852e-01,5.50267687471432179360e-16,-2.50121661949330486088e-04,-2.50121802955411863187e-04,-2.50353327960622668719e-04,-2.14878274761691348509e-08,-3.53034492587704548097e-05,8.88127840127433785457e-14,8.82803052237810882390e-14,8.88127840127433785457e-14,True,8.82803052237810882390e-14,True,series tail and order change; rounding and minimizer search are not enclosed
4194304,22,crossing_refinement,1.4849999999999999,1.0404406380509525,96,5.68650525758919098140e-03,5.45366983770933632519e-03,5.33288004821694510554e-03,2.54446965620292897547e-01,5.73636011178580297672e-16,-1.10614085113987020356e-04,-1.10524113765171844506e-04,-1.10618895260351356863e-04,1.36799257747522217879e-05,-7.31371215162949528850e-07,3.00626573747455534671e-14,2.98834223122451158158e-14,3.00626573747455534671e-14,True,2.98834223122451158158e-14,True,series tail and order change; rounding and minimizer search are not enclosed
4194304,22,crossing_refinement,1.4825,1.0403725561687118,96,5.64164175294162850705e-03,5.40665478235340373619e-03,5.28775888124205419721e-03,2.54430258937764885996e-01,5.73898130763520285555e-16,-1.09386709003415167826e-04,-1.09292729123726980837e-04,-1.09388441122267162861e-04,1.42890664131275539969e-05,-2.63358125116609674218e-07,3.02014443644090559563e-14,3.00216918199826539300e-14,3.02014443644090559563e-14,True,3.00216918199826539300e-14,True,series tail and order change; rounding and minimizer search are not enclosed
4194304,22,crossing_refinement,1.48125,1.0403385152275915,96,5.61931157356375561573e-03,5.38324046367058290513e-03,5.26528284161082316822e-03,2.54421905618440524766e-01,5.74029231091224409271e-16,-1.08775969829386478030e-04,-1.08679956977233657146e-04,-1.08776128259524301929e-04,1.45979903800114189309e-05,-2.40880456540326039470e-08,3.02714619820260080731e-14,3.00914507501351415012e-14,3.02714619820260080731e-14,True,3.00914507501351415012e-14,True,series tail and order change; rounding and minimizer search are not enclosed
4194304,22,crossing_refinement,1.4806249999999999,1.0403214947570314,96,5.60817187562881458440e-03,5.37155659495524261116e-03,5.25406595634792493443e-03,2.54417728964262734870e-01,5.74094791391014854060e-16,-1.08471335654644336459e-04,-1.08374298967198494023e-04,-1.08470698415515033781e-04,1.47535669274599156653e-05,9.68865670127685620029e-08,3.03066280001872380529e-14,3.01264874677802556919e-14,3.03066280001872380529e-14,True,3.01264874677802556919e-14,True,series tail and order change; rounding and minimizer search are not enclosed
4194304,22,crossing_refinement,1.4809375,1.0403300049923114,96,5.61373960866462604763e-03,5.37739658877633714545e-03,5.25967263781196205791e-03,2.54419817290894634265e-01,5.74062010396394653973e-16,-1.08623591511573846027e-04,-1.08527067359381066206e-04,-1.08623352847193703485e-04,1.46756849864692853785e-05,3.62869156956879543271e-08,3.02890318550665998879e-14,3.01089559680563674247e-14,3.02890318550665998879e-14,True,3.01089559680563674247e-14,True,series tail and order change; rounding and minimizer search are not enclosed
4194304,22,crossing_refinement,1.4810937499999999,1.0403342601099514,96,5.61652506212759802112e-03,5.38031804106307680324e-03,5.26247729941603688275e-03,2.54420861454553226544e-01,5.74045620532633094320e-16,-1.08699765358822621197e-04,-1.08603497010661118917e-04,-1.08699725426376165791e-04,1.46368143256676021101e-05,6.07140250159110622083e-09,3.02802436371855889292e-14,3.01002000737718874209e-14,3.02802436371855889292e-14,True,3.01002000737718874209e-14,True,series tail and order change; rounding and minimizer search are not enclosed
4194304,22,crossing_refinement,1.4811718749999998,1.0403363876687715,96,5.61791818559856902249e-03,5.38177913107345390342e-03,5.26387996043916304989e-03,2.54421383536468259656e-01,5.74037425759135271093e-16,-1.08737863765685305664e-04,-1.08641723203980892012e-04,-1.08737923060653655059e-04,1.46173965210470818937e-05,-9.01532272615120285814e-09,3.02758519895965595099e-14,3.00958245909486225669e-14,3.02758519895965595099e-14,True,3.00958245909486225669e-14,True,series tail and order change; rounding and minimizer search are not enclosed
4194304,22,crossing_refinement,1.5550000000000002,1.042346930753691,96,7.05261564778473116349e-03,6.87172172634270550517e-03,6.68776438447381878921e-03,2.54914776521931452091e-01,5.66340393772169236449e-16,-1.48300610533344881525e-04,-1.48302236693345916747e-04,-1.48363200733795785186e-04,-2.47422961397054074691e-07,-9.52320446734032676796e-06,2.67738978081100370461e-14,2.66091772796623260346e-14,2.67738978081100370461e-14,True,2.66091772796623260346e-14,True,series tail and order change; rounding and minimizer search are not enclosed
4194304,22,crossing_refinement,1.5525000000000002,1.0422788488714505,96,7.00017565355957101930e-03,6.81767900497211309929e-03,6.63633898283367933135e-03,2.54898068197474292340e-01,5.66599502315366580269e-16,-1.46840391761467311746e-04,-1.46839156628645337369e-04,-1.46901631611784421264e-04,1.87922897982330213021e-07,-9.31751713886145141767e-06,2.68737542268374575430e-14,2.67085158435340648394e-14,2.68737542268374575430e-14,True,2.67085158435340648394e-14,True,series tail and order change; rounding and minimizer search are not enclosed
4194304,22,crossing_refinement,1.5537500000000002,1.0423128898125706,96,7.02636192810350730664e-03,6.84466876763887253909e-03,6.66202365399035881938e-03,2.54906422352356443195e-01,5.66469934669406365480e-16,-1.47569409103262614950e-04,-1.47569606293493772557e-04,-1.47631329059508438484e-04,-3.00024539443786868887e-08,-9.42110975305763679092e-06,2.68236817772587455582e-14,2.66587023648658299965e-14,2.68236817772587455582e-14,True,2.66587023648658299965e-14,True,series tail and order change; rounding and minimizer search are not enclosed
4194304,22,crossing_refinement,1.553125,1.0422958693420106,96,7.01326035948592919900e-03,6.83116598749857698719e-03,6.64917431016216840117e-03,2.54902245273078864596e-01,5.66534715148494187621e-16,-1.47204627644609417278e-04,-1.47204109104862685894e-04,-1.47266208789690678307e-04,7.88952326379970087110e-08,-9.36950206222788309568e-06,2.68486818275541615454e-14,2.66835729381984405786e-14,2.68486818275541615454e-14,True,2.66835729381984405786e-14,True,series tail and order change; rounding and minimizer search are not enclosed
4194304,22,crossing_refinement,1.5534375000000002,1.0423043795772906,96,7.01980903604577845950e-03,6.83791540277917456181e-03,6.65559723011738789411e-03,2.54904333812258410141e-01,5.66502324073014984279e-16,-1.47386950149064137848e-04,-1.47386789580639045345e-04,-1.47448701009037495303e-04,2.44303783796017154124e-08,-9.39535288866653283378e-06,2.68361727703476149896e-14,2.66711286246636417612e-14,2.68361727703476149896e-14,True,2.66711286246636417612e-14,True,series tail and order change; rounding and minimizer search are not enclosed
4194304,22,crossing_refinement,1.55359375,1.0423086346949306,96,7.02308495514837247131e-03,6.84129159150071667478e-03,6.65881000407716246853e-03,2.54905378082192712874e-01,5.66486129162231560325e-16,-1.47478162566456647530e-04,-1.47478180903747968337e-04,-1.47539998051749777531e-04,-2.79001088898308111152e-09,-9.40824304427474260293e-06,2.68299250153167933432e-14,2.66649132398740053531e-14,2.68299250153167933432e-14,True,2.66649132398740053531e-14,True,series tail and order change; rounding and minimizer search are not enclosed
4194304,22,crossing_refinement,1.5535156250000002,1.0423065071361106,96,7.02144686386412496260e-03,6.83960337371421981528e-03,6.65720350760146389185e-03,2.54904855947196806731e-01,5.66494226565377803410e-16,-1.47432552093268529753e-04,-1.47432480984322866573e-04,-1.47494345285216509923e-04,1.08191867962067093121e-08,-9.40180090018542039259e-06,2.68330483284324982291e-14,2.66680203683179873636e-14,2.68330483284324982291e-14,True,2.66680203683179873636e-14,True,series tail and order change; rounding and minimizer search are not enclosed
16777216,24,crossing_refinement,1.4849999999999999,1.03707058488004,96,3.52264716447013006770e-03,3.41963212317805773793e-03,3.36832045834596031236e-03,2.53620054884281742602e-01,5.86741434596143332831e-16,-6.49107168796004955526e-05,-6.48850460355066644899e-05,-6.49106086598657812219e-05,3.89859240353617514434e-06,1.64351686491828013949e-08,1.00817705244342782997e-14,1.00306138217070942189e-14,1.00817705244342782997e-14,True,1.00306138217070942189e-14,True,series tail and order change; rounding and minimizer search are not enclosed
16777216,24,crossing_refinement,1.4874999999999998,1.0371329932720939,96,3.55394377550261823112e-03,3.45197509043511287924e-03,3.39976566245880256270e-03,2.53635366749935642350e-01,5.86496306826169745759e-16,-6.56732782454136679827e-05,-6.56487942290810678157e-05,-6.56740895439951520400e-05,3.71843138866073798725e-06,-1.23213372588818585314e-07,1.00186753085014890779e-14,9.96763527257535993546e-15,1.00186753085014890779e-14,True,9.96763527257535993546e-15,True,series tail and order change; rounding and minimizer search are not enclosed
16777216,24,crossing_refinement,1.4862499999999998,1.0371017890760668,96,3.53826947245969693559e-03,3.43577915015153868838e-03,3.38402015329253812170e-03,2.53627710811011042313e-01,5.86618859158946344417e-16,-6.52912978582804483241e-05,-6.52662235264435245698e-05,-6.52916531430305273689e-05,3.80804231947740184374e-06,-5.39571472857421329458e-08,1.00501239305858445776e-14,9.99902555870615955310e-15,1.00501239305858445776e-14,True,9.99902555870615955310e-15,True,series tail and order change; rounding and minimizer search are not enclosed
16777216,24,crossing_refinement,1.4856249999999998,1.0370861869780534,96,3.53045182071162668563e-03,3.42769952517711770298e-03,3.37616458077297275711e-03,2.53623882846122084000e-01,5.86680143989254090889e-16,-6.51008326539768110430e-05,-6.50754608493503221810e-05,-6.51009571307197432849e-05,3.85319864116290164798e-06,-1.89041986707581335663e-08,1.00659223953185306394e-14,1.00147948567669067200e-14,1.00659223953185306394e-14,True,1.00147948567669067200e-14,True,series tail and order change; rounding and minimizer search are not enclosed
16777216,24,crossing_refinement,1.4853124999999998,1.0370783859290467,96,3.52654786835676463397e-03,3.42366429664091309615e-03,3.37224108851515158580e-03,2.53621968864821023537e-01,5.86710788570596442642e-16,-6.50057311144511848315e-05,-6.49802099870261037906e-05,-6.50057394800102441093e-05,3.87586567539132384653e-06,-1.27046834296839688132e-09,1.00738402410800290482e-14,1.00226981195061285869e-14,1.00738402410800290482e-14,True,1.00226981195061285869e-14,True,series tail and order change; rounding and minimizer search are not enclosed
16777216,24,crossing_refinement,1.4851562499999997,1.0370744854045433,96,3.52459711038048250503e-03,3.42164782806726177830e-03,3.37028041569668260907e-03,2.53621011874456070423e-01,5.86726111402840696602e-16,-6.49582130872428890195e-05,-6.49326171508555062377e-05,-6.49581632195438888992e-05,3.88722155675010154339e-06,7.57334285902200631947e-09,1.00778038267124149700e-14,1.00266544144709911895e-14,1.00778038267124149700e-14,True,1.00266544144709911895e-14,True,series tail and order change; rounding and minimizer search are not enclosed
16777216,24,crossing_refinement,1.4852343749999997,1.037076435666795,96,3.52557238785719236421e-03,3.42265596688829222896e-03,3.37126066266903558558e-03,2.53621490369614732696e-01,5.86718449941586604639e-16,-6.49819693729890854664e-05,-6.49564108534082264822e-05,-6.49819486367500791929e-05,3.88154174806833888523e-06,3.14918789673230499682e-09,1.00758216450533413989e-14,1.00246758780746999403e-14,1.00758216450533413989e-14,True,1.00246758780746999403e-14,True,series tail and order change; rounding and minimizer search are not enclosed
16777216,24,crossing_refinement,1.5550000000000002,1.03881801985755,96,4.47822043610876519004e-03,4.40029401522409793074e-03,4.31872742103960125665e-03,2.54048805587043180498e-01,5.79912685711649862209e-16,-8.84699402293238510928e-05,-8.84713420934732461959e-05,-8.84870471998644003014e-05,-2.13029138190447753689e-07,-2.59959802798894167177e-06,8.57991698799937512824e-15,8.53203721774561243630e-15,8.57991698799937512824e-15,True,8.53203721774561243630e-15,True,series tail and order change; rounding and minimizer search are not enclosed
16777216,24,crossing_refinement,1.5525000000000002,1.038755611465496,96,4.44124192008939298187e-03,4.36255522050073892698e-03,4.28226689947606032477e-03,2.54033492401654681370e-01,5.80155329265517837823e-16,-8.75466729222461152726e-05,-8.75472369491973444883e-05,-8.75633944122702337007e-05,-8.57084038562121589302e-08,-2.54096413678356204720e-06,8.62515763104790344915e-15,8.57716034602804418480e-15,8.62515763104790344915e-15,True,8.57716034602804418480e-15,True,series tail and order change; rounding and minimizer search are not enclosed
16777216,24,crossing_refinement,1.55125,1.0387244072694692,96,4.42283236293504727205e-03,4.34376214681246597404e-03,4.26410703554274718441e-03,2.54025835827325796590e-01,5.80276685395960783192e-16,-8.70873972257411388745e-05,-8.70875409363781709249e-05,-8.71039213081620808735e-05,-2.18377405323050376172e-08,-2.51093893171154139497e-06,8.64798383742298692134e-15,8.59992781109854373339e-15,8.64798383742298692134e-15,True,8.59992781109854373339e-15,True,series tail and order change; rounding and minimizer search are not enclosed
16777216,24,crossing_refinement,1.5506250000000001,1.0387088051714557,96,4.41364750203759002856e-03,4.33438467722503661950e-03,4.25504469645835922686e-03,2.54022007544752403962e-01,5.80337372051212060256e-16,-8.68583475127857876016e-05,-8.68582806850232798032e-05,-8.68747717025056308618e-05,1.01548456379776000187e-08,-2.49574591838045417236e-06,8.65944882233010198393e-15,8.61136342846673182551e-15,8.65944882233010198393e-15,True,8.61136342846673182551e-15,True,series tail and order change; rounding and minimizer search are not enclosed
16777216,24,crossing_refinement,1.5509375,1.0387166062204625,96,4.41823827290544271507e-03,4.33907182348954555129e-03,4.25957440011795994417e-03,2.54023921685656572933e-01,5.80307028007701411819e-16,-8.69728233983425033995e-05,-8.69728618723901274190e-05,-8.69892976341532075252e-05,-5.84635892623706321730e-09,-2.50335756017974529568e-06,8.65371199376661241744e-15,8.60564128378419387827e-15,8.65371199376661241744e-15,True,8.60564128378419387827e-15,True,series tail and order change; rounding and minimizer search are not enclosed
16777216,24,crossing_refinement,1.55078125,1.038712705695959,96,4.41594247259328737815e-03,4.33672785325573545423e-03,4.25730918183190969184e-03,2.54022964615108759467e-01,5.80322199850481798102e-16,-8.69155732158620551037e-05,-8.69155590472273651206e-05,-8.69320224536128220716e-05,2.15300482931527614154e-09,-2.49955553070908771039e-06,8.65657932295391496846e-15,8.60850127120387187691e-15,8.65657932295391496846e-15,True,8.60850127120387187691e-15,True,series tail and order change; rounding and minimizer search are not enclosed
16777216,24,crossing_refinement,1.550859375,1.0387146559582108,96,4.41709026902767885880e-03,4.33789973909340549618e-03,4.25844169935906714797e-03,2.54023443150358740894e-01,5.80314613884348351189e-16,-8.69441952467983700942e-05,-8.69442074015521360747e-05,-8.69606569898189601941e-05,-1.84698540592607558848e-09,-2.50145749231302278766e-06,8.65514538717178325669e-15,8.60707100637894963768e-15,8.65514538717178325669e-15,True,8.60707100637894963768e-15,True,series tail and order change; rounding and minimizer search are not enclosed
67108864,26,crossing_refinement,1.4849999999999999,1.034219001427729,96,2.18926727352596484782e-03,2.14421961083133575873e-03,2.12258266512137814055e-03,2.52920472326068568325e-01,5.98040974832173464237e-16,-3.81147522244345508119e-05,-3.81075269619467410856e-05,-3.81143849222063675446e-05,1.09621481232692880935e-06,5.57269923416558122895e-08,3.57677728949424017938e-15,3.56264961434347257105e-15,3.57677728949424017938e-15,True,3.56264961434347257105e-15,True,series tail and order change; rounding and minimizer search are not enclosed
67108864,26,crossing_refinement,1.4874999999999998,1.0342766091742404,96,2.21074447832255056856e-03,2.16619839879615997888e-03,2.14414785765989091698e-03,2.52934604303658272517e-01,5.97810772337459158873e-16,-3.85866220816161588185e-05,-3.85797489386872287202e-05,-3.85865321497432293106e-05,1.04281187766717967354e-06,1.36447076987410528354e-08,3.54856552757924029971e-15,3.53446522855957636613e-15,3.54856552757924029971e-15,True,3.53446522855957636613e-15,True,series tail and order change; rounding and minimizer search are not enclosed
67108864,26,crossing_refinement,1.48875,1.034305413047496,96,2.22154191341353106359e-03,2.17724416703166763140e-03,2.15498442726285658472e-03,2.52941670307935295714e-01,5.97695701064135707323e-16,-3.88240204796640999904e-05,-3.88173203689121354247e-05,-3.88240655981071528316e-05,1.01656898371516746017e-06,-6.84556001659946936463e-09,3.53459948765999635420e-15,3.52051286785391649340e-15,3.53459948765999635420e-15,True,3.52051286785391649340e-15,True,series tail and order change; rounding and minimizer search are not enclosed
67108864,26,crossing_refinement,1.488125,1.0342910111108683,96,2.21613828910972128147e-03,2.17171657990783070757e-03,2.14956164048638216635e-03,2.52938137304506593939e-01,5.97753234203276034512e-16,-3.87051990457709573640e-05,-3.86984126661343245251e-05,-3.87051769373534843184e-05,1.02965298855414568113e-06,3.35436559341165170669e-09,3.54157092689791839092e-15,3.52747746811212800172e-15,3.54157092689791839092e-15,True,3.52747746811212800172e-15,True,series tail and order change; rounding and minimizer search are not enclosed
67108864,26,crossing_refinement,1.4884374999999999,1.0342982120791822,96,2.21883887427009717647e-03,2.17447919733268274153e-03,2.15227190806707496459e-03,2.52939903805898369527e-01,5.97724467009349285706e-16,-3.87645791830799110039e-05,-3.87578359993089450845e-05,-3.87645907623255570919e-05,1.02310168282606841491e-06,-1.75684754118519574415e-09,3.53808231752127525536e-15,3.52399227835272775592e-15,3.53808231752127525536e-15,True,3.52399227835272775592e-15,True,series tail and order change; rounding and minimizer search are not enclosed
67108864,26,crossing_refinement,1.48828125,1.0342946115950251,96,2.21748827497971357642e-03,2.17309759463411899041e-03,2.15091649286399668947e-03,2.52939020555121851785e-01,5.97738850450220999312e-16,-3.87348814721296210752e-05,-3.87281167058288380151e-05,-3.87348762261446053282e-05,1.02637500271266343691e-06,7.95939977906611690344e-10,3.53982589909322580974e-15,3.52573415013155502398e-15,3.53982589909322580974e-15,True,3.52573415013155502398e-15,True,series tail and order change; rounding and minimizer search are not enclosed
67108864,26,crossing_refinement,1.488359375,1.0342964118371036,96,2.21816349794264500855e-03,2.17378832248084959827e-03,2.15159413010747183406e-03,2.52939462180489960108e-01,5.97731658690762510807e-16,-3.87497284167043730407e-05,-3.87429744455131336647e-05,-3.87497315879798439990e-05,1.02473776045233155865e-06,-4.81157775949539169586e-10,3.53895392761281828224e-15,3.52486303354527589818e-15,3.53895392761281828224e-15,True,3.52486303354527589818e-15,True,series tail and order change; rounding and minimizer search are not enclosed
67108864,26,crossing_refinement,1.545,1.035601587344001,96,2.74864156927019350277e-03,2.71399116367362479990e-03,2.68050352204116494950e-03,2.53259651194851109768e-01,5.92538125801663725939e-16,-5.05607088665316123030e-05,-5.05603899727195935272e-05,-5.05649207785034237976e-05,4.84054427606408848356e-08,-6.39333400594595523012e-07,2.99203343472471988727e-15,2.97855753727541413694e-15,2.99203343472471988727e-15,True,2.97855753727541413694e-15,True,series tail and order change; rounding and minimizer search are not enclosed
67108864,26,crossing_refinement,1.5474999999999999,1.0356591950905123,96,2.77396697988332042312e-03,2.73968315617888289598e-03,2.70560670316806342953e-03,2.53273784164890047865e-01,5.92309834878995131533e-16,-5.11321673238761742128e-05,-5.11320941212094811495e-05,-5.11364991900651179139e-05,1.11117797956696679291e-08,-6.57554508492670575614e-07,2.97138496191503525382e-15,2.95793604807902747499e-15,2.97138496191503525382e-15,True,2.95793604807902747499e-15,True,series tail and order change; rounding and minimizer search are not enclosed
67108864,26,crossing_refinement,1.54875,1.035687998963768,96,2.78669111885551700272e-03,2.75258881516178641885e-03,2.71821484538157381872e-03,2.53280850665442702763e-01,5.92195719174427401718e-16,-5.14195492009183888552e-05,-5.14195983316998090663e-05,-5.14239395052725552400e-05,-7.45786824056380633743e-09,-6.66431729328049604841e-07,2.96115873748442907975e-15,2.94772331197086671416e-15,2.96115873748442907975e-15,True,2.94772331197086671416e-15,True,series tail and order change; rounding and minimizer search are not enclosed
67108864,26,crossing_refinement,1.548125,1.0356735970271402,96,2.78032392640703909792e-03,2.74613100942358448822e-03,2.71190605838483606710e-03,2.53277317413871938534e-01,5.92252774547293634169e-16,-5.12757202737499718018e-05,-5.12757082778829442228e-05,-5.12800814854071909318e-05,1.82091855918881039198e-09,-6.62012281533382734177e-07,2.96626373150820770635e-15,2.95282156220920717596e-15,2.96626373150820770635e-15,True,2.95282156220920717596e-15,True,series tail and order change; rounding and minimizer search are not enclosed
67108864,26,crossing_refinement,1.5484375,1.035680797995454,96,2.78350624162951093207e-03,2.74935866790540842097e-03,2.71505927266777434548e-03,2.53279084039333635126e-01,5.92224246241029775656e-16,-5.13476002200887273776e-05,-5.13476187973713432515e-05,-5.13519760095532237960e-05,-2.81995478599566953014e-09,-6.64226775232815436561e-07,2.96370920864622745503e-15,2.95027041133257109630e-15,2.96370920864622745503e-15,True,2.95027041133257109630e-15,True,series tail and order change; rounding and minimizer search are not enclosed
67108864,26,crossing_refinement,1.54828125,1.035677197511297,96,2.78191476380040825234e-03,2.74774452760829287351e-03,2.71348237075273853933e-03,2.53278200726521851571e-01,5.92238510239201566476e-16,-5.13116516201175755681e-05,-5.13116549133054550801e-05,-5.13160201285593905139e-05,-4.99891700618293562648e-10,-6.63120723296856196194e-07,2.96498596313274890430e-15,2.95154547987008489693e-15,2.96498596313274890430e-15,True,2.95154547987008489693e-15,True,series tail and order change; rounding and minimizer search are not enclosed
67108864,26,crossing_refinement,1.5482031250000001,1.0356753972692185,96,2.78111926505330642537e-03,2.74693769075694390822e-03,2.71269414087915846853e-03,2.53277759070176744505e-01,5.92245642354507528736e-16,-5.12936837905462105977e-05,-5.12936794398294836073e-05,-5.12980486525682166481e-05,6.60419603716111028818e-10,-6.62566801484505465439e-07,2.96562472052596767987e-15,2.95218339425673363845e-15,2.96562472052596767987e-15,True,2.95218339425673363845e-15,True,series tail and order change; rounding and minimizer search are not enclosed
268435456,28,crossing_refinement,1.495,1.0319887586699334,96,1.42315289380375194217e-03,1.40456411849416767587e-03,1.39472288811724417536e-03,2.52373394588014610118e-01,6.07014797244689310387e-16,-2.36020538675382057781e-05,-2.36004394250144736676e-05,-2.36021849698614036555e-05,2.44757336134375583626e-07,-1.98757496783955379966e-08,1.27454502987377365707e-15,1.27074149332604873892e-15,1.27454502987377365707e-15,True,1.27074149332604873892e-15,True,series tail and order change; rounding and minimizer search are not enclosed
268435456,28,crossing_refinement,1.4925000000000002,1.0319352657624585,96,1.40819005386631931030e-03,1.38937563569068237013e-03,1.37973220628164979819e-03,2.52360273554319114453e-01,6.07231519755962359562e-16,-2.33013531004700727087e-05,-2.32996429757397708477e-05,-2.33014107781818818280e-05,2.59258531334145734587e-07,-8.74406330103331806640e-09,1.28641659669157902032e-15,1.28260633555544782898e-15,1.28641659669157902032e-15,True,1.28260633555544782898e-15,True,series tail and order change; rounding and minimizer search are not enclosed
268435456,28,crossing_refinement,1.49125,1.0319085193087212,96,1.40075266627784724739e-03,1.38182420637210563209e-03,1.37227843479685910309e-03,2.52353713050746830682e-01,6.07339907173736833699e-16,-2.31520226843755076197e-05,-2.31502638574358939050e-05,-2.31520425920996042197e-05,2.66639476753630851571e-07,-3.01802583939997956904e-09,1.29241511139915140863e-15,1.28860148335868831260e-15,1.29241511139915140863e-15,True,1.28860148335868831260e-15,True,series tail and order change; rounding and minimizer search are not enclosed
268435456,28,crossing_refinement,1.490625,1.0318951460818524,96,1.39704496177486098794e-03,1.37805917322391616869e-03,1.36856192224898282062e-03,2.52350432802279089906e-01,6.07394107424229461486e-16,-2.30776115613760129941e-05,-2.30758281612123826877e-05,-2.30776123135603521142e-05,2.70363572771363716236e-07,-1.14031191655409994521e-10,1.29543019964429097486e-15,1.29161488698940899596e-15,1.29543019964429097486e-15,True,1.29161488698940899596e-15,True,series tail and order change; rounding and minimizer search are not enclosed
268435456,28,crossing_refinement,1.4903125,1.0318884594684181,96,1.39519385449268936393e-03,1.37617932433384271285e-03,1.36670625687200378642e-03,2.52348792678875055717e-01,6.07421209185010440551e-16,-2.30404694077795697132e-05,-2.30386736646043981721e-05,-2.30404605137770105393e-05,2.72234158320325988459e-07,1.34832828036396900860e-09,1.29694172014927162692e-15,1.29312556491293024770e-15,1.29694172014927162692e-15,True,1.29312556491293024770e-15,True,series tail and order change; rounding and minimizer search are not enclosed
268435456,28,crossing_refinement,1.49046875,1.0318918027751354,96,1.39611917945645200474e-03,1.37711902655215088533e-03,1.36763387372400681621e-03,2.52349612740507989184e-01,6.07407658168320859637e-16,-2.30590352039606477121e-05,-2.30572456370167690621e-05,-2.30590311387763148912e-05,2.71298150213088621143e-07,6.16281495658650324463e-10,1.29618562797424410946e-15,1.29236989405222656982e-15,1.29618562797424410946e-15,True,1.29236989405222656982e-15,True,series tail and order change; rounding and minimizer search are not enclosed
268435456,28,crossing_refinement,1.4905468750000002,1.031893474428494,96,1.39658201344109475332e-03,1.37758904432535894853e-03,1.36809784402202542358e-03,2.52350022771376358843e-01,6.07400882762200412368e-16,-2.30683220622613033637e-05,-2.30665355798873505846e-05,-2.30683204071910168131e-05,2.70830682898092605701e-07,2.50908614436486617780e-10,1.29580783087046367848e-15,1.29199230758735164792e-15,1.29580783087046367848e-15,True,1.29199230758735164792e-15,True,series tail and order change; rounding and minimizer search are not enclosed
268435456,28,crossing_refinement,1.545,1.0330586168194296,96,1.74757711176436181244e-03,1.73288717354519884034e-03,1.71832653862013032264e-03,2.52635822702940604501e-01,6.02694968393762573913e-16,-3.02121775654117300219e-05,-3.02121531905296530907e-05,-3.02133213651537707329e-05,3.69669167946872507312e-09,-1.73468531397454906792e-07,1.06852754884419598511e-15,1.06485618499483237749e-15,1.06852754884419598511e-15,True,1.06485618499483237749e-15,True,series tail and order change; rounding and minimizer search are not enclosed
268435456,28,crossing_refinement,1.5474999999999999,1.0331121097269043,96,1.76508229607117090101e-03,1.75055987980977218431e-03,1.73572149556352420957e-03,2.52648944481088433278e-01,6.02479706516466203044e-16,-3.05737625129872065202e-05,-3.05738083099426813903e-05,-3.05749397376696614454e-05,-6.94568706190915432287e-09,-1.78541000709200580059e-07,1.05962484794474909344e-15,1.05595998986439176024e-15,1.05962484794474909344e-15,True,1.05595998986439176024e-15,True,series tail and order change; rounding and minimizer search are not enclosed
268435456,28,crossing_refinement,1.54625,1.033085363273167,96,1.75631413955013308999e-03,1.74170825509729117891e-03,1.72700928458761047458e-03,2.52642383587577290527e-01,6.02587328786472080399e-16,-3.03925859540832852060e-05,-3.03925967110586737682e-05,-3.03937466216149345700e-05,-1.63141642491457295872e-09,-1.76028298838859306354e-07,1.06406129467115084990e-15,1.06039318480662778693e-15,1.06406129467115084990e-15,True,1.06039318480662778693e-15,True,series tail and order change; rounding and minimizer search are not enclosed
268435456,28,crossing_refinement,1.5456249999999998,1.0330719900462981,96,1.75194173707145369953e-03,1.73729389921699881906e-03,1.72266423087283045493e-03,2.52639103144149557156e-01,6.02641146422804968368e-16,-3.03022858671716317953e-05,-3.03022790702248102316e-05,-3.03034381400035237805e-05,1.03082882233592347626e-09,-1.74754353620732413076e-07,1.06629068127472792266e-15,1.06262094469799636254e-15,1.06629068127472792266e-15,True,1.06262094469799636254e-15,True,series tail and order change; rounding and minimizer search are not enclosed
268435456,28,crossing_refinement,1.5459375,1.0330786766597326,96,1.75412696585094062506e-03,1.73950012303200791941e-03,1.72483583724779591592e-03,2.52640743365586062374e-01,6.02614237062828935940e-16,-3.03474119213955793265e-05,-3.03474139043456519159e-05,-3.03485684013300466982e-05,-3.00736019890564046916e-10,-1.75392803879233077826e-07,1.06517505467231998690e-15,1.06150613152491237800e-15,1.06517505467231998690e-15,True,1.06150613152491237800e-15,True,series tail and order change; rounding and minimizer search are not enclosed
268435456,28,crossing_refinement,1.5457812499999999,1.0330753333530154,96,1.75303410838539841521e-03,1.73839677263683809773e-03,1.72374980397713780007e-03,2.52639923254798559604e-01,6.02627691607362188460e-16,-3.03248428989864242215e-05,-3.03248404927302945416e-05,-3.03259972778138970403e-05,3.64934588523325054847e-10,-1.75073949089097486765e-07,1.06573263442051538388e-15,1.06206330457700306192e-15,1.06573263442051538388e-15,True,1.06206330457700306192e-15,True,series tail and order change; rounding and minimizer search are not enclosed
268435456,28,crossing_refinement,1.545859375,1.033077005006374,96,1.75358047634431753192e-03,1.73894838820704607935e-03,1.72429276308699234825e-03,2.52640333310174991510e-01,6.02620964301232179426e-16,-3.03361259111152494622e-05,-3.03361256996465488388e-05,-3.03372813411062459098e-05,3.20715181361134255533e-11,-1.75233468910322079591e-07,1.06545378618542946302e-15,1.06178465969581742209e-15,1.06545378618542946302e-15,True,1.06178465969581742209e-15,True,series tail and order change; rounding and minimizer search are not enclosed
1073741824,30,crossing_refinement,1.495,1.0298561747586046,96,8.91418578538253811826e-04,8.83459127032892518883e-04,8.79328041617149580925e-04,2.51850330092739327359e-01,6.15709046145422853823e-16,-1.39483613575497273967e-05,-1.39479206809137846025e-05,-1.39483841189721807178e-05,6.67607519853081193103e-08,-3.44826468291168361900e-09,4.82675127732861657211e-16,4.81654390910942105525e-16,4.82675127732861657211e-16,True,4.81654390910942105525e-16,True,series tail and order change; rounding and minimizer search are not enclosed
1073741824,30,crossing_refinement,1.4925000000000002,1.0298062480449612,96,8.81290580664840714209e-04,8.73227257332945283087e-04,8.69185518210533261674e-04,2.51838085107431552956e-01,6.15913928514925333307e-16,-1.37610936224331898000e-05,-1.37606254591054506667e-05,-1.37610950658845188586e-05,7.09236872506899189966e-08,-2.18673451402032384160e-10,4.87810349146140080690e-16,4.86787895580147392299e-16,4.87810349146140080690e-16,True,4.86787895580147392299e-16,True,series tail and order change; rounding and minimizer search are not enclosed
1073741824,30,crossing_refinement,1.49125,1.0297812846881398,96,8.76258996440108578127e-04,8.68143130782673142290e-04,8.64145451246447517113e-04,2.51831962626282934714e-01,6.16016392745475525647e-16,-1.36681546047990747127e-05,-1.36676724291309481833e-05,-1.36681450608720924484e-05,7.30458531776010778919e-08,1.44583050466253764422e-09,4.90406724633612678247e-16,4.89383411089875882980e-16,4.90406724633612678247e-16,True,4.89383411089875882980e-16,True,series tail and order change; rounding and minimizer search are not enclosed
1073741824,30,crossing_refinement,1.491875,1.0297937663665506,96,8.78772091709514001356e-04,8.70682548104457446764e-04,8.66662889594360880477e-04,2.51835023865898566253e-01,6.15965158709507584728e-16,-1.37145663736202422494e-05,-1.37140912270767938684e-05,-1.37145623512303991686e-05,7.19812972152194316716e-08,6.09363243843908422093e-10,4.89106122592304892509e-16,4.88083239171798348412e-16,4.89106122592304892509e-16,True,4.88083239171798348412e-16,True,series tail and order change; rounding and minimizer search are not enclosed
1073741824,30,crossing_refinement,1.4921875,1.029800007205756,96,8.80030661647617190417e-04,8.71954240874781147039e-04,8.67923554786575015066e-04,2.51836554486425501231e-01,6.15939543132058618292e-16,-1.37378155507194942139e-05,-1.37373439014819249742e-05,-1.37378142681756531185e-05,7.14516301278988694864e-08,1.94296610537005665000e-10,4.88457633594104997567e-16,4.87434965134004499851e-16,4.88457633594104997567e-16,True,4.87434965134004499851e-16,True,series tail and order change; rounding and minimizer search are not enclosed
1073741824,30,crossing_refinement,1.49234375,1.0298031276253587,96,8.80660452480256836748e-04,8.72590583598461567993e-04,8.68554374178073297121e-04,2.51837319796868741584e-01,6.15926735703454117992e-16,-1.37494509732111739502e-05,-1.37489810683479979055e-05,-1.37494510553917199556e-05,7.11874439240629371416e-08,-1.24498030836180392527e-11,4.88133840963410683217e-16,4.87111279958306637580e-16,4.88133840963410683217e-16,True,4.87111279958306637580e-16,True,series tail and order change; rounding and minimizer search are not enclosed
1073741824,30,crossing_refinement,1.492265625,1.0298015674155574,96,8.80345514900075852387e-04,8.72272370865819282604e-04,8.68238923907388112679e-04,2.51836937141632077886e-01,6.15933139387746768104e-16,-1.37436323588162778893e-05,-1.37431615821212931667e-05,-1.37436317590669830656e-05,7.13194832562252927330e-08,9.08579593600419693518e-11,4.88295699656838260254e-16,4.87273084926310101113e-16,4.88295699656838260254e-16,True,4.87273084926310101113e-16,True,series tail and order change; rounding and minimizer search are not enclosed
1073741824,30,crossing_refinement,1.545,1.0308547090314675,96,1.11263365155086363378e-03,1.10644978092062093791e-03,1.10015028285735607001e-03,2.52095236247288911891e-01,6.11624280267328182998e-16,-1.81019132360447779825e-05,-1.81019237900427747059e-05,-1.81022231898534638646e-05,-1.59942560205768908489e-09,-4.69725366108973048486e-08,3.94271433180599787732e-16,3.93284187698116389661e-16,3.94271433180599787732e-16,True,3.93284187698116389661e-16,True,series tail and order change; rounding and minimizer search are not enclosed
1073741824,30,crossing_refinement,1.5425,1.0308047823178244,96,1.10070798445347710175e-03,1.09444753140275677881e-03,1.08827538734812046851e-03,2.52082990647613525148e-01,6.11827936840783454965e-16,-1.78749625401188429793e-05,-1.78749531283401948741e-05,-1.78752629188632630904e-05,1.42630182214218971708e-09,-4.55206998293119867861e-08,3.98113819039266298105e-16,3.97124934677058125353e-16,3.98113819039266298105e-16,True,3.97124934677058125353e-16,True,series tail and order change; rounding and minimizer search are not enclosed
1073741824,30,crossing_refinement,1.54375,1.030829745674646,96,1.10665917070317475733e-03,1.10043715220517154298e-03,1.09420160282068675527e-03,2.52089113443606793741e-01,6.11726100912841533865e-16,-1.79881738925745252380e-05,-1.79881744773810340124e-05,-1.79884791063513577690e-05,-8.86248639865294056885e-11,-4.62538105599687606544e-08,3.96185828568274053958e-16,3.95197764086824871798e-16,3.96185828568274053958e-16,True,3.95197764086824871798e-16,True,series tail and order change; rounding and minimizer search are not enclosed
1073741824,30,crossing_refinement,1.5431249999999999,1.0308172639962352,96,1.10368066829530223939e-03,1.09743946850789520636e-03,1.09123568948046693883e-03,2.52086052044649067128e-01,6.11777016966384209157e-16,-1.79315023178966436758e-05,-1.79314979080073605075e-05,-1.79318051261514598178e-05,6.68296588575491243028e-10,-4.58890713090537823754e-08,3.97148117360404996747e-16,3.96159643048570646572e-16,3.97148117360404996747e-16,True,3.96159643048570646572e-16,True,series tail and order change; rounding and minimizer search are not enclosed
1073741824,30,crossing_refinement,1.5434375,1.0308235048354406,96,1.10516919186065868362e-03,1.09893759169572423524e-03,1.09271794444107546961e-03,2.52087582743887594905e-01,6.11751558462021441829e-16,-1.79598216180710591218e-05,-1.79598197064074148986e-05,-1.79601256320709602027e-05,2.89703640038000289258e-10,-4.60718927729973798895e-08,3.96666547238238473464e-16,3.95678277869190963154e-16,3.96666547238238473464e-16,True,3.95678277869190963154e-16,True,series tail and order change; rounding and minimizer search are not enclosed
1073741824,30,crossing_refinement,1.5435937499999999,1.0308266252550433,96,1.10591399933255359229e-03,1.09968719224316064352e-03,1.09345959816495872166e-03,2.52088348093687131257e-01,6.11738829568035516297e-16,-1.79739936319626915535e-05,-1.79739929687507203181e-05,-1.79742982465947397346e-05,1.00506762636445496250e-10,-4.61629642721746183232e-08,3.96426081581982921921e-16,3.95437914663760861161e-16,3.96426081581982921921e-16,True,3.95437914663760861161e-16,True,series tail and order change; rounding and minimizer search are not enclosed
1073741824,30,crossing_refinement,1.5436718749999998,1.0308281854648447,96,1.10628653952555915628e-03,1.10006212729208416659e-03,1.09383055662152194054e-03,2.52088730768631974488e-01,6.11732465210589803364e-16,-1.79810827312324578425e-05,-1.79810826920835979074e-05,-1.79813876456226897933e-05,5.93283506855726628388e-12,-4.62084155480274341690e-08,3.96305928508462148503e-16,3.95317812810514468404e-16,3.96305928508462148503e-16,True,3.95317812810514468404e-16,True,series tail and order change; rounding and minimizer search are not enclosed
4294967296,32,crossing_refinement,1.495,1.0279901638361917,96,5.59074715038142418776e-04,5.55687989214918441790e-04,5.53960858531504720011e-04,2.51392694591825061057e-01,6.23408430288208353364e-16,-8.26354338445140629548e-06,-8.26342394833966232496e-06,-8.26354656980155617609e-06,1.80827948083049641200e-08,-4.82266479731544493198e-10,1.86397363038660863169e-16,1.86125323909660500078e-16,1.86397363038660863169e-16,True,1.86125323909660500078e-16,True,series tail and order change; rounding and minimizer search are not enclosed
4294967296,32,crossing_refinement,1.4925000000000002,1.0279433575421513,96,5.52259744235918700710e-04,5.48825832416645017532e-04,5.47138683737046871251e-04,2.51381215989825879120e-01,6.23602669384701735632e-16,-8.14675842047564544197e-06,-8.14663116510706277699e-06,-8.14675548573106213333e-06,1.92663400271576277167e-08,4.44317498548568049120e-10,1.88599929315053829510e-16,1.88327443545992619357e-16,1.88599929315053829510e-16,True,1.88327443545992619357e-16,True,series tail and order change; rounding and minimizer search are not enclosed
4294967296,32,crossing_refinement,1.4937500000000001,1.0279667606891716,96,5.55659344884551487098e-04,5.52249123575683639395e-04,5.50542083701416134177e-04,2.51386955287469959774e-01,6.23505543019226929003e-16,-8.20499396386847857331e-06,-8.20487064508467801600e-06,-8.20499412209172590289e-06,1.86704908413779651626e-08,-2.39550342589325505595e-11,1.87494325661555272817e-16,1.87222063373054487987e-16,1.87494325661555272817e-16,True,1.87222063373054487987e-16,True,series tail and order change; rounding and minimizer search are not enclosed
4294967296,32,crossing_refinement,1.493125,1.0279550591156614,96,5.53957575749469905216e-04,5.50535533675300674424e-04,5.48838464249211291195e-04,2.51384085637808951663e-01,6.23554104497553284738e-16,-8.17583703124074190772e-06,-8.17571175100696375965e-06,-8.17583565130257242451e-06,1.89673806590634048483e-08,2.08922124122299815836e-10,1.88046042427604007589e-16,1.87773668439106118267e-16,1.88046042427604007589e-16,True,1.87773668439106118267e-16,True,series tail and order change; rounding and minimizer search are not enclosed
4294967296,32,crossing_refinement,1.4934375000000002,1.0279609099024165,96,5.54807967817146129377e-04,5.51391842234087085732e-04,5.49689793809220194655e-04,2.51385520462429734589e-01,6.23529823332300348854e-16,-8.19040569811033418359e-06,-8.19028140029935799917e-06,-8.19040508932177479737e-06,1.88186789913424678562e-08,9.21705409360080659691e-11,1.87769913397829499545e-16,1.87497595269375689799e-16,1.87769913397829499545e-16,True,1.87497595269375689799e-16,True,series tail and order change; rounding and minimizer search are not enclosed
4294967296,32,crossing_refinement,1.49359375,1.027963835295794,96,5.55233533188738089849e-04,5.51820361268140903259e-04,5.50115818676476329291e-04,2.51386237874897389144e-01,6.23517683069242764821e-16,-8.19769737997653688034e-06,-8.19757357210202123807e-06,-8.19769715520979845580e-06,1.87445209657504937022e-08,3.40297001145774386142e-11,1.87632051945137651955e-16,1.87359761739153413972e-16,1.87632051945137651955e-16,True,1.87359761739153413972e-16,True,series tail and order change; rounding and minimizer search are not enclosed
4294967296,32,crossing_refinement,1.493671875,1.0279652979924827,96,5.55446408241456828468e-04,5.52034712007847504223e-04,5.50328921164555543225e-04,2.51386596581170462805e-01,6.23511613017605318638e-16,-8.20134505902499828973e-06,-8.20122149580146181033e-06,-8.20134502588215760430e-06,1.87074899305079023241e-08,5.01783087849085802491e-12,1.87563171916844146195e-16,1.87290895670208009980e-16,1.87563171916844146195e-16,True,1.87290895670208009980e-16,True,series tail and order change; rounding and minimizer search are not enclosed
4294967296,32,crossing_refinement,1.545,1.0289262897170008,96,7.09056587034606155932e-04,7.06468449767724718073e-04,7.03754285919900722697e-04,2.51622272273532177067e-01,6.19535082191557558514e-16,-1.08765954562291603230e-05,-1.08766029437212184390e-05,-1.08766792362960829522e-05,-1.13397175596952539359e-09,-1.26883913701778772944e-08,1.48785678528573682794e-16,1.48522314787397521831e-16,1.48785678528573682794e-16,True,1.48522314787397521831e-16,True,series tail and order change; rounding and minimizer search are not enclosed
4294967296,32,crossing_refinement,1.5425,1.0288794834229604,96,7.00919321120466848850e-04,6.98297066988934323449e-04,6.95641652025488820346e-04,2.51610793134032673102e-01,6.19728233194143300407e-16,-1.07327852088747458447e-05,-1.07327870893399440061e-05,-1.07328663726705771011e-05,-2.84789751918087475567e-10,-1.22919675965765258427e-08,1.50407757494367037160e-16,1.50143971066505293411e-16,1.50407757494367037160e-16,True,1.50143971066505293411e-16,True,series tail and order change; rounding and minimizer search are not enclosed
4294967296,32,crossing_refinement,1.54125,1.02885608027594,96,6.96876578266642605561e-04,6.94237061285585548183e-04,6.91610614377335735856e-04,2.51605053574372128367e-01,6.19824829048999188131e-16,-1.06614219876311432360e-05,-1.06614210540180930856e-05,-1.06615018013616919424e-05,1.41391261075589535113e-10,-1.20874103173588130409e-08,1.51227915179998361480e-16,1.50963916991470802820e-16,1.51227915179998361480e-16,True,1.50963916991470802820e-16,True,series tail and order change; rounding and minimizer search are not enclosed
4294967296,32,crossing_refinement,1.541875,1.0288677818494503,96,6.98895796106631405666e-04,6.96264927713568441796e-04,6.93624030433473231193e-04,2.51607923353361795371e-01,6.19776529425268109073e-16,-1.06970585676912201614e-05,-1.06970590420896947666e-05,-1.06971390600109930681e-05,-7.18456766736616691986e-11,-1.21902271853444737502e-08,1.50817070929945412534e-16,1.50553178656729765987e-16,1.50817070929945412534e-16,True,1.50553178656729765987e-16,True,series tail and order change; rounding and minimizer search are not enclosed
4294967296,32,crossing_refinement,1.5415625,1.0288619310626952,96,6.97885649084132339386e-04,6.95250460697578948413e-04,6.92616797001664274806e-04,2.51606488463656685628e-01,6.19800678813044885576e-16,-1.06792290296126414842e-05,-1.06792288002553910613e-05,-1.06793091835316524430e-05,3.47351339907003863481e-11,-1.21389540201209969433e-08,1.51022301283536564070e-16,1.50758356061445907788e-16,1.51022301283536564070e-16,True,1.50758356061445907788e-16,True,series tail and order change; rounding and minimizer search are not enclosed
4294967296,32,crossing_refinement,1.54171875,1.0288648564560727,96,6.98390588032974323450e-04,6.95757560717078643586e-04,6.93120282330599198073e-04,2.51607205908456699195e-01,6.19788604013136007549e-16,-1.06881409854410578016e-05,-1.06881411080233406675e-05,-1.06882213087830974267e-05,-1.85645589244773405950e-11,-1.21646242966192791751e-08,1.50919638216399851265e-16,1.50655719470953834056e-16,1.50919638216399851265e-16,True,1.50655719470953834056e-16,True,series tail and order change; rounding and minimizer search are not enclosed
4294967296,32,crossing_refinement,1.5416406249999999,1.0288633937593838,96,6.98138084922529569137e-04,6.95503977339934553389e-04,6.92868506823872930267e-04,2.51606847186043536269e-01,6.19794641386585558312e-16,-1.06836843043736157621e-05,-1.06836842510017173899e-05,-1.06837645430600655574e-05,8.08294024137967177578e-12,-1.21517976215960564712e-08,1.50970957770818281800e-16,1.50707025787609210458e-16,1.50970957770818281800e-16,True,1.50707025787609210458e-16,True,series tail and order change; rounding and minimizer search are not enclosed
17179869184,34,crossing_refinement,1.495,1.0263436836105333,96,3.50956171938457536438e-04,3.49522610024843795491e-04,3.48802978201085724097e-04,2.50988934001331542856e-01,6.30273951815644786661e-16,-4.90811779441974763106e-06,-4.90808561316914980554e-06,-4.90811795953192069692e-06,4.86961238939588331843e-09,-2.49844946577459056128e-11,7.28920749102487884827e-17,7.28199274090560041153e-17,7.28920749102487884827e-17,True,7.28199274090560041153e-17,True,series tail and order change; rounding and minimizer search are not enclosed
17179869184,34,crossing_refinement,1.4925000000000002,1.026299630627907,96,3.46393149789787414307e-04,3.44938383044699728615e-04,3.44236501046393599760e-04,2.50978131497445133835e-01,6.30458576937779772531e-16,-4.83520662287874287500e-06,-4.83517223566642018358e-06,-4.83520504753428051990e-06,5.20333846691745390902e-09,2.38374962270947799708e-10,7.38307800179458620258e-17,7.37585153869163534123e-17,7.38307800179458620258e-17,True,7.37585153869163534123e-17,True,series tail and order change; rounding and minimizer search are not enclosed
17179869184,34,crossing_refinement,1.4937500000000001,1.0263216571192202,96,3.48668967178768175394e-04,3.47224849280296514638e-04,3.46514140145182916904e-04,2.50983532746427706606e-01,6.30366258285871032718e-16,-4.87155677698081755224e-06,-4.87152350088980809093e-06,-4.87155608176536658940e-06,5.03524486110674885551e-09,1.05198054242606138343e-10,7.33594884597396813087e-17,7.32872824387874135165e-17,7.33594884597396813087e-17,True,7.32872824387874135165e-17,True,series tail and order change; rounding and minimizer search are not enclosed
17179869184,34,crossing_refinement,1.4943750000000002,1.0263326703648767,96,3.49811144097814412032e-04,3.48372315742601231479e-04,3.47657157260332816580e-04,2.50986233373139466796e-01,6.30320103528134976641e-16,-4.88981087337826301684e-06,-4.88977814670980121502e-06,-4.88981061077255028816e-06,4.95212593892346501462e-09,3.97369064099795989595e-11,7.31252992590866401521e-17,7.30531225092796209557e-17,7.31252992590866401521e-17,True,7.30531225092796209557e-17,True,series tail and order change; rounding and minimizer search are not enclosed
17179869184,34,crossing_refinement,1.4946875000000002,1.0263381769877051,96,3.50383301397957328416e-04,3.48947109144179159600e-04,3.48229716997127335901e-04,2.50987583687050541670e-01,6.30297027291244576144e-16,-4.89895772401305063795e-06,-4.89892527055004476169e-06,-4.89895767587416247147e-06,4.91079410674393551936e-09,7.28428175082418161572e-12,7.30085667674808483328e-17,7.29364046447884593717e-17,7.30085667674808483328e-17,True,7.29364046447884593717e-17,True,series tail and order change; rounding and minimizer search are not enclosed
17179869184,34,crossing_refinement,1.4948437500000002,1.0263409302991193,96,3.50669647481310822051e-04,3.49234771116876431540e-04,3.48516259883796498346e-04,2.50988258844144718207e-01,6.30285489458284341102e-16,-4.90353610589407010265e-06,-4.90350378866082325371e-06,-4.90353616453216204331e-06,4.89018457082107028196e-09,-8.87300872244714296021e-12,7.29502907956417851202e-17,7.28781359844004588229e-17,7.29502907956417851202e-17,True,7.28781359844004588229e-17,True,series tail and order change; rounding and minimizer search are not enclosed
17179869184,34,crossing_refinement,1.4947656250000003,1.0263395536434121,96,3.50526452146887840082e-04,3.49090918017698947830e-04,3.48372966515609900750e-04,2.50987921265586000352e-01,6.30291258350974829608e-16,-4.90124650172912997535e-06,-4.90121411641203889994e-06,-4.90124650701675008925e-06,4.90048464730304611483e-09,-8.00112628735650247484e-13,7.29794212662519253040e-17,7.29072627994584013698e-17,7.29794212662519253040e-17,True,7.29072627994584013698e-17,True,series tail and order change; rounding and minimizer search are not enclosed
17179869184,34,crossing_refinement,1.5350000000000001,1.0270485313325544,96,4.30355126812582836678e-04,4.29215346052492802836e-04,4.28154355690848933535e-04,2.51161777286463772096e-01,6.27326568334113720110e-16,-6.19468497819072693019e-06,-6.19468192328838075872e-06,-6.19470452693490146153e-06,4.62371218117854774926e-10,-2.95877760815803617191e-09,5.97777726551843857638e-17,5.97074517024398109251e-17,5.97777726551843857638e-17,True,5.97074517024398109251e-17,True,series tail and order change; rounding and minimizer search are not enclosed
17179869184,34,crossing_refinement,1.5375,1.0270925843151806,96,4.35730364457488335631e-04,4.34606414493577352092e-04,4.33520115469242196468e-04,2.51172580193348982114e-01,6.27142769951321232334e-16,-6.28295967256848198867e-06,-6.28295820933491528737e-06,-6.28298003149185753683e-06,2.21469280016898456571e-10,-3.08144660200460283007e-09,5.90644575487958820861e-17,5.89942478926077747581e-17,5.90644575487958820861e-17,True,5.89942478926077747581e-17,True,series tail and order change; rounding and minimizer search are not enclosed
17179869184,34,crossing_refinement,1.53875,1.0271146108064937,96,4.38436770722708257786e-04,4.37320636702553738277e-04,4.36221490347913406355e-04,2.51177981655689552820e-01,6.27050888959837731237e-16,-6.32745985123072513488e-06,-6.32745917950864098346e-06,-6.32748060189558341436e-06,1.01669960457178561890e-10,-3.14076211791523783439e-09,5.87119959132298507073e-17,5.86418417835719490032e-17,5.87119959132298507073e-17,True,5.86418417835719490032e-17,True,series tail and order change; rounding and minimizer search are not enclosed
17179869184,34,crossing_refinement,1.5393750000000002,1.0271256240521505,96,4.39794685123463466314e-04,4.38682434488774032535e-04,4.37576815752029849461e-04,2.51180682389084752870e-01,6.27004953013463279896e-16,-6.34980105071980516999e-06,-6.34980077379917464634e-06,-6.34982199400514627299e-06,4.19140796531125530761e-11,-3.16992825111341890791e-09,5.85368028224914109032e-17,5.84666764257731841146e-17,5.85368028224914109032e-17,True,5.84666764257731841146e-17,True,series tail and order change; rounding and minimizer search are not enclosed
17179869184,34,crossing_refinement,1.5396875,1.0271311306749786,96,4.40474821941892150535e-04,4.39364506887641483035e-04,4.38255639721866487816e-04,2.51182032756338269319e-01,6.26981986177542850960e-16,-6.36099447835815627779e-06,-6.36099439861523556928e-06,-6.36101551715191029963e-06,1.20697300911149906741e-11,-3.18439003494760167818e-09,5.84494643160075181532e-17,5.83793517781916847662e-17,5.84494643160075181532e-17,True,5.83793517781916847662e-17,True,series tail and order change; rounding and minimizer search are not enclosed
17179869184,34,crossing_refinement,1.5398437500000002,1.0271338839863928,96,4.40815185480779065004e-04,4.39705836692942176377e-04,4.38595342245796276145e-04,2.51182707940104166244e-01,6.26970503043889043506e-16,-6.36659690544974342244e-06,-6.36659692424185375990e-06,-6.36661799179843432067e-06,-2.84433910652792426877e-12,-3.19159078572285268512e-09,5.84058593992221245077e-17,5.83357537889658856525e-17,5.84058593992221245077e-17,True,5.83357537889658856525e-17,True,series tail and order change; rounding and minimizer search are not enclosed
17179869184,34,crossing_refinement,1.5397656250000002,1.0271325073306858,96,4.40644979110510622792e-04,4.39535147316323919920e-04,4.38425466765650915287e-04,2.51182370348209615951e-01,6.26976244587023594629e-16,-6.36379521561063204874e-06,-6.36379518513962465828e-06,-6.36381627819839536817e-06,4.61203327336207329554e-12,-3.18799291227373029359e-09,5.84276565013868325001e-17,5.83575474275088458940e-17,5.84276565013868325001e-17,True,5.83575474275088458940e-17,True,series tail and order change; rounding and minimizer search are not enclosed
68719476736,36,crossing_refinement,1.495,1.0248801456321703,96,2.20450546610770418661e-04,2.19846372241163778155e-04,2.19547398340744074393e-04,2.50630063478694098400e-01,6.36433754900175060089e-16,-2.92254053560870132641e-06,-2.92253190717924846457e-06,-2.92254041680502904999e-06,1.30500401531668251936e-09,1.79684228982911074046e-11,2.87308349783531494036e-17,2.87117735954399035282e-17,2.87308349783531494036e-17,True,2.87117735954399035282e-17,True,series tail and order change; rounding and minimizer search are not enclosed
68719476736,36,crossing_refinement,1.4975,1.0249217512268731,96,2.23525699873825586111e-04,2.22930797875392500010e-04,2.22623815526801173068e-04,2.50640265123344807563e-01,6.36257897088492673730e-16,-2.96866777353564154822e-06,-2.96865974424658540559e-06,-2.96866812276519117814e-06,1.21440400829247953767e-09,-5.28198402031217373709e-11,2.83396397170543829674e-17,2.83206090246752828932e-17,2.83396397170543829674e-17,True,2.83206090246752828932e-17,True,series tail and order change; rounding and minimizer search are not enclosed
68719476736,36,crossing_refinement,1.49625,1.0249009484295217,96,2.21984018651071946318e-04,2.21384501799537394655e-04,2.21081546705136761360e-04,2.50635164298387891346e-01,6.36345820521104986845e-16,-2.94553305033131888153e-06,-2.94552472373961393075e-06,-2.94553316834419442213e-06,1.25936136767940350518e-09,-1.78489424740403859658e-11,2.85343915625620577777e-17,2.85153455371173011945e-17,2.85343915625620577777e-17,True,2.85153455371173011945e-17,True,series tail and order change; rounding and minimizer search are not enclosed
68719476736,36,crossing_refinement,1.495625,1.024890547030846,96,2.21216258170633597998e-04,2.20614417920923750827e-04,2.20313459153273754482e-04,2.50632613887882993442e-01,6.36389786342258773786e-16,-2.93401905672433755226e-06,-2.93401057979056267204e-06,-2.93401905703762115813e-06,1.28209553151002409154e-09,-4.73826411595378727915e-14,2.86324007608023079257e-17,2.86133470596758317026e-17,2.86324007608023079257e-17,True,2.86133470596758317026e-17,True,series tail and order change; rounding and minimizer search are not enclosed
68719476736,36,crossing_refinement,1.4953125,1.0248853463315082,96,2.20833146486486574028e-04,2.20230140520527719683e-04,2.19930175615474463599e-04,2.50631338683124038624e-01,6.36411770279112298423e-16,-2.92827536707723382970e-06,-2.92826681454105551571e-06,-2.92827530801029588411e-06,1.29352779680967325571e-09,8.93357531766648660761e-12,2.86815646085890666958e-17,2.86625070673335255820e-17,2.86815646085890666958e-17,True,2.86625070673335255820e-17,True,series tail and order change; rounding and minimizer search are not enclosed
68719476736,36,crossing_refinement,1.4954687500000001,1.024887946681177,96,2.21024638326153141871e-04,2.20422215553807236948e-04,2.20121754075133162047e-04,2.50631976285462521048e-01,6.36400778225160589419e-16,-2.93114610400717790373e-06,-2.93113758930834420249e-06,-2.93114607467480641108e-06,1.28780620266263933311e-09,4.43637651610420175632e-12,2.86569693861746124806e-17,2.86379137651746344922e-17,2.86569693861746124806e-17,True,2.86379137651746344922e-17,True,series tail and order change; rounding and minimizer search are not enclosed
68719476736,36,crossing_refinement,1.495546875,1.0248892468560116,96,2.21120432244497353361e-04,2.20518300817287344782e-04,2.20217590783598619105e-04,2.50632295086662459926e-01,6.36395282262328642146e-16,-2.93258230331467904827e-06,-2.93257380750739057623e-06,-2.93258228881616516792e-06,1.28494950472083746304e-09,2.19282966261084893149e-12,2.86446817509463502229e-17,2.86256270899308738538e-17,2.86446817509463502229e-17,True,2.86256270899308738538e-17,True,series tail and order change; rounding and minimizer search are not enclosed
68719476736,36,crossing_refinement,1.5350000000000001,1.0255458351474125,96,2.73728213431155987384e-04,2.73253938870973689911e-04,2.72802381608215995835e-04,2.50793292320733662848e-01,6.33625278338918533192e-16,-3.73204943476946037493e-06,-3.73204888702987231395e-06,-3.73205468609995197424e-06,8.28610292821961602981e-11,-7.94411539941996115006e-10,2.32062073834437836639e-17,2.31876256629507390071e-17,2.32062073834437836639e-17,True,2.31876256629507390071e-17,True,series tail and order change; rounding and minimizer search are not enclosed
68719476736,36,crossing_refinement,1.5375,1.025587440742115,96,2.77356647863919608156e-04,2.76889319537608122584e-04,2.76426312260195428984e-04,2.50803494302498652946e-01,6.33450119888128426918e-16,-3.78794539908794978059e-06,-3.78794529201471820608e-06,-3.78795086986062227779e-06,1.61980640556351760644e-11,-8.27619797035928783631e-10,2.29077719309838279403e-17,2.28892194064740797349e-17,2.29077719309838279403e-17,True,2.28892194064740797349e-17,True,series tail and order change; rounding and minimizer search are not enclosed
68719476736,36,crossing_refinement,1.53875,1.0256082435394664,96,2.79184519122183311991e-04,2.78720618122941653661e-04,2.78251792107164232747e-04,2.50808595301288961288e-01,6.33362557024432081427e-16,-3.81613900320624225984e-06,-3.81613911540318968482e-06,-3.81614457989481472254e-06,-1.69732984395054592991e-11,-8.43648616275094065335e-10,2.27603934811175360440e-17,2.27418555211710114713e-17,2.27603934811175360440e-17,True,2.27418555211710114713e-17,True,series tail and order change; rounding and minimizer search are not enclosed
68719476736,36,crossing_refinement,1.538125,1.0255978421407907,96,2.78269442775327187529e-04,2.77803831896337159214e-04,2.77337923119517246011e-04,2.50806044801234750974e-01,6.33406337092928387192e-16,-3.80202166166429902667e-06,-3.80202166430543584763e-06,-3.80202718570578259826e-06,-3.99553191423380876604e-13,-8.35681206219308212909e-10,2.28339306634700136040e-17,2.28153854240225379501e-17,2.28339306634700136040e-17,True,2.28153854240225379501e-17,True,series tail and order change; rounding and minimizer search are not enclosed
68719476736,36,crossing_refinement,1.5378125,1.025592641441453,96,2.77812760356328141212e-04,2.77346291702011758622e-04,2.76881835637907429328e-04,2.50804769551702000374e-01,6.33428228149681134217e-16,-3.79497840083516059431e-06,-3.79497834863959447420e-06,-3.79498389832041976974e-06,7.89617137059439955929e-12,-8.31662321934428342650e-10,2.28708131948628290883e-17,2.28522643135794439723e-17,2.28708131948628290883e-17,True,2.28522643135794439723e-17,True,series tail and order change; rounding and minimizer search are not enclosed
68719476736,36,crossing_refinement,1.53796875,1.0255952417911218,96,2.78041030297989137047e-04,2.77574990768120644525e-04,2.77109808838964764843e-04,2.50805407176427241911e-01,6.33417282536094076482e-16,-3.79849874819846854580e-06,-3.79849872342628527193e-06,-3.79850425898136572281e-06,3.74755152688860782138e-12,-8.33674716214016372331e-10,2.28523624150597695282e-17,2.28338153548681288984e-17,2.28523624150597695282e-17,True,2.28338153548681288984e-17,True,series tail and order change; rounding and minimizer search are not enclosed
68719476736,36,crossing_refinement,1.538046875,1.0255965419659563,96,2.78155218716320698589e-04,2.77689393571050333401e-04,2.77223848340958298198e-04,2.50805725988820726879e-01,6.33411809793208733345e-16,-3.80025988408524414497e-06,-3.80025987302100163234e-06,-3.80026540150237441542e-06,1.67380631704175370251e-12,-8.34678708093547313427e-10,2.28431441621720973219e-17,2.28245980123960143522e-17,2.28431441621720973219e-17,True,2.28245980123960143522e-17,True,series tail and order change; rounding and minimizer search are not enclosed
274877906944,38,crossing_refinement,1.495,1.0235706642831088,96,1.38534889271764406152e-04,1.38281198089159956463e-04,1.38157301303750421669e-04,2.50308990883371718095e-01,6.41991075851808563016e-16,-1.74448610520889683213e-06,-1.74448380143183093423e-06,-1.74448603470027171635e-06,3.48282556195223995312e-10,1.06594186359121244801e-11,1.13795652667702240407e-17,1.13745451901096867082e-17,1.13795652667702240407e-17,True,1.13745451901096867082e-17,True,series tail and order change; rounding and minimizer search are not enclosed
274877906944,38,crossing_refinement,1.4975,1.0236100801096693,96,1.40579445033550318699e-04,1.40329849680604783245e-04,1.40202437625573119416e-04,2.50318654972113918689e-01,6.41823162589194202042e-16,-1.77335430817873124861e-06,-1.77335217088692625792e-06,-1.77335436848430918989e-06,3.23117718551849208470e-10,-9.11705211001258289746e-12,1.12145256929527448483e-17,1.12095136810465890317e-17,1.12145256929527448483e-17,True,1.12095136810465890317e-17,True,series tail and order change; rounding and minimizer search are not enclosed
274877906944,38,crossing_refinement,1.49625,1.023590372196389,96,1.39554246992341170240e-04,1.39302613600962821002e-04,1.39176969970674740658e-04,2.50313822925388451690e-01,6.41907114274647464761e-16,-1.75887284632382935156e-06,-1.75887062645659159542e-06,-1.75887284204412084666e-06,3.35599352757861426965e-10,6.47005991986229392929e-13,1.12966720597477679255e-17,1.12916560187260846304e-17,1.12966720597477679255e-17,True,1.12916560187260846304e-17,True,series tail and order change; rounding and minimizer search are not enclosed
274877906944,38,crossing_refinement,1.4968750000000002,1.023600226153029,96,1.40066114616153181019e-04,1.39815502699629944832e-04,1.39688977568549392658e-04,2.50316238948162683720e-01,6.41865137195521091456e-16,-1.76610170838734792257e-06,-1.76609952997160883983e-06,-1.76610173660305216393e-06,3.29333795385058767729e-10,-4.26566187554990718038e-12,1.12555060099726856589e-17,1.12504919843231409579e-17,1.12555060099726856589e-17,True,1.12504919843231409579e-17,True,series tail and order change; rounding and minimizer search are not enclosed
274877906944,38,crossing_refinement,1.4965625,1.023595299174709,96,1.39809998124711316360e-04,1.39558876086346556316e-04,1.39432792381790108486e-04,2.50315030936628324376e-01,6.41886125425976380057e-16,-1.76248431373899285446e-06,-1.76248211463886505384e-06,-1.76248432575802106963e-06,3.32460326287587385071e-10,-1.81703870213768911443e-12,1.12760657574082934863e-17,1.12710507242763743132e-17,1.12760657574082934863e-17,True,1.12710507242763743132e-17,True,series tail and order change; rounding and minimizer search are not enclosed
274877906944,38,crossing_refinement,1.4964062500000002,1.023592835685549,96,1.39682076909843885847e-04,1.39430699349078930649e-04,1.39304835850467107448e-04,2.50314426930971667407e-01,6.41896619773033924842e-16,-1.76067783957693500840e-06,-1.76067563010360466670e-06,-1.76067784345937489664e-06,3.34028275723795031764e-10,-5.86947433882460061515e-13,1.12863630815883534366e-17,1.12813475445624206346e-17,1.12863630815883534366e-17,True,1.12813475445624206346e-17,True,series tail and order change; rounding and minimizer search are not enclosed
274877906944,38,crossing_refinement,1.4963281250000002,1.023591603940969,96,1.39618150541566345049e-04,1.39366645104047444858e-04,1.39240891581772632335e-04,2.50314124928170789186e-01,6.41901867004521491233e-16,-1.75977515789290915875e-06,-1.75977294322522380692e-06,-1.75977515769745122397e-06,3.34813421690894731355e-10,2.95493271393519497820e-14,1.12915161129665150618e-17,1.12865003239554089065e-17,1.12915161129665150618e-17,True,1.12865003239554089065e-17,True,series tail and order change; rounding and minimizer search are not enclosed
274877906944,38,crossing_refinement,1.5350000000000001,1.0242013175080749,96,1.74159872267014650699e-04,1.73963211506573717409e-04,1.73771518839865575339e-04,2.50463618564472856320e-01,6.39309206648283716661e-16,-2.25417223072929770737e-06,-2.25417215596861124209e-06,-2.25417363824054447553e-06,1.13046068574569452046e-11,-2.12830593785232322257e-10,9.06185070198604578301e-18,9.05695661351683705537e-18,9.06185070198604578301e-18,True,9.05695661351683705537e-18,True,series tail and order change; rounding and minimizer search are not enclosed
274877906944,38,crossing_refinement,1.5375,1.0242407333346353,96,1.76600738198297475823e-04,1.76407104537286521821e-04,1.76210263026944051598e-04,2.50473282954794485011e-01,6.39141925418524253363e-16,-2.28958696693459879865e-06,-2.28958701358987148857e-06,-2.28958843350051508719e-06,-7.05486322954563406942e-12,-2.21763186881715786208e-10,8.93750106383926354101e-18,8.93261463972078903345e-18,8.93750106383926354101e-18,True,8.93261463972078903345e-18,True,series tail and order change; rounding and minimizer search are not enclosed
274877906944,38,crossing_refinement,1.5362500000000001,1.024221025421355,96,1.75377030799071949828e-04,1.75181890590755360041e-04,1.74987638414458596819e-04,2.50468450757275640228e-01,6.39225561103737542323e-16,-2.27182456737639673909e-06,-2.27182455341559292618e-06,-2.27182600477907707388e-06,2.11103507307188626324e-12,-2.17351917051878511995e-10,8.99940709853318260397e-18,8.99451684523780128711e-18,8.99940709853318260397e-18,True,8.99451684523780128711e-18,True,series tail and order change; rounding and minimizer search are not enclosed
274877906944,38,crossing_refinement,1.5368750000000002,1.0242308793779953,96,1.75988064480902845366e-04,1.75793679287605347740e-04,1.75598136190611124477e-04,2.50470866855445617460e-01,6.39183742028776976961e-16,-2.28069197812242458172e-06,-2.28069199449095681665e-06,-2.28069343019663713481e-06,-2.47511956761787207804e-12,-2.19571140866366054632e-10,8.96838722283481633898e-18,8.96349888487655517405e-18,8.96838722283481633898e-18,True,8.96349888487655517405e-18,True,series tail and order change; rounding and minimizer search are not enclosed
274877906944,38,crossing_refinement,1.5365625,1.024225952399675,96,1.75682342811764492666e-04,1.75487580547449084981e-04,1.75292683845096016523e-04,2.50469658806213302249e-01,6.39204651258161420828e-16,-2.27625482939004518423e-06,-2.27625483059946931950e-06,-2.27625627415111418412e-06,-1.82879222329935280701e-13,-2.18464947941188467449e-10,8.98388040402816516862e-18,8.97899110858870609643e-18,8.98388040402816516862e-18,True,8.97899110858870609643e-18,True,series tail and order change; rounding and minimizer search are not enclosed
274877906944,38,crossing_refinement,1.5364062500000002,1.024223488910515,96,1.75529635620387872413e-04,1.75334684493338988347e-04,1.75140110287301081467e-04,2.50469054781707556323e-01,6.39215106103924511144e-16,-2.27403883803051459333e-06,-2.27403883165629350964e-06,-2.27404027911812028559e-06,9.63856770558284721458e-13,-2.17909298639188433626e-10,8.99163955684506949645e-18,8.98674978252447482185e-18,8.99163955684506949645e-18,True,8.98674978252447482185e-18,True,series tail and order change; rounding and minimizer search are not enclosed
274877906944,38,crossing_refinement,1.5364843750000001,1.0242247206550952,96,1.75605976417072558561e-04,1.75411119748689308794e-04,1.75216384352851450293e-04,2.50469356793951325457e-01,6.39209878661786427555e-16,-2.27514661856134138822e-06,-2.27514661597928342126e-06,-2.27514806148710005559e-06,3.90437519905637738435e-13,-2.18187338097019625903e-10,8.98775893248689175859e-18,8.98286939761858301336e-18,8.98775893248689175859e-18,True,8.98286939761858301336e-18,True,series tail and order change; rounding and minimizer search are not enclosed
1099511627776,40,crossing_refinement,1.495,1.0223921310689534,96,8.70836616779947504359e-05,8.69774748380971774201e-05,8.69262451575152610009e-05,2.50020043321957319282e-01,6.47029998483020562366e-16,-1.04372302584991862267e-06,-1.04372241296471657431e-06,-1.04372299777940599286e-06,9.26191166812599741922e-11,4.24201151516886399671e-12,4.52035837175945371418e-18,4.51903988526571810562e-18,4.52035837175945371418e-18,True,4.51903988526571810562e-18,True,series tail and order change; rounding and minimizer search are not enclosed
1099511627776,40,crossing_refinement,1.4975,1.0224295761041857,96,8.84387923403142186575e-05,8.83344034523214763138e-05,8.82816389302355596482e-05,2.50029223671607681023e-01,6.46869352595222922476e-16,-1.06180061386739492326e-06,-1.06180004699432869455e-06,-1.06180062214126696215e-06,8.56668335250065076043e-11,-1.25036178430344650988e-12,4.45098180599212726216e-18,4.44966543597644970921e-18,4.45098180599212726216e-18,True,4.44966543597644970921e-18,True,series tail and order change; rounding and minimizer search are not enclosed
1099511627776,40,crossing_refinement,1.49625,1.0224108535865695,96,8.77591635609900941719e-05,8.76538802247868670606e-05,8.76018881314602785790e-05,2.50024633494663917066e-01,6.46949671048064083098e-16,-1.05273038612842544277e-06,-1.05272979644387255991e-06,-1.05273037646923271272e-06,8.91135914112841541155e-11,1.45970476944289225920e-12,4.48550622191339803102e-18,4.48418879452265784553e-18,4.48550622191339803102e-18,True,4.48418879452265784553e-18,True,series tail and order change; rounding and minimizer search are not enclosed
1099511627776,40,crossing_refinement,1.4968750000000002,1.0224202148453776,96,8.80984610219972391881e-05,8.79936260353859347680e-05,8.79412489867170579609e-05,2.50026928582606111640e-01,6.46909510698933507033e-16,-1.05725762097260984462e-06,-1.05725704274151111365e-06,-1.05725762033890722733e-06,8.73830076979469643292e-11,9.57659330438886980510e-14,4.46820327034667890345e-18,4.46688637185915801019e-18,4.46820327034667890345e-18,True,4.46688637185915801019e-18,True,series tail and order change; rounding and minimizer search are not enclosed
1099511627776,40,crossing_refinement,1.4971875000000001,1.0224248954747817,96,8.82684973155596939521e-05,8.81638856588276239624e-05,8.81113151890927317643e-05,2.50028076126974529991e-01,6.46889431366407618349e-16,-1.05952714508610627766e-06,-1.05952657254582889601e-06,-1.05952714892082263559e-06,8.65231379392477240247e-11,-5.79508037255822987418e-13,4.45958238001088036624e-18,4.45826574581317752226e-18,4.45958238001088036624e-18,True,4.45826574581317752226e-18,True,series tail and order change; rounding and minimizer search are not enclosed
1099511627776,40,crossing_refinement,1.49703125,1.0224225551600796,96,8.81834468440628423732e-05,8.80787235926337069066e-05,8.80262499122319547846e-05,2.50027502354757236169e-01,6.46899470962502026121e-16,-1.05839189026820103506e-06,-1.05839131488551825165e-06,-1.05839189187241367453e-06,8.69526189912728573513e-11,-2.42430810996296387271e-13,4.46389028217790550418e-18,4.46257351584876975256e-18,4.46389028217790550418e-18,True,4.46257351584876975256e-18,True,series tail and order change; rounding and minimizer search are not enclosed
1099511627776,40,crossing_refinement,1.496953125,1.0224213850027286,96,8.81409458539366840076e-05,8.80361667524894839264e-05,8.79837414076401299516e-05,2.50027215468673402743e-01,6.46904490813175570805e-16,-1.05782463247042076381e-06,-1.05782405566424829056e-06,-1.05782463295655838323e-06,8.71677048800952922559e-11,-7.34657542911660822530e-14,4.46604614007882273013e-18,4.46472930767385785174e-18,4.46604614007882273013e-18,True,4.46472930767385785174e-18,True,series tail and order change; rounding and minimizer search are not enclosed
1099511627776,40,crossing_refinement,1.5350000000000001,1.0229912516326711,96,1.10832445489877597826e-04,1.10751145983144528846e-04,1.10669951820008627213e-04,2.50166930951157717722e-01,6.44463971367936676343e-16,-1.36481346859430138134e-06,-1.36481346747902326409e-06,-1.36481384499261744763e-06,1.68574147333090395134e-13,-5.68925581941185909917e-11,3.55146074997469042423e-18,3.55017531930682923082e-18,3.55146074997469042423e-18,True,3.55017531930682923082e-18,True,series tail and order change; rounding and minimizer search are not enclosed
1099511627776,40,crossing_refinement,1.5375,1.0230286966679036,96,1.12469494913549741323e-04,1.12389506889204530667e-04,1.12306009739579251944e-04,2.50176111572184944887e-01,6.44303899442639029752e-16,-1.38726293568017693461e-06,-1.38726296787997179416e-06,-1.38726332788081928597e-06,-4.86705539993355638772e-12,-5.92818141401513321472e-11,3.49982850259584965773e-18,3.49854508223672781198e-18,3.49982850259584965773e-18,True,3.49854508223672781198e-18,True,series tail and order change; rounding and minimizer search are not enclosed
1099511627776,40,crossing_refinement,1.5362500000000001,1.0230099741502874,96,1.11648626215880974609e-04,1.11567985613288437555e-04,1.11485647049754712503e-04,2.50171521259549611838e-01,6.44383930928176219149e-16,-1.37600123865739887080e-06,-1.37600125422042987794e-06,-1.37600162305897519592e-06,-2.35236479065574515227e-12,-5.81026108092420823258e-11,3.52552821034226970771e-18,3.52424378562478814530e-18,3.52552821034226970771e-18,True,3.52424378562478814530e-18,True,series tail and order change; rounding and minimizer search are not enclosed
1099511627776,40,crossing_refinement,1.535625,1.0230006128914793,96,1.11239950980139088040e-04,1.11158981720570215496e-04,1.11077217121115934132e-04,2.50169226104823227974e-01,6.44423950028724206477e-16,-1.37039813536404983757e-06,-1.37039814259364883711e-06,-1.37039851578983646739e-06,-1.09275637381674883822e-12,-5.75014884132392404423e-11,3.53846522373213258134e-18,3.53718029623872446364e-18,3.53846522373213258134e-18,True,3.53718029623872446364e-18,True,series tail and order change; rounding and minimizer search are not enclosed
1099511627776,40,crossing_refinement,1.5353125,1.0229959322620752,96,1.11036052157196976457e-04,1.10954917973367007023e-04,1.10873439031879800730e-04,2.50168078527857828952e-01,6.44443960418490564841e-16,-1.36760350023625933439e-06,-1.36760350329493088231e-06,-1.36760387865484892976e-06,-4.62318538046733322858e-13,-5.71980110877106026555e-11,3.54495565359337314195e-18,3.54367047456258347927e-18,3.54495565359337314195e-18,True,3.54367047456258347927e-18,True,series tail and order change; rounding and minimizer search are not enclosed
1099511627776,40,crossing_refinement,1.53515625,1.0229935919473732,96,1.10934212321625727060e-04,1.10852995526243149169e-04,1.10771659083737836183e-04,2.50167504739474522157e-01,6.44453965823252800959e-16,-1.36620790933215416438e-06,-1.36620791030422442124e-06,-1.36620828674225616836e-06,-1.46928411280779275165e-13,-5.70455337948482219532e-11,3.54820636606866001414e-18,3.54692106123179150098e-18,3.54820636606866001414e-18,True,3.54692106123179150098e-18,True,series tail and order change; rounding and minimizer search are not enclosed
1099511627776,40,crossing_refinement,1.535078125,1.0229924217900221,96,1.10883319782465890302e-04,1.10802061643891367393e-04,1.10720796368504043050e-04,2.50167217845307821023e-01,6.44458968578104459787e-16,-1.36551054523650549028e-06,-1.36551054516501590953e-06,-1.36551092214112872452e-06,1.08056453444103872394e-14,-5.69691085709594858134e-11,3.54983309879240713900e-18,3.54854773104315497369e-18,3.54983309879240713900e-18,True,3.54854773104315497369e-18,True,series tail and order change; rounding and minimizer search are not enclosed
